arrival_time_mean,arrival_time_std_dev,difference_to_target
360,1,110
360,2,110
360,3,110
360,4,110
360,5,110
360,6,110
360,7,110
360,8,110
360,9,110
360,10,110
360,11,110
360,12,110
360,13,110
360,14,110
360,15,110
360,16,110
360,17,110
360,18,110
360,19,110
360,20,110
360,21,110
360,22,110
360,23,110
360,24,110
360,25,110
360,26,110
360,27,110
360,28,110
360,29,110
360,30,110
360,31,110
360,32,110
360,33,110
360,34,110
360,35,110
360,36,110
360,37,110
360,38,110
360,39,110
360,40,109.99
360,41,110
360,42,109.97
360,43,109.99
360,44,110
360,45,109.99
360,46,109.99
360,47,109.97
360,48,109.92
360,49,109.94
360,50,109.87
360,51,109.85
360,52,109.96
360,53,109.8
360,54,109.76
360,55,109.56
360,56,109.6
360,57,109.54
360,58,109.39
360,59,109.35
360,60,109.22
360,61,109.19
360,62,108.87
360,63,108.82
360,64,108.57
360,65,108.19
360,66,108.33
360,67,107.87
360,68,107.66
360,69,107.42
360,70,107.3
360,71,106.67
360,72,106.49
360,73,106.14
360,74,105.59
360,75,105.65
360,76,105.1
360,77,104.8
360,78,104.15
360,79,103.6
360,80,103.58
360,81,102.49
360,82,102.41
360,83,102.06
360,84,100.91
360,85,100.98
360,86,100.6
360,87,99.83
360,88,99.27
360,89,98.33
360,90,97.87
360,91,96.99
360,92,96.27
360,93,95.91
360,94,95.27
360,95,94.44
360,96,93.41
360,97,92.6
360,98,92.87
360,99,91.81
360,100,91.05
360,101,90.92
360,102,89.36
360,103,89.14
360,104,88.07
360,105,86.76
360,106,86.76
360,107,85.52
360,108,84.41
360,109,83.4
360,110,82.95
360,111,82.37
360,112,80.93
360,113,81.15
360,114,79.52
360,115,78.2
360,116,78.44
360,117,77.3
360,118,77.12
360,119,75.92
360,120,74.25
360,121,74.16
360,122,73.67
360,123,71.62
360,124,72.06
360,125,70.92
360,126,70.44
360,127,68.36
360,128,67.84
360,129,67.47
360,130,66.78
360,131,65.03
360,132,65.21000000000001
360,133,63.33
360,134,62.74
360,135,62.85
360,136,61.86
360,137,62.4
360,138,59.6
360,139,58.73
360,140,58.09
360,141,57.62
360,142,56.3
360,143,55.96
360,144,54.87
360,145,53.43
360,146,52.76
360,147,53.82
360,148,52.13
360,149,51.83
360,150,51.56
360,151,47.71
360,152,48.36
360,153,46.98
360,154,47.58
360,155,46.84
360,156,45.120000000000005
360,157,46.11
360,158,44.3
360,159,44.150000000000006
360,160,43.66
360,161,41.75
360,162,41.56
360,163,41.11
360,164,38.97
360,165,39.09
360,166,36.989999999999995
360,167,37.53
360,168,38
360,169,35.010000000000005
360,170,35.120000000000005
360,171,34.81999999999999
360,172,34.31
360,173,31.950000000000003
360,174,32.599999999999994
360,175,31.950000000000003
360,176,32.519999999999996
360,177,30.489999999999995
360,178,29.959999999999994
360,179,30.11
360,180,28.36
361,1,110
361,2,110
361,3,110
361,4,110
361,5,110
361,6,110
361,7,110
361,8,110
361,9,110
361,10,110
361,11,110
361,12,110
361,13,110
361,14,110
361,15,110
361,16,110
361,17,110
361,18,110
361,19,110
361,20,110
361,21,110
361,22,110
361,23,110
361,24,110
361,25,110
361,26,110
361,27,110
361,28,110
361,29,110
361,30,110
361,31,110
361,32,110
361,33,110
361,34,110
361,35,110
361,36,110
361,37,110
361,38,110
361,39,110
361,40,110
361,41,110
361,42,110
361,43,110
361,44,109.99
361,45,109.96
361,46,109.9
361,47,109.99
361,48,109.95
361,49,109.9
361,50,109.95
361,51,109.87
361,52,109.92
361,53,109.78
361,54,109.77
361,55,109.6
361,56,109.72
361,57,109.61
361,58,109.42
361,59,109.28
361,60,109.02
361,61,109.05
361,62,109.2
361,63,108.79
361,64,108.56
361,65,108.26
361,66,108.15
361,67,107.87
361,68,107.56
361,69,107.46
361,70,107.3
361,71,106.44
361,72,106.18
361,73,105.87
361,74,105.87
361,75,104.72
361,76,105.4
361,77,104.5
361,78,103.91
361,79,103.79
361,80,103.22
361,81,102.49
361,82,102.09
361,83,101.52
361,84,101.38
361,85,100.76
361,86,100.07
361,87,99.47
361,88,98.73
361,89,98.1
361,90,97.77
361,91,96.42
361,92,96.43
361,93,95.27
361,94,94.81
361,95,94.01
361,96,92.87
361,97,93.51
361,98,91
361,99,91.24
361,100,90.61
361,101,89.16
361,102,89.53999999999999
361,103,88.73
361,104,86.91
361,105,86.28
361,106,85.77
361,107,85.93
361,108,84.38
361,109,83.02
361,110,82.35
361,111,81.16
361,112,79.78999999999999
361,113,79.99
361,114,78.86
361,115,77.59
361,116,77.58
361,117,76.00999999999999
361,118,75.35
361,119,74.92
361,120,73.42
361,121,72.93
361,122,72.85
361,123,71.14
361,124,69.13
361,125,70.58
361,126,70.18
361,127,68.78999999999999
361,128,67.11
361,129,66.8
361,130,66.56
361,131,64.72
361,132,63.91
361,133,63.19
361,134,62.85
361,135,61.04
361,136,60.45
361,137,59.56
361,138,58.99
361,139,58
361,140,58.07
361,141,56.48
361,142,55.82
361,143,54.69
361,144,55.53
361,145,54.54
361,146,53.36
361,147,51.9
361,148,51.29
361,149,50.71
361,150,49.74
361,151,47.43
361,152,47.82
361,153,45.43000000000001
361,154,44.989999999999995
361,155,45.739999999999995
361,156,45.400000000000006
361,157,44.81999999999999
361,158,42.41
361,159,42.790000000000006
361,160,42.480000000000004
361,161,41.67
361,162,39.870000000000005
361,163,39.31999999999999
361,164,38.78
361,165,38.260000000000005
361,166,38.290000000000006
361,167,36.14
361,168,35.39
361,169,35.17
361,170,35.379999999999995
361,171,34.33
361,172,31.870000000000005
361,173,31.189999999999998
361,174,32.17
361,175,30.75
361,176,31.180000000000007
361,177,29.159999999999997
361,178,29.569999999999993
361,179,29.989999999999995
361,180,26.659999999999997
362,1,110
362,2,110
362,3,110
362,4,110
362,5,110
362,6,110
362,7,110
362,8,110
362,9,110
362,10,110
362,11,110
362,12,110
362,13,110
362,14,110
362,15,110
362,16,110
362,17,110
362,18,110
362,19,110
362,20,110
362,21,110
362,22,110
362,23,110
362,24,110
362,25,110
362,26,110
362,27,110
362,28,110
362,29,110
362,30,110
362,31,110
362,32,110
362,33,110
362,34,110
362,35,110
362,36,110
362,37,110
362,38,110
362,39,110
362,40,110
362,41,110
362,42,110
362,43,109.98
362,44,109.96
362,45,109.96
362,46,109.97
362,47,109.93
362,48,109.9
362,49,109.9
362,50,109.92
362,51,109.89
362,52,109.85
362,53,109.83
362,54,109.69
362,55,109.65
362,56,109.68
362,57,109.47
362,58,109.47
362,59,109.28
362,60,109.22
362,61,108.91
362,62,108.7
362,63,108.65
362,64,108.48
362,65,108.55
362,66,108.13
362,67,107.76
362,68,107.55
362,69,107.38
362,70,107
362,71,106.52
362,72,106.35
362,73,105.88
362,74,106
362,75,105.25
362,76,104.48
362,77,104.21
362,78,103.46
362,79,103.44
362,80,103.14
362,81,101.92
362,82,102.4
362,83,101.64
362,84,100.16
362,85,100
362,86,99.93
362,87,98.91
362,88,98.37
362,89,97.3
362,90,97.45
362,91,95.7
362,92,95.27
362,93,95.34
362,94,95.4
362,95,93.56
362,96,92.95
362,97,92.91
362,98,91.65
362,99,90.42
362,100,90.52
362,101,88.86
362,102,88.28
362,103,87.59
362,104,87.01
362,105,86.25
362,106,86.3
362,107,84.57
362,108,84.6
362,109,82.08
362,110,82.28
362,111,81.61
362,112,80.93
362,113,78.99
362,114,78.2
362,115,78.36
362,116,77.63
362,117,75.24000000000001
362,118,74.38
362,119,74.17
362,120,73.85
362,121,72.33
362,122,71.06
362,123,70.72
362,124,70.18
362,125,69.92
362,126,69.00999999999999
362,127,68.13
362,128,67.44
362,129,65.22999999999999
362,130,65.95
362,131,64.27000000000001
362,132,65.05
362,133,62.85
362,134,61.06
362,135,60.87
362,136,61.12
362,137,60.25
362,138,57.87
362,139,58.24
362,140,56.81
362,141,56.97
362,142,55.66
362,143,55.23
362,144,53.19
362,145,54.84
362,146,52.42
362,147,51.58
362,148,51.11
362,149,48.88
362,150,49.09
362,151,48.8
362,152,47.04
362,153,46.45
362,154,45.2
362,155,45.56
362,156,44.61
362,157,44.31
362,158,42.94
362,159,42.2
362,160,41.78
362,161,39.790000000000006
362,162,40.83
362,163,39.129999999999995
362,164,39.22
362,165,38.269999999999996
362,166,36.89
362,167,36.129999999999995
362,168,34.45
362,169,34.33
362,170,34.33
362,171,34.06999999999999
362,172,31.67
362,173,31.989999999999995
362,174,30.480000000000004
362,175,30.83
362,176,30.930000000000007
362,177,29.299999999999997
362,178,29.730000000000004
362,179,28.459999999999994
362,180,26.069999999999993
363,1,110
363,2,110
363,3,110
363,4,110
363,5,110
363,6,110
363,7,110
363,8,110
363,9,110
363,10,110
363,11,110
363,12,110
363,13,110
363,14,110
363,15,110
363,16,110
363,17,110
363,18,110
363,19,110
363,20,110
363,21,110
363,22,110
363,23,110
363,24,110
363,25,110
363,26,110
363,27,110
363,28,110
363,29,110
363,30,110
363,31,110
363,32,110
363,33,110
363,34,110
363,35,110
363,36,110
363,37,110
363,38,110
363,39,109.99
363,40,110
363,41,110
363,42,109.97
363,43,109.99
363,44,110
363,45,109.96
363,46,109.94
363,47,109.93
363,48,109.9
363,49,109.94
363,50,109.87
363,51,109.87
363,52,109.75
363,53,109.69
363,54,109.69
363,55,109.73
363,56,109.57
363,57,109.44
363,58,109.44
363,59,109.22
363,60,108.94
363,61,109.14
363,62,108.51
363,63,108.56
363,64,108.45
363,65,108.18
363,66,107.98
363,67,107.93
363,68,107.15
363,69,107.29
363,70,106.92
363,71,106.08
363,72,106.23
363,73,105.63
363,74,105.46
363,75,104.47
363,76,104.31
363,77,103.9
363,78,103.81
363,79,102.85
363,80,102.57
363,81,102.03
363,82,101.22
363,83,101.4
363,84,100.11
363,85,99.95
363,86,99.16
363,87,98.73
363,88,97.51
363,89,97.03
363,90,97.03
363,91,96.05
363,92,94.72
363,93,95.6
363,94,94.03999999999999
363,95,93.88
363,96,92.16
363,97,91.89
363,98,91
363,99,90.25
363,100,89.47
363,101,89.37
363,102,87.21000000000001
363,103,88.18
363,104,86.5
363,105,86.39
363,106,85.15
363,107,84.6
363,108,82.17
363,109,82.03
363,110,80.59
363,111,81.42
363,112,79.93
363,113,79.05
363,114,76.85
363,115,77.8
363,116,77.1
363,117,75.53999999999999
363,118,74.66
363,119,73.99000000000001
363,120,73.78
363,121,72.3
363,122,72.47999999999999
363,123,70.77000000000001
363,124,69.25999999999999
363,125,68.89
363,126,67.72
363,127,67.25999999999999
363,128,65.78999999999999
363,129,64.47999999999999
363,130,64.28
363,131,63.68
363,132,62.65
363,133,61.34
363,134,61.52
363,135,60.88
363,136,60.53
363,137,58.33
363,138,58.36
363,139,55.85
363,140,54.55
363,141,56.38
363,142,54.72
363,143,54.45
363,144,54.17
363,145,52.34
363,146,52.05
363,147,51.54
363,148,48.82
363,149,49.07
363,150,48.27
363,151,47.84
363,152,46.01
363,153,46.33
363,154,46.32
363,155,44.86
363,156,44.95
363,157,41.47
363,158,41.81999999999999
363,159,39.790000000000006
363,160,39.959999999999994
363,161,39.83
363,162,38.870000000000005
363,163,38.129999999999995
363,164,37.760000000000005
363,165,38.16
363,166,36.150000000000006
363,167,36.06999999999999
363,168,35.18000000000001
363,169,34.03
363,170,32.39
363,171,33.58
363,172,30.310000000000002
363,173,31.450000000000003
363,174,30.549999999999997
363,175,29.92
363,176,27.819999999999993
363,177,29.989999999999995
363,178,27.819999999999993
363,179,28.17
363,180,25.17
364,1,110
364,2,110
364,3,110
364,4,110
364,5,110
364,6,110
364,7,110
364,8,110
364,9,110
364,10,110
364,11,110
364,12,110
364,13,110
364,14,110
364,15,110
364,16,110
364,17,110
364,18,110
364,19,110
364,20,110
364,21,110
364,22,110
364,23,110
364,24,110
364,25,110
364,26,110
364,27,110
364,28,110
364,29,110
364,30,110
364,31,110
364,32,110
364,33,110
364,34,110
364,35,110
364,36,110
364,37,109.98
364,38,110
364,39,110
364,40,110
364,41,109.99
364,42,109.99
364,43,109.97
364,44,109.97
364,45,109.98
364,46,109.95
364,47,109.97
364,48,109.93
364,49,109.92
364,50,109.88
364,51,109.8
364,52,109.79
364,53,109.85
364,54,109.6
364,55,109.62
364,56,109.43
364,57,109.31
364,58,109.3
364,59,109.1
364,60,109.05
364,61,108.87
364,62,108.6
364,63,108.46
364,64,108.31
364,65,108.16
364,66,107.69
364,67,107.49
364,68,107.3
364,69,107.4
364,70,106.55
364,71,106.23
364,72,105.86
364,73,105.34
364,74,105.27
364,75,104.72
364,76,104.27
364,77,103.9
364,78,103.41
364,79,103.02
364,80,102.69
364,81,101.86
364,82,101.49
364,83,100.97
364,84,99.84
364,85,99.51
364,86,98.87
364,87,98.95
364,88,97.15
364,89,97.16
364,90,96.51
364,91,96.75
364,92,95.26
364,93,93.65
364,94,93.56
364,95,92.09
364,96,92.13
364,97,90.17
364,98,90.71000000000001
364,99,89.26
364,100,88.49
364,101,88.11
364,102,88.13
364,103,87.43
364,104,85.77
364,105,85.03999999999999
364,106,84.28
364,107,84.01
364,108,82.87
364,109,81.85
364,110,81.32
364,111,79.45
364,112,79.53999999999999
364,113,78.81
364,114,77.78
364,115,75.82
364,116,76.28999999999999
364,117,75.44
364,118,75.47999999999999
364,119,72.72999999999999
364,120,72.18
364,121,71.62
364,122,71.36
364,123,69.35
364,124,68.65
364,125,69.02000000000001
364,126,67.08
364,127,65.08
364,128,65.6
364,129,65.34
364,130,64.19
364,131,63.77
364,132,62.19
364,133,60.82
364,134,60.92
364,135,59.52
364,136,59.4
364,137,58.4
364,138,57.81
364,139,56.21
364,140,55.83
364,141,54.58
364,142,53.52
364,143,53.24
364,144,52.63
364,145,50.94
364,146,50.49
364,147,50.93
364,148,49.86
364,149,47.74
364,150,47.39
364,151,46.56
364,152,46.1
364,153,46.44
364,154,45.16
364,155,42.8
364,156,43.31
364,157,42.95
364,158,41.58
364,159,39.58
364,160,39.11
364,161,38.629999999999995
364,162,38.47
364,163,37.31
364,164,37.06
364,165,35.81
364,166,34.81
364,167,34.94
364,168,34.72
364,169,33.870000000000005
364,170,33.22
364,171,31.150000000000006
364,172,31.340000000000003
364,173,31.689999999999998
364,174,30.799999999999997
364,175,29.200000000000003
364,176,28.159999999999997
364,177,29.310000000000002
364,178,27.049999999999997
364,179,26.849999999999994
364,180,27.53
365,1,110
365,2,110
365,3,110
365,4,110
365,5,110
365,6,110
365,7,110
365,8,110
365,9,110
365,10,110
365,11,110
365,12,110
365,13,110
365,14,110
365,15,110
365,16,110
365,17,110
365,18,110
365,19,110
365,20,110
365,21,110
365,22,110
365,23,110
365,24,110
365,25,110
365,26,110
365,27,110
365,28,110
365,29,110
365,30,110
365,31,110
365,32,110
365,33,110
365,34,110
365,35,110
365,36,110
365,37,110
365,38,110
365,39,110
365,40,109.99
365,41,109.98
365,42,110
365,43,109.99
365,44,110
365,45,109.96
365,46,109.98
365,47,109.94
365,48,109.9
365,49,109.88
365,50,109.81
365,51,109.8
365,52,109.77
365,53,109.73
365,54,109.51
365,55,109.52
365,56,109.59
365,57,109.48
365,58,109.36
365,59,109.13
365,60,109.06
365,61,108.8
365,62,108.6
365,63,108.57
365,64,108.33
365,65,108.05
365,66,107.62
365,67,107.48
365,68,106.85
365,69,106.82
365,70,106.68
365,71,106.35
365,72,105.77
365,73,105.39
365,74,105.13
365,75,105.03
365,76,104.03
365,77,103.55
365,78,103.29
365,79,102.71
365,80,102.86
365,81,101.43
365,82,100.89
365,83,100.53
365,84,99.92
365,85,99.17
365,86,98.68
365,87,97.7
365,88,96.3
365,89,96.19
365,90,96.18
365,91,95.32
365,92,94.66
365,93,94.2
365,94,94.06
365,95,92.5
365,96,91.66
365,97,91.28999999999999
365,98,90.73
365,99,89.76
365,100,87.8
365,101,88.14
365,102,86.86
365,103,86.81
365,104,85.49
365,105,84.63
365,106,84.59
365,107,82.57
365,108,81.69
365,109,82.26
365,110,79.69
365,111,78.84
365,112,78.44
365,113,77.74000000000001
365,114,75.84
365,115,76.25
365,116,74.99000000000001
365,117,75.07
365,118,73.34
365,119,72.72
365,120,72.21000000000001
365,121,70.24000000000001
365,122,70.15
365,123,68.85
365,124,68
365,125,67.9
365,126,67.17
365,127,65.59
365,128,63.55
365,129,64.15
365,130,63.53
365,131,63.78
365,132,61.84
365,133,60.44
365,134,60.17
365,135,59
365,136,59.69
365,137,57.73
365,138,56.64
365,139,56.67
365,140,55.14
365,141,53.86
365,142,53
365,143,51.4
365,144,51.18
365,145,50.89
365,146,50.83
365,147,48.52
365,148,49.21
365,149,47.44
365,150,46.76
365,151,45.44
365,152,45.08
365,153,43.72
365,154,44.03
365,155,42.39
365,156,43.209999999999994
365,157,41.790000000000006
365,158,41.39
365,159,39.290000000000006
365,160,39.870000000000005
365,161,38.010000000000005
365,162,38.45
365,163,38.22
365,164,34.42
365,165,35.42
365,166,34.86
365,167,33.230000000000004
365,168,33.489999999999995
365,169,32.09
365,170,30.689999999999998
365,171,31.260000000000005
365,172,29.450000000000003
365,173,29.67
365,174,28.040000000000006
365,175,28.67
365,176,28.83
365,177,26.47
365,178,24.64
365,179,25.22
365,180,24.349999999999994
366,1,110
366,2,110
366,3,110
366,4,110
366,5,110
366,6,110
366,7,110
366,8,110
366,9,110
366,10,110
366,11,110
366,12,110
366,13,110
366,14,110
366,15,110
366,16,110
366,17,110
366,18,110
366,19,110
366,20,110
366,21,110
366,22,110
366,23,110
366,24,110
366,25,110
366,26,110
366,27,110
366,28,110
366,29,110
366,30,110
366,31,110
366,32,110
366,33,110
366,34,110
366,35,110
366,36,110
366,37,110
366,38,110
366,39,110
366,40,110
366,41,110
366,42,109.99
366,43,109.97
366,44,110
366,45,109.97
366,46,109.95
366,47,109.92
366,48,109.93
366,49,109.88
366,50,109.89
366,51,109.88
366,52,109.78
366,53,109.79
366,54,109.45
366,55,109.42
366,56,109.63
366,57,109.42
366,58,109.29
366,59,109.09
366,60,108.74
366,61,108.81
366,62,108.84
366,63,108.41
366,64,108.12
366,65,107.77
366,66,107.65
366,67,107.41
366,68,106.8
366,69,106.85
366,70,106.53
366,71,106.11
366,72,105.67
366,73,105.39
366,74,104.98
366,75,104.21
366,76,103.86
366,77,103.65
366,78,103.13
366,79,102.26
366,80,102.11
366,81,101
366,82,100.4
366,83,100.44
366,84,100.18
366,85,99.27
366,86,97.85
366,87,98.33
366,88,97.17
366,89,96.39
366,90,95.96000000000001
366,91,94.71000000000001
366,92,94.71000000000001
366,93,93.68
366,94,93.06
366,95,92.98
366,96,90.97
366,97,90.86
366,98,89.92
366,99,89.19
366,100,88.17
366,101,87.47
366,102,86.97
366,103,85.44
366,104,83.97
366,105,84.7
366,106,84.23
366,107,82.42
366,108,81.75
366,109,80.88
366,110,79.81
366,111,79.13
366,112,78.42
366,113,77.11
366,114,76.36
366,115,75.61
366,116,73.75
366,117,74.24000000000001
366,118,72.85
366,119,72.94
366,120,72.18
366,121,71.97999999999999
366,122,70.11
366,123,70.28
366,124,67.99000000000001
366,125,67.57
366,126,65.74000000000001
366,127,65.34
366,128,65.44
366,129,62.2
366,130,61.34
366,131,60.42
366,132,60.37
366,133,60.77
366,134,59.94
366,135,58.29
366,136,57.17
366,137,57.3
366,138,54.77
366,139,54.36
366,140,54.51
366,141,51.81
366,142,53.28
366,143,52.35
366,144,49.52
366,145,50.08
366,146,48.38
366,147,49.83
366,148,46.29
366,149,46.13
366,150,46.41
366,151,44.22
366,152,44.53
366,153,44.480000000000004
366,154,42.66
366,155,42.58
366,156,41.08
366,157,41.349999999999994
366,158,39.66
366,159,40.540000000000006
366,160,37.31999999999999
366,161,36.14
366,162,37.06
366,163,36.010000000000005
366,164,35.7
366,165,35.230000000000004
366,166,33.28
366,167,33.44
366,168,34.099999999999994
366,169,32.08
366,170,30.560000000000002
366,171,29.409999999999997
366,172,29.25
366,173,29.849999999999994
366,174,27.980000000000004
366,175,28.769999999999996
366,176,27.200000000000003
366,177,26.510000000000005
366,178,26.840000000000003
366,179,24.349999999999994
366,180,24.209999999999994
367,1,110
367,2,110
367,3,110
367,4,110
367,5,110
367,6,110
367,7,110
367,8,110
367,9,110
367,10,110
367,11,110
367,12,110
367,13,110
367,14,110
367,15,110
367,16,110
367,17,110
367,18,110
367,19,110
367,20,110
367,21,110
367,22,110
367,23,110
367,24,110
367,25,110
367,26,110
367,27,110
367,28,110
367,29,110
367,30,110
367,31,110
367,32,110
367,33,110
367,34,110
367,35,110
367,36,110
367,37,110
367,38,110
367,39,110
367,40,109.99
367,41,110
367,42,109.99
367,43,109.99
367,44,109.95
367,45,109.96
367,46,109.95
367,47,109.9
367,48,109.95
367,49,109.85
367,50,109.82
367,51,109.75
367,52,109.81
367,53,109.68
367,54,109.63
367,55,109.38
367,56,109.38
367,57,109.23
367,58,109.18
367,59,108.84
367,60,108.95
367,61,108.79
367,62,108.3
367,63,108.29
367,64,107.89
367,65,107.8
367,66,107.64
367,67,107.25
367,68,107.12
367,69,106.94
367,70,106.36
367,71,105.94
367,72,105.14
367,73,105.22
367,74,104.24
367,75,104.42
367,76,103.92
367,77,103.29
367,78,102.42
367,79,102.67
367,80,101.53
367,81,101.27
367,82,100.36
367,83,100.11
367,84,99.46000000000001
367,85,99.28999999999999
367,86,97.77
367,87,97.33
367,88,96.96000000000001
367,89,96.67
367,90,95.36
367,91,94.71000000000001
367,92,93.78
367,93,93.87
367,94,92.16
367,95,90.16
367,96,91.15
367,97,89.89
367,98,89.53999999999999
367,99,88.44
367,100,87.08
367,101,86.53999999999999
367,102,85.35
367,103,86.01
367,104,83.46000000000001
367,105,82.66
367,106,83.06
367,107,81.18
367,108,82.24
367,109,80.07
367,110,79.33
367,111,79.28
367,112,78.85
367,113,76.35
367,114,75.69
367,115,75.72999999999999
367,116,75.49000000000001
367,117,72.57
367,118,71.50999999999999
367,119,71.02000000000001
367,120,69.71000000000001
367,121,69.16
367,122,69.27000000000001
367,123,68.38
367,124,66.71000000000001
367,125,66.27000000000001
367,126,65.08
367,127,64.37
367,128,62.93
367,129,63.24
367,130,62.76
367,131,61.61
367,132,60.51
367,133,59.01
367,134,59.48
367,135,57.05
367,136,57.02
367,137,56.17
367,138,56.79
367,139,53.52
367,140,52.63
367,141,52.9
367,142,51.79
367,143,51.38
367,144,50.29
367,145,49.75
367,146,48.68
367,147,47.82
367,148,48.56
367,149,46.26
367,150,45.11
367,151,44.44
367,152,44.56999999999999
367,153,43.44
367,154,42.870000000000005
367,155,41.900000000000006
367,156,40.769999999999996
367,157,41.83
367,158,38.81
367,159,39.06
367,160,38.459999999999994
367,161,36.25
367,162,35.68000000000001
367,163,35.2
367,164,33.69
367,165,34.25
367,166,32.81999999999999
367,167,31.58
367,168,31.230000000000004
367,169,31.08
367,170,30.189999999999998
367,171,31.28
367,172,30.310000000000002
367,173,28.03
367,174,27.61
367,175,27.599999999999994
367,176,27.310000000000002
367,177,26.14
367,178,23.560000000000002
367,179,24.67
367,180,24.340000000000003
368,1,110
368,2,110
368,3,110
368,4,110
368,5,110
368,6,110
368,7,110
368,8,110
368,9,110
368,10,110
368,11,110
368,12,110
368,13,110
368,14,110
368,15,110
368,16,110
368,17,110
368,18,110
368,19,110
368,20,110
368,21,110
368,22,110
368,23,110
368,24,110
368,25,110
368,26,110
368,27,110
368,28,110
368,29,110
368,30,110
368,31,110
368,32,110
368,33,110
368,34,110
368,35,110
368,36,110
368,37,110
368,38,110
368,39,109.99
368,40,110
368,41,109.99
368,42,109.99
368,43,109.99
368,44,109.94
368,45,109.96
368,46,109.95
368,47,109.93
368,48,109.88
368,49,109.84
368,50,109.79
368,51,109.75
368,52,109.81
368,53,109.65
368,54,109.58
368,55,109.5
368,56,109.37
368,57,109.41
368,58,109.15
368,59,109.09
368,60,108.95
368,61,108.57
368,62,108.38
368,63,108.36
368,64,107.89
368,65,107.77
368,66,107.47
368,67,107.31
368,68,107.2
368,69,106.74
368,70,106.24
368,71,105.86
368,72,105.12
368,73,104.66
368,74,104.83
368,75,104.29
368,76,103.28
368,77,103.24
368,78,102.4
368,79,102.01
368,80,101.28999999999999
368,81,100.81
368,82,100.3
368,83,99.99
368,84,99.03999999999999
368,85,98.01
368,86,97.28
368,87,97.36
368,88,95.73
368,89,96.34
368,90,94.3
368,91,94.27
368,92,93.69
368,93,91.78
368,94,91.95
368,95,90.87
368,96,90.15
368,97,88.84
368,98,88.2
368,99,88.72
368,100,87.49
368,101,85.34
368,102,86
368,103,84.39
368,104,84.16
368,105,82.87
368,106,82.15
368,107,81.74
368,108,80.85
368,109,78.71000000000001
368,110,78.52
368,111,78.05
368,112,77.25
368,113,76.61
368,114,76.22
368,115,74.87
368,116,73.2
368,117,71.58
368,118,71.88
368,119,70.38
368,120,69.38
368,121,69.41
368,122,68.28999999999999
368,123,66.99000000000001
368,124,66.95
368,125,65.46000000000001
368,126,64.31
368,127,63.72
368,128,64.32
368,129,61.62
368,130,60.8
368,131,61.08
368,132,60.4
368,133,58.01
368,134,57.29
368,135,56.85
368,136,55.41
368,137,56.14
368,138,53.68
368,139,51.9
368,140,54.12
368,141,52.75
368,142,50.83
368,143,50.61
368,144,49.41
368,145,48.65
368,146,47.87
368,147,47.92
368,148,47.01
368,149,44.03
368,150,44.67
368,151,43.05
368,152,43.900000000000006
368,153,42.519999999999996
368,154,41.42
368,155,41.66
368,156,39.379999999999995
368,157,39.94
368,158,38.269999999999996
368,159,37.739999999999995
368,160,38.099999999999994
368,161,36.06
368,162,35.519999999999996
368,163,34.480000000000004
368,164,33.16
368,165,32.53
368,166,32.620000000000005
368,167,31.28
368,168,30.78
368,169,29.36
368,170,29.72
368,171,28.790000000000006
368,172,27.310000000000002
368,173,27.260000000000005
368,174,25.319999999999993
368,175,25.269999999999996
368,176,25.89
368,177,23.879999999999995
368,178,24.47
368,179,23.299999999999997
368,180,21.989999999999995
369,1,110
369,2,110
369,3,110
369,4,110
369,5,110
369,6,110
369,7,110
369,8,110
369,9,110
369,10,110
369,11,110
369,12,110
369,13,110
369,14,110
369,15,110
369,16,110
369,17,110
369,18,110
369,19,110
369,20,110
369,21,110
369,22,110
369,23,110
369,24,110
369,25,110
369,26,110
369,27,110
369,28,110
369,29,110
369,30,110
369,31,110
369,32,110
369,33,110
369,34,110
369,35,110
369,36,110
369,37,109.99
369,38,109.99
369,39,110
369,40,110
369,41,109.99
369,42,109.97
369,43,109.98
369,44,110
369,45,109.96
369,46,109.93
369,47,109.95
369,48,109.86
369,49,109.86
369,50,109.78
369,51,109.79
369,52,109.76
369,53,109.58
369,54,109.54
369,55,109.51
369,56,109.4
369,57,109.21
369,58,109.18
369,59,108.98
369,60,108.84
369,61,108.49
369,62,108.33
369,63,108.15
369,64,107.98
369,65,107.62
369,66,107.26
369,67,106.64
369,68,106.78
369,69,106.61
369,70,106.05
369,71,105.76
369,72,105.16
369,73,104.78
369,74,104.19
369,75,103.97
369,76,103.39
369,77,102.98
369,78,102.67
369,79,101.77
369,80,101.44
369,81,100.01
369,82,100.12
369,83,98.51
369,84,98.27
369,85,98.01
369,86,97.45
369,87,96.72
369,88,96.21000000000001
369,89,94.67
369,90,94.86
369,91,93.96000000000001
369,92,93.03
369,93,92.53
369,94,90.9
369,95,90.2
369,96,89.65
369,97,89.27
369,98,88.71000000000001
369,99,86.86
369,100,87.06
369,101,85.6
369,102,85.25
369,103,83.77
369,104,83.89
369,105,82.58
369,106,82.01
369,107,81.58
369,108,81
369,109,78.75
369,110,77.69
369,111,77.21000000000001
369,112,76.45
369,113,75.91
369,114,74.74000000000001
369,115,73.86
369,116,73.93
369,117,72.57
369,118,70.61
369,119,70.36
369,120,69.86
369,121,68.17
369,122,67.11
369,123,66.18
369,124,66.58
369,125,64.93
369,126,64.46000000000001
369,127,63.63
369,128,62.6
369,129,61.31
369,130,62.14
369,131,59.64
369,132,59.16
369,133,57.72
369,134,58.05
369,135,55.22
369,136,56.53
369,137,54.5
369,138,53.77
369,139,53.16
369,140,52.42
369,141,50.41
369,142,51.12
369,143,49.21
369,144,48.27
369,145,46.42
369,146,46.89
369,147,46.89
369,148,45.349999999999994
369,149,43.510000000000005
369,150,44.400000000000006
369,151,43.31999999999999
369,152,43.05
369,153,42.17
369,154,40.39
369,155,39.41
369,156,38.379999999999995
369,157,38.61
369,158,37.67
369,159,36.709999999999994
369,160,36.2
369,161,34.39
369,162,36.260000000000005
369,163,33.91
369,164,32.629999999999995
369,165,33.33
369,166,33.349999999999994
369,167,31.840000000000003
369,168,30.08
369,169,28.53
369,170,29.909999999999997
369,171,28.730000000000004
369,172,27.260000000000005
369,173,26.61
369,174,25.239999999999995
369,175,26.33
369,176,25.78
369,177,24.180000000000007
369,178,22.959999999999994
369,179,22.67
369,180,23.769999999999996
370,1,110
370,2,110
370,3,110
370,4,110
370,5,110
370,6,110
370,7,110
370,8,110
370,9,110
370,10,110
370,11,110
370,12,110
370,13,110
370,14,110
370,15,110
370,16,110
370,17,110
370,18,110
370,19,110
370,20,110
370,21,110
370,22,110
370,23,110
370,24,110
370,25,110
370,26,110
370,27,110
370,28,110
370,29,110
370,30,110
370,31,110
370,32,110
370,33,110
370,34,110
370,35,110
370,36,109.99
370,37,110
370,38,110
370,39,110
370,40,109.99
370,41,110
370,42,109.99
370,43,109.97
370,44,109.95
370,45,109.96
370,46,109.88
370,47,109.85
370,48,109.86
370,49,109.8
370,50,109.84
370,51,109.72
370,52,109.78
370,53,109.66
370,54,109.51
370,55,109.36
370,56,109.24
370,57,109.07
370,58,108.86
370,59,108.94
370,60,108.8
370,61,108.55
370,62,108.13
370,63,108.04
370,64,107.75
370,65,107.32
370,66,107.07
370,67,106.99
370,68,106.33
370,69,106.44
370,70,105.87
370,71,105.39
370,72,104.84
370,73,104.97
370,74,104.43
370,75,104.13
370,76,102.82
370,77,102.63
370,78,101.95
370,79,101.48
370,80,100.73
370,81,100.08
370,82,100.31
370,83,98.85
370,84,98.21000000000001
370,85,97.85
370,86,96.78
370,87,96.15
370,88,95.44
370,89,95.2
370,90,93.98
370,91,92.95
370,92,92.44
370,93,91.55
370,94,91.94
370,95,91.14
370,96,89.89
370,97,88.46000000000001
370,98,87.86
370,99,86.98
370,100,86.41
370,101,85.19
370,102,84.22
370,103,83.67
370,104,82.19
370,105,82.15
370,106,81.26
370,107,79.8
370,108,79.78
370,109,78.56
370,110,78.01
370,111,77.45
370,112,76.36
370,113,75.32
370,114,73.94
370,115,72.82
370,116,73.28
370,117,71.41
370,118,70.28999999999999
370,119,69.50999999999999
370,120,68.49000000000001
370,121,69.07
370,122,67.00999999999999
370,123,65.72
370,124,64.99000000000001
370,125,64.45
370,126,63.29
370,127,63.56
370,128,62.6
370,129,60.74
370,130,60.39
370,131,59.76
370,132,58.56
370,133,57.66
370,134,56.8
370,135,56.05
370,136,54.94
370,137,55.07
370,138,54.45
370,139,50.67
370,140,50.75
370,141,50
370,142,49.79
370,143,48.57
370,144,47.96
370,145,46.39
370,146,46.87
370,147,47.3
370,148,43.19
370,149,44.599999999999994
370,150,43.89
370,151,42.379999999999995
370,152,42.47
370,153,41.260000000000005
370,154,41.239999999999995
370,155,40.209999999999994
370,156,37.870000000000005
370,157,38.08
370,158,36.34
370,159,36.44
370,160,37.31999999999999
370,161,34.3
370,162,32.489999999999995
370,163,34.44
370,164,33.06
370,165,32.099999999999994
370,166,31.760000000000005
370,167,31.83
370,168,30.010000000000005
370,169,28.680000000000007
370,170,29.58
370,171,28.099999999999994
370,172,26.590000000000003
370,173,25.620000000000005
370,174,26.33
370,175,24.840000000000003
370,176,23.14
370,177,22.75
370,178,23.620000000000005
370,179,23.099999999999994
370,180,22.900000000000006
371,1,110
371,2,110
371,3,110
371,4,110
371,5,110
371,6,110
371,7,110
371,8,110
371,9,110
371,10,110
371,11,110
371,12,110
371,13,110
371,14,110
371,15,110
371,16,110
371,17,110
371,18,110
371,19,110
371,20,110
371,21,110
371,22,110
371,23,110
371,24,110
371,25,110
371,26,110
371,27,110
371,28,110
371,29,110
371,30,110
371,31,110
371,32,110
371,33,110
371,34,110
371,35,110
371,36,110
371,37,110
371,38,109.99
371,39,110
371,40,109.99
371,41,109.98
371,42,109.99
371,43,109.98
371,44,109.93
371,45,109.94
371,46,109.92
371,47,109.86
371,48,109.9
371,49,109.78
371,50,109.79
371,51,109.62
371,52,109.6
371,53,109.56
371,54,109.57
371,55,109.49
371,56,109.29
371,57,109.25
371,58,108.97
371,59,108.57
371,60,108.59
371,61,108.48
371,62,108.29
371,63,107.86
371,64,107.83
371,65,107.47
371,66,107.07
371,67,106.8
371,68,106.31
371,69,105.74
371,70,105.49
371,71,105.45
371,72,104.95
371,73,104.32
371,74,103.9
371,75,103.08
371,76,102.98
371,77,102.05
371,78,101.6
371,79,101.02
371,80,99.96000000000001
371,81,99.81
371,82,99.06
371,83,99.11
371,84,97.58
371,85,97.71000000000001
371,86,96.15
371,87,95.96000000000001
371,88,95.3
371,89,94.63
371,90,93.96000000000001
371,91,92.64
371,92,91.89
371,93,91.09
371,94,91.28
371,95,90.28
371,96,88.62
371,97,88.07
371,98,86.99
371,99,86.82
371,100,86.09
371,101,84.31
371,102,84.35
371,103,82.73
371,104,82.23
371,105,81.61
371,106,80.28999999999999
371,107,79.88
371,108,78.99
371,109,77.91
371,110,76.5
371,111,75.64
371,112,75.75999999999999
371,113,73.44
371,114,73.31
371,115,73.03
371,116,71.08
371,117,71.07
371,118,70.14
371,119,69.39
371,120,67.03999999999999
371,121,68.18
371,122,65.75999999999999
371,123,66.08
371,124,63.33
371,125,63.82
371,126,62.89
371,127,62.01
371,128,61.96
371,129,60.26
371,130,59.97
371,131,58.95
371,132,56.88
371,133,56.88
371,134,57.12
371,135,55.37
371,136,54.95
371,137,53.51
371,138,52.86
371,139,51.55
371,140,51.27
371,141,50.04
371,142,47.61
371,143,46.6
371,144,48.26
371,145,46.66
371,146,44.84
371,147,45.36
371,148,45.97
371,149,45.22
371,150,43
371,151,42.43000000000001
371,152,40.78
371,153,40.28
371,154,38.739999999999995
371,155,37.97
371,156,37.900000000000006
371,157,35.43000000000001
371,158,37.269999999999996
371,159,36.81999999999999
371,160,34.83
371,161,34.989999999999995
371,162,33.14
371,163,32.14
371,164,33.129999999999995
371,165,30.299999999999997
371,166,29.629999999999995
371,167,30.200000000000003
371,168,28.760000000000005
371,169,27.17
371,170,27.17
371,171,28.47
371,172,25.72
371,173,23.810000000000002
371,174,25.61
371,175,24.230000000000004
371,176,22.03
371,177,23.799999999999997
371,178,21.189999999999998
371,179,21.11
371,180,20.75
372,1,110
372,2,110
372,3,110
372,4,110
372,5,110
372,6,110
372,7,110
372,8,110
372,9,110
372,10,110
372,11,110
372,12,110
372,13,110
372,14,110
372,15,110
372,16,110
372,17,110
372,18,110
372,19,110
372,20,110
372,21,110
372,22,110
372,23,110
372,24,110
372,25,110
372,26,110
372,27,110
372,28,110
372,29,110
372,30,110
372,31,110
372,32,110
372,33,110
372,34,110
372,35,110
372,36,110
372,37,110
372,38,110
372,39,109.99
372,40,110
372,41,109.99
372,42,109.97
372,43,109.97
372,44,109.96
372,45,109.93
372,46,109.92
372,47,109.89
372,48,109.81
372,49,109.83
372,50,109.75
372,51,109.66
372,52,109.68
372,53,109.58
372,54,109.49
372,55,109.33
372,56,109.17
372,57,109.21
372,58,108.77
372,59,108.62
372,60,108.57
372,61,108.33
372,62,107.95
372,63,108.04
372,64,107.49
372,65,106.97
372,66,107.09
372,67,106.58
372,68,106.74
372,69,105.8
372,70,105.48
372,71,105.27
372,72,104.38
372,73,104.29
372,74,103.72
372,75,102.67
372,76,102.81
372,77,102.11
372,78,101.61
372,79,101.47
372,80,100.42
372,81,99.48
372,82,98.44
372,83,98.51
372,84,97.19
372,85,97.26
372,86,95.85
372,87,95.72
372,88,94.69
372,89,94.49
372,90,93.57
372,91,92.37
372,92,91.9
372,93,91.37
372,94,90.68
372,95,89.93
372,96,88.49
372,97,87.5
372,98,86.7
372,99,85.85
372,100,84.85
372,101,84.82
372,102,82.97
372,103,82.14
372,104,82.64
372,105,80.31
372,106,80.32
372,107,78.84
372,108,78.03
372,109,78.01
372,110,76.14
372,111,75.3
372,112,75.21000000000001
372,113,73.58
372,114,72.78999999999999
372,115,72.41
372,116,70.78
372,117,70.33
372,118,69.00999999999999
372,119,68.45
372,120,68.14
372,121,66.3
372,122,66.93
372,123,64.95
372,124,63.98
372,125,63.59
372,126,62.34
372,127,61.09
372,128,60.92
372,129,60.08
372,130,59.47
372,131,58.7
372,132,56.08
372,133,55.66
372,134,54.23
372,135,54.68
372,136,52.63
372,137,52.16
372,138,53.39
372,139,49.58
372,140,49.26
372,141,49.06
372,142,47.57
372,143,47.39
372,144,46.59
372,145,47.13
372,146,44.89
372,147,43.84
372,148,43.11
372,149,43.540000000000006
372,150,41.739999999999995
372,151,41.040000000000006
372,152,39.36
372,153,37.629999999999995
372,154,37.769999999999996
372,155,38.66
372,156,36.120000000000005
372,157,37.099999999999994
372,158,33.47
372,159,34.81
372,160,33.040000000000006
372,161,33.510000000000005
372,162,34.010000000000005
372,163,31.72
372,164,31.409999999999997
372,165,31.040000000000006
372,166,30.33
372,167,29.42
372,168,28.25
372,169,27.92
372,170,27.069999999999993
372,171,27.17
372,172,22.67
372,173,25.019999999999996
372,174,23.590000000000003
372,175,21.739999999999995
372,176,20.510000000000005
372,177,21.299999999999997
372,178,20.799999999999997
372,179,19.799999999999997
372,180,20.599999999999994
373,1,110
373,2,110
373,3,110
373,4,110
373,5,110
373,6,110
373,7,110
373,8,110
373,9,110
373,10,110
373,11,110
373,12,110
373,13,110
373,14,110
373,15,110
373,16,110
373,17,110
373,18,110
373,19,110
373,20,110
373,21,110
373,22,110
373,23,110
373,24,110
373,25,110
373,26,110
373,27,110
373,28,110
373,29,110
373,30,110
373,31,110
373,32,110
373,33,110
373,34,110
373,35,110
373,36,110
373,37,110
373,38,110
373,39,109.99
373,40,109.97
373,41,109.96
373,42,109.97
373,43,109.98
373,44,109.98
373,45,109.94
373,46,109.93
373,47,109.86
373,48,109.89
373,49,109.83
373,50,109.72
373,51,109.74
373,52,109.62
373,53,109.44
373,54,109.46
373,55,109.48
373,56,109.2
373,57,108.76
373,58,108.89
373,59,108.77
373,60,108.29
373,61,108.39
373,62,107.88
373,63,107.67
373,64,107.57
373,65,107.12
373,66,106.83
373,67,106.17
373,68,106.04
373,69,105.86
373,70,105.12
373,71,105.24
373,72,104.23
373,73,104.19
373,74,103.14
373,75,102.86
373,76,102.11
373,77,101.92
373,78,100.47
373,79,100.28999999999999
373,80,100.1
373,81,99.38
373,82,98.57
373,83,98.5
373,84,97.78
373,85,97.03999999999999
373,86,96.3
373,87,95.61
373,88,94.57
373,89,94.1
373,90,92.88
373,91,91.8
373,92,91.22
373,93,89.99
373,94,90.02
373,95,89.09
373,96,88.28999999999999
373,97,86.76
373,98,86.71000000000001
373,99,85.03999999999999
373,100,84.71000000000001
373,101,83.64
373,102,82.59
373,103,81.52
373,104,80.22
373,105,80.6
373,106,80.03
373,107,79.35
373,108,77.57
373,109,76.83
373,110,75.58
373,111,75.13
373,112,74.09
373,113,73.63
373,114,73.05
373,115,70.72
373,116,71.14
373,117,69.47999999999999
373,118,68.58
373,119,68.13
373,120,67.7
373,121,64.8
373,122,65.34
373,123,63.61
373,124,62.86
373,125,61.72
373,126,62.65
373,127,59.46
373,128,58.83
373,129,58.98
373,130,57.54
373,131,56.97
373,132,56.57
373,133,56.18
373,134,55.73
373,135,55.35
373,136,52.59
373,137,51.58
373,138,50.91
373,139,51.57
373,140,49.54
373,141,48.3
373,142,46.38
373,143,47.18
373,144,46.28
373,145,45.44
373,146,42.92
373,147,43.459999999999994
373,148,42.7
373,149,40.06
373,150,40.28
373,151,40.67
373,152,41.599999999999994
373,153,38.22
373,154,37.629999999999995
373,155,38.05
373,156,35.68000000000001
373,157,35.47
373,158,34.44
373,159,34.980000000000004
373,160,34.08
373,161,34.209999999999994
373,162,31.599999999999994
373,163,30.930000000000007
373,164,30.659999999999997
373,165,29.86
373,166,29.310000000000002
373,167,27.129999999999995
373,168,27.47
373,169,27.510000000000005
373,170,26.78
373,171,26.950000000000003
373,172,26.040000000000006
373,173,23.549999999999997
373,174,21.5
373,175,24.75
373,176,22.180000000000007
373,177,22.42
373,178,18.930000000000007
373,179,19.260000000000005
373,180,18.33
374,1,110
374,2,110
374,3,110
374,4,110
374,5,110
374,6,110
374,7,110
374,8,110
374,9,110
374,10,110
374,11,110
374,12,110
374,13,110
374,14,110
374,15,110
374,16,110
374,17,110
374,18,110
374,19,110
374,20,110
374,21,110
374,22,110
374,23,110
374,24,110
374,25,110
374,26,110
374,27,110
374,28,110
374,29,110
374,30,110
374,31,110
374,32,110
374,33,110
374,34,110
374,35,110
374,36,110
374,37,109.99
374,38,110
374,39,109.97
374,40,110
374,41,109.98
374,42,109.97
374,43,109.99
374,44,109.95
374,45,109.91
374,46,109.91
374,47,109.88
374,48,109.83
374,49,109.86
374,50,109.79
374,51,109.59
374,52,109.57
374,53,109.55
374,54,109.35
374,55,109.23
374,56,109.01
374,57,109.03
374,58,108.71
374,59,108.53
374,60,108.34
374,61,108.15
374,62,108.05
374,63,107.84
374,64,107.16
374,65,106.88
374,66,106.82
374,67,106.16
374,68,105.51
374,69,105.6
374,70,105.25
374,71,104.6
374,72,104.4
374,73,103.81
374,74,103.18
374,75,102.46
374,76,102.15
374,77,101.56
374,78,100.7
374,79,100.64
374,80,99.94
374,81,98.86
374,82,98.17
374,83,97.74
374,84,96.62
374,85,96.4
374,86,95.2
374,87,94.98
374,88,94.53999999999999
374,89,92.75
374,90,92.15
374,91,91.52
374,92,91.19
374,93,90.21000000000001
374,94,89.24
374,95,88.66
374,96,87.77
374,97,86.69
374,98,85.67
374,99,85.32
374,100,84.75
374,101,82.88
374,102,82.17
374,103,81.47
374,104,80.81
374,105,80.58
374,106,78.58
374,107,78.6
374,108,78.41
374,109,76.56
374,110,74.94
374,111,75.47
374,112,72.86
374,113,72.78999999999999
374,114,71.38
374,115,70.03999999999999
374,116,69.58
374,117,67.47999999999999
374,118,67.61
374,119,65.96000000000001
374,120,65.93
374,121,64.55
374,122,64.87
374,123,64.34
374,124,62.06
374,125,60.65
374,126,61.31
374,127,58.23
374,128,59.17
374,129,57.8
374,130,56.21
374,131,56.6
374,132,55.39
374,133,53.25
374,134,53.43
374,135,52.23
374,136,51.88
374,137,49.65
374,138,49.58
374,139,48.97
374,140,48.42
374,141,48.74
374,142,48.73
374,143,46.14
374,144,45.980000000000004
374,145,44.14
374,146,43.230000000000004
374,147,43.989999999999995
374,148,41.89
374,149,41.61
374,150,40.22
374,151,39.480000000000004
374,152,39.43000000000001
374,153,36.989999999999995
374,154,38.120000000000005
374,155,36.89
374,156,36.16
374,157,37.22
374,158,34.519999999999996
374,159,33.58
374,160,32.05
374,161,31.120000000000005
374,162,31.64
374,163,28.769999999999996
374,164,29.739999999999995
374,165,27.950000000000003
374,166,27.150000000000006
374,167,27.760000000000005
374,168,27.33
374,169,26.049999999999997
374,170,24.349999999999994
374,171,24.840000000000003
374,172,23.010000000000005
374,173,24.200000000000003
374,174,22.11
374,175,20.799999999999997
374,176,19.150000000000006
374,177,21.22
374,178,19.340000000000003
374,179,18.709999999999994
374,180,18.36
375,1,110
375,2,109.99
375,3,110
375,4,110
375,5,110
375,6,110
375,7,110
375,8,110
375,9,110
375,10,110
375,11,110
375,12,110
375,13,110
375,14,110
375,15,110
375,16,110
375,17,110
375,18,110
375,19,110
375,20,110
375,21,110
375,22,110
375,23,110
375,24,110
375,25,110
375,26,110
375,27,110
375,28,110
375,29,110
375,30,110
375,31,110
375,32,110
375,33,110
375,34,110
375,35,110
375,36,110
375,37,110
375,38,109.99
375,39,110
375,40,109.98
375,41,109.99
375,42,109.98
375,43,109.96
375,44,109.95
375,45,109.9
375,46,109.87
375,47,109.87
375,48,109.76
375,49,109.69
375,50,109.74
375,51,109.59
375,52,109.6
375,53,109.46
375,54,109.46
375,55,109.24
375,56,108.9
375,57,108.78
375,58,108.7
375,59,108.33
375,60,108.34
375,61,107.88
375,62,107.81
375,63,107.65
375,64,106.92
375,65,106.84
375,66,106.45
375,67,106.02
375,68,105.52
375,69,105.32
375,70,104.88
375,71,105.04
375,72,104.18
375,73,103.85
375,74,102.59
375,75,102.58
375,76,102.23
375,77,101.22
375,78,100.13
375,79,100.01
375,80,99.99
375,81,98.47
375,82,98.41
375,83,97.52
375,84,97.37
375,85,96.02
375,86,95.06
375,87,94.42
375,88,94.23
375,89,92.95
375,90,91.36
375,91,90.95
375,92,90.7
375,93,90.17
375,94,88.92
375,95,88.14
375,96,86.02
375,97,86.09
375,98,85.27
375,99,84.77
375,100,84.6
375,101,82.32
375,102,82.32
375,103,80.51
375,104,79.35
375,105,79.06
375,106,77.85
375,107,77.97999999999999
375,108,76.50999999999999
375,109,75.43
375,110,74.66
375,111,74.16
375,112,72.9
375,113,72.33
375,114,70.68
375,115,70.28999999999999
375,116,69.13
375,117,67.83
375,118,66.75
375,119,66.74000000000001
375,120,65.99000000000001
375,121,64.14
375,122,63.64
375,123,63.35
375,124,62.97
375,125,60.85
375,126,60.55
375,127,59.07
375,128,58.84
375,129,56.66
375,130,57.61
375,131,55.99
375,132,55.22
375,133,53.48
375,134,53.55
375,135,51.74
375,136,50.95
375,137,50.17
375,138,49.51
375,139,50.03
375,140,47.75
375,141,47.5
375,142,47.37
375,143,45.18000000000001
375,144,44.14
375,145,44.349999999999994
375,146,43.489999999999995
375,147,42.05
375,148,40.510000000000005
375,149,40.22
375,150,39.97
375,151,39.97
375,152,38.34
375,153,37.209999999999994
375,154,34.730000000000004
375,155,37.489999999999995
375,156,36.31999999999999
375,157,31.900000000000006
375,158,33.95
375,159,33.010000000000005
375,160,32.239999999999995
375,161,31.03
375,162,30.549999999999997
375,163,28.370000000000005
375,164,29.120000000000005
375,165,28.25
375,166,28.72
375,167,25
375,168,26.540000000000006
375,169,24.5
375,170,24.810000000000002
375,171,21.739999999999995
375,172,24.090000000000003
375,173,20.950000000000003
375,174,19.930000000000007
375,175,21.730000000000004
375,176,20.61
375,177,19.900000000000006
375,178,20.120000000000005
375,179,19.650000000000006
375,180,17.700000000000003
376,1,110
376,2,110
376,3,109.98
376,4,110
376,5,110
376,6,110
376,7,110
376,8,110
376,9,110
376,10,110
376,11,110
376,12,110
376,13,110
376,14,110
376,15,110
376,16,110
376,17,110
376,18,110
376,19,110
376,20,110
376,21,110
376,22,110
376,23,110
376,24,110
376,25,110
376,26,110
376,27,110
376,28,110
376,29,110
376,30,110
376,31,110
376,32,110
376,33,110
376,34,110
376,35,110
376,36,110
376,37,109.99
376,38,110
376,39,109.98
376,40,109.98
376,41,109.98
376,42,109.94
376,43,109.96
376,44,109.95
376,45,109.95
376,46,109.9
376,47,109.77
376,48,109.82
376,49,109.76
376,50,109.68
376,51,109.6
376,52,109.49
376,53,109.45
376,54,109.26
376,55,109.04
376,56,109.06
376,57,108.82
376,58,108.89
376,59,108.43
376,60,108.32
376,61,107.91
376,62,107.72
376,63,107.84
376,64,107.09
376,65,106.74
376,66,106.63
376,67,105.99
376,68,105.31
376,69,105.24
376,70,104.98
376,71,104.07
376,72,103.87
376,73,103.55
376,74,102.28
376,75,101.57
376,76,101.75
376,77,100.64
376,78,100.17
376,79,99.53999999999999
376,80,98.82
376,81,98.48
376,82,97.21000000000001
376,83,97.24
376,84,95.53999999999999
376,85,95.35
376,86,95.05
376,87,94.08
376,88,92.95
376,89,92.74
376,90,92.28999999999999
376,91,91.21000000000001
376,92,89.82
376,93,88.71000000000001
376,94,87.71000000000001
376,95,88
376,96,86.51
376,97,85.85
376,98,84.69
376,99,83.65
376,100,82.71000000000001
376,101,82.18
376,102,81.28
376,103,81.26
376,104,80.21000000000001
376,105,78.67
376,106,77.15
376,107,76.78
376,108,76.62
376,109,75.89
376,110,72.78999999999999
376,111,73.37
376,112,71.9
376,113,70.45
376,114,71.18
376,115,69.63
376,116,69.46000000000001
376,117,68.45
376,118,67.19
376,119,66.65
376,120,64.53999999999999
376,121,63.44
376,122,63.33
376,123,62.22
376,124,62.03
376,125,60.48
376,126,58.68
376,127,57.34
376,128,57.5
376,129,56.42
376,130,56.78
376,131,54.19
376,132,53.86
376,133,52.52
376,134,51.12
376,135,51.86
376,136,49.85
376,137,49.95
376,138,49.37
376,139,47.6
376,140,47.33
376,141,45.620000000000005
376,142,46.45
376,143,44.19
376,144,44.209999999999994
376,145,43.31
376,146,42.84
376,147,40.510000000000005
376,148,40.370000000000005
376,149,39.8
376,150,38.86
376,151,37.980000000000004
376,152,37.14
376,153,36.17
376,154,36.790000000000006
376,155,34.519999999999996
376,156,33.06
376,157,33.41
376,158,32.730000000000004
376,159,33.81999999999999
376,160,31.230000000000004
376,161,30.269999999999996
376,162,30.319999999999993
376,163,29.090000000000003
376,164,26.879999999999995
376,165,26.89
376,166,26.58
376,167,26.799999999999997
376,168,25.319999999999993
376,169,24.879999999999995
376,170,24.439999999999998
376,171,23.069999999999993
376,172,21.959999999999994
376,173,21.569999999999993
376,174,20.849999999999994
376,175,20.86
376,176,20.42
376,177,20.019999999999996
376,178,18.959999999999994
376,179,18.14
376,180,17.019999999999996
377,1,110
377,2,110
377,3,109.94
377,4,110
377,5,110
377,6,110
377,7,110
377,8,110
377,9,110
377,10,110
377,11,110
377,12,110
377,13,110
377,14,110
377,15,110
377,16,110
377,17,110
377,18,110
377,19,110
377,20,110
377,21,110
377,22,110
377,23,110
377,24,110
377,25,110
377,26,110
377,27,110
377,28,110
377,29,110
377,30,110
377,31,110
377,32,110
377,33,110
377,34,110
377,35,110
377,36,110
377,37,109.99
377,38,110
377,39,109.99
377,40,109.99
377,41,109.99
377,42,109.96
377,43,109.95
377,44,109.92
377,45,109.93
377,46,109.89
377,47,109.86
377,48,109.79
377,49,109.73
377,50,109.72
377,51,109.65
377,52,109.41
377,53,109.36
377,54,109.22
377,55,109.15
377,56,108.93
377,57,108.55
377,58,108.6
377,59,108.25
377,60,108.11
377,61,107.78
377,62,107.54
377,63,107.38
377,64,106.76
377,65,106.74
377,66,106.32
377,67,105.73
377,68,105.44
377,69,105.22
377,70,104.72
377,71,104.52
377,72,103.39
377,73,102.87
377,74,102.44
377,75,101.58
377,76,101.01
377,77,100.67
377,78,100.38
377,79,99.05
377,80,98.95
377,81,97.58
377,82,97.19
377,83,96.69
377,84,95.58
377,85,95.47
377,86,94.49
377,87,93.4
377,88,92.89
377,89,91
377,90,90.36
377,91,90.16
377,92,89.36
377,93,88.33
377,94,88.47
377,95,87.44
377,96,86.66
377,97,84.7
377,98,83.67
377,99,83.83
377,100,82.9
377,101,81.94
377,102,81.25
377,103,80.03999999999999
377,104,78.48
377,105,78.18
377,106,77.08
377,107,75.96000000000001
377,108,75.16
377,109,74.37
377,110,73.5
377,111,72.45
377,112,71.97
377,113,70.64
377,114,68.50999999999999
377,115,69.03999999999999
377,116,67.22999999999999
377,117,66.78
377,118,65.92
377,119,65.53999999999999
377,120,64.05
377,121,63.12
377,122,61.78
377,123,59.98
377,124,60.54
377,125,59.23
377,126,59.15
377,127,57.16
377,128,54.83
377,129,56.19
377,130,54.94
377,131,54.04
377,132,51.95
377,133,51.85
377,134,52.77
377,135,50.03
377,136,51.01
377,137,49.74
377,138,47.98
377,139,47.39
377,140,45.099999999999994
377,141,45.11
377,142,44.41
377,143,43.58
377,144,43.620000000000005
377,145,41.81999999999999
377,146,41.900000000000006
377,147,41.59
377,148,40.81
377,149,38.769999999999996
377,150,37.69
377,151,37.25
377,152,37.480000000000004
377,153,35.2
377,154,34.099999999999994
377,155,34.66
377,156,31.900000000000006
377,157,34.19
377,158,32.11
377,159,30.090000000000003
377,160,30.340000000000003
377,161,29.989999999999995
377,162,28.58
377,163,27.540000000000006
377,164,28.83
377,165,26.760000000000005
377,166,24.47
377,167,26.290000000000006
377,168,25.480000000000004
377,169,23.489999999999995
377,170,22.629999999999995
377,171,21.769999999999996
377,172,21.89
377,173,19.879999999999995
377,174,19.75
377,175,19.11
377,176,20.08
377,177,19.049999999999997
377,178,18.090000000000003
377,179,17.67
377,180,15.519999999999996
378,1,110
378,2,109.81
378,3,109.95
378,4,109.97
378,5,110
378,6,110
378,7,110
378,8,110
378,9,110
378,10,110
378,11,110
378,12,110
378,13,110
378,14,110
378,15,110
378,16,110
378,17,110
378,18,110
378,19,110
378,20,110
378,21,110
378,22,110
378,23,110
378,24,110
378,25,110
378,26,110
378,27,110
378,28,110
378,29,110
378,30,110
378,31,110
378,32,110
378,33,110
378,34,110
378,35,110
378,36,110
378,37,110
378,38,109.97
378,39,110
378,40,109.99
378,41,109.98
378,42,109.99
378,43,109.97
378,44,109.93
378,45,109.86
378,46,109.84
378,47,109.81
378,48,109.89
378,49,109.76
378,50,109.52
378,51,109.46
378,52,109.44
378,53,109.41
378,54,109.23
378,55,109.04
378,56,109.04
378,57,108.69
378,58,108.49
378,59,108.36
378,60,108.12
378,61,108.01
378,62,107.24
378,63,106.92
378,64,106.53
378,65,106.9
378,66,106.29
378,67,105.99
378,68,105.31
378,69,104.41
378,70,104.49
378,71,104.05
378,72,103.38
378,73,102.69
378,74,101.72
378,75,101.44
378,76,101.24
378,77,100.26
378,78,99.89
378,79,98.81
378,80,98.55
378,81,98.17
378,82,96.68
378,83,95.9
378,84,95.12
378,85,94.91
378,86,93.01
378,87,92.73
378,88,91.78999999999999
378,89,91.21000000000001
378,90,91
378,91,89.58
378,92,89.07
378,93,88.25
378,94,88
378,95,86.08
378,96,85.36
378,97,85.2
378,98,83.26
378,99,83.07
378,100,81.35
378,101,80.86
378,102,79.27
378,103,79.65
378,104,78.08
378,105,77.16
378,106,75.88
378,107,75.57
378,108,75.3
378,109,75.17
378,110,72.89
378,111,71.53999999999999
378,112,71.85
378,113,68.57
378,114,69.25
378,115,67.53999999999999
378,116,67.34
378,117,66.5
378,118,66.44
378,119,65.03
378,120,64.62
378,121,62.74
378,122,61.49
378,123,61.01
378,124,58.88
378,125,58.51
378,126,57.37
378,127,56.2
378,128,55.44
378,129,54.55
378,130,54.26
378,131,53.13
378,132,52.43
378,133,51.69
378,134,52.56
378,135,49.78
378,136,48.48
378,137,47.82
378,138,47.49
378,139,47.07
378,140,46.32
378,141,44.56
378,142,45.370000000000005
378,143,42.5
378,144,41.849999999999994
378,145,40.879999999999995
378,146,40.55
378,147,40.14
378,148,37.760000000000005
378,149,37.629999999999995
378,150,38.56999999999999
378,151,36.08
378,152,34.34
378,153,36.05
378,154,34.510000000000005
378,155,32.93000000000001
378,156,32.68000000000001
378,157,31.409999999999997
378,158,31.569999999999993
378,159,30.709999999999994
378,160,28.810000000000002
378,161,27.790000000000006
378,162,25.769999999999996
378,163,28.349999999999994
378,164,26.489999999999995
378,165,26.939999999999998
378,166,24.769999999999996
378,167,24.980000000000004
378,168,23.650000000000006
378,169,21.629999999999995
378,170,22.290000000000006
378,171,21.72
378,172,20.72
378,173,20.799999999999997
378,174,18.549999999999997
378,175,19.260000000000005
378,176,17.730000000000004
378,177,17.189999999999998
378,178,16.75
378,179,17.700000000000003
378,180,15.450000000000003
379,1,110
379,2,109.77
379,3,109.87
379,4,109.96
379,5,110
379,6,109.97
379,7,110
379,8,110
379,9,110
379,10,110
379,11,110
379,12,110
379,13,110
379,14,110
379,15,110
379,16,110
379,17,110
379,18,110
379,19,110
379,20,110
379,21,110
379,22,110
379,23,110
379,24,110
379,25,110
379,26,110
379,27,110
379,28,110
379,29,110
379,30,110
379,31,110
379,32,110
379,33,110
379,34,110
379,35,110
379,36,109.99
379,37,109.98
379,38,109.99
379,39,110
379,40,109.97
379,41,109.99
379,42,109.91
379,43,109.98
379,44,109.94
379,45,109.96
379,46,109.86
379,47,109.76
379,48,109.71
379,49,109.77
379,50,109.63
379,51,109.54
379,52,109.53
379,53,109.2
379,54,109.11
379,55,108.95
379,56,108.8
379,57,108.65
379,58,108.32
379,59,108
379,60,107.78
379,61,107.82
379,62,107.47
379,63,106.93
379,64,106.7
379,65,106.05
379,66,105.67
379,67,105.44
379,68,104.77
379,69,104.83
379,70,104.19
379,71,103.23
379,72,103.14
379,73,102.17
379,74,102.27
379,75,101.35
379,76,100.45
379,77,100.42
379,78,99.15
379,79,98.45
379,80,98.08
379,81,97.53999999999999
379,82,96.77
379,83,96.09
379,84,94.55
379,85,94.16
379,86,93.33
379,87,92.49
379,88,91.77
379,89,91.49
379,90,90.12
379,91,90.22
379,92,88.72
379,93,87.69
379,94,86.67
379,95,85.76
379,96,84.46000000000001
379,97,84.27
379,98,84.21000000000001
379,99,82.46000000000001
379,100,81.64
379,101,81.06
379,102,79.25
379,103,77.74000000000001
379,104,77.59
379,105,76.36
379,106,75.56
379,107,75.13
379,108,73.22
379,109,73.41
379,110,71.93
379,111,71.5
379,112,69.49000000000001
379,113,69.17
379,114,68.47999999999999
379,115,67.86
379,116,66.25999999999999
379,117,65.18
379,118,64.05
379,119,63.88
379,120,62.02
379,121,61.18
379,122,61.26
379,123,60.84
379,124,60.53
379,125,57.2
379,126,57.3
379,127,56.16
379,128,55.25
379,129,53.92
379,130,54.06
379,131,53.99
379,132,51.1
379,133,51.31
379,134,51.58
379,135,49.12
379,136,48.72
379,137,47.55
379,138,45.959999999999994
379,139,44.91
379,140,45.95
379,141,44.370000000000005
379,142,42.97
379,143,42.53
379,144,42.7
379,145,39.629999999999995
379,146,39.45
379,147,39.28
379,148,38.22
379,149,37.519999999999996
379,150,36.120000000000005
379,151,36
379,152,34.68000000000001
379,153,34.489999999999995
379,154,33.22
379,155,33.47
379,156,31.700000000000003
379,157,31.650000000000006
379,158,29.620000000000005
379,159,29.58
379,160,29.549999999999997
379,161,27.730000000000004
379,162,27.849999999999994
379,163,26.989999999999995
379,164,24.230000000000004
379,165,23.900000000000006
379,166,23.959999999999994
379,167,23.069999999999993
379,168,22.569999999999993
379,169,21.560000000000002
379,170,21.03
379,171,22.549999999999997
379,172,20.83
379,173,19.430000000000007
379,174,19.900000000000006
379,175,17.810000000000002
379,176,17.03
379,177,16.42
379,178,16.150000000000006
379,179,15.260000000000005
379,180,14.709999999999994
380,1,110
380,2,109.57
380,3,109.69
380,4,109.8
380,5,109.99
380,6,110
380,7,110
380,8,110
380,9,110
380,10,110
380,11,110
380,12,110
380,13,110
380,14,110
380,15,110
380,16,110
380,17,110
380,18,110
380,19,110
380,20,110
380,21,110
380,22,110
380,23,110
380,24,110
380,25,110
380,26,110
380,27,110
380,28,110
380,29,110
380,30,110
380,31,110
380,32,110
380,33,110
380,34,110
380,35,110
380,36,109.99
380,37,110
380,38,110
380,39,109.97
380,40,109.98
380,41,109.97
380,42,109.95
380,43,109.92
380,44,109.89
380,45,109.94
380,46,109.87
380,47,109.81
380,48,109.68
380,49,109.71
380,50,109.57
380,51,109.51
380,52,109.39
380,53,109.21
380,54,109.15
380,55,109.03
380,56,108.82
380,57,108.48
380,58,108.43
380,59,108.05
380,60,107.88
380,61,107.51
380,62,107.12
380,63,106.68
380,64,106.79
380,65,106.1
380,66,105.56
380,67,104.96
380,68,104.78
380,69,104.34
380,70,103.95
380,71,103.25
380,72,103.31
380,73,102.34
380,74,102.05
380,75,101.22
380,76,100.24
380,77,99.65
380,78,99.6
380,79,98.62
380,80,97.3
380,81,97.14
380,82,95.95
380,83,94.83
380,84,95.28
380,85,93.59
380,86,93
380,87,92.48
380,88,91.25
380,89,91.03
380,90,89.64
380,91,88.69
380,92,88.6
380,93,86.84
380,94,86.43
380,95,85.51
380,96,84.82
380,97,83.4
380,98,82.28
380,99,82.31
380,100,81.03999999999999
380,101,79.48
380,102,79.31
380,103,77.42
380,104,77.55
380,105,75.8
380,106,75.57
380,107,74.13
380,108,74.11
380,109,72.11
380,110,71.37
380,111,70.35
380,112,68.67
380,113,69.37
380,114,67.8
380,115,67.87
380,116,65.64
380,117,65.57
380,118,63.26
380,119,62.35
380,120,62.68
380,121,61.47
380,122,60.59
380,123,59.07
380,124,58.17
380,125,56.68
380,126,56.51
380,127,56.54
380,128,53.96
380,129,53.86
380,130,54.02
380,131,51.97
380,132,51.67
380,133,50.98
380,134,48.48
380,135,47.1
380,136,47.5
380,137,46.27
380,138,46.92
380,139,45
380,140,43.91
380,141,43.129999999999995
380,142,40.68000000000001
380,143,40.129999999999995
380,144,40.5
380,145,40.730000000000004
380,146,40.66
380,147,36.900000000000006
380,148,38.56
380,149,36.72
380,150,35.150000000000006
380,151,34.489999999999995
380,152,35.730000000000004
380,153,33.75
380,154,31.620000000000005
380,155,32.58
380,156,30.879999999999995
380,157,28.739999999999995
380,158,30.409999999999997
380,159,28.760000000000005
380,160,28.39
380,161,27.5
380,162,24.980000000000004
380,163,25.340000000000003
380,164,24.909999999999997
380,165,23.39
380,166,24.810000000000002
380,167,21.400000000000006
380,168,21.86
380,169,18.560000000000002
380,170,21.689999999999998
380,171,19.370000000000005
380,172,19.769999999999996
380,173,16.040000000000006
380,174,15.659999999999997
380,175,17.150000000000006
380,176,14.939999999999998
380,177,15.230000000000004
380,178,14.900000000000006
380,179,15.170000000000002
380,180,15.049999999999997
381,1,110
381,2,108.13
381,3,109.33
381,4,109.55
381,5,109.87
381,6,109.98
381,7,110
381,8,110
381,9,110
381,10,110
381,11,110
381,12,110
381,13,110
381,14,110
381,15,110
381,16,110
381,17,110
381,18,110
381,19,110
381,20,110
381,21,110
381,22,110
381,23,110
381,24,110
381,25,110
381,26,110
381,27,110
381,28,110
381,29,110
381,30,110
381,31,110
381,32,110
381,33,110
381,34,109.98
381,35,110
381,36,109.99
381,37,110
381,38,109.99
381,39,109.97
381,40,109.99
381,41,109.97
381,42,109.95
381,43,109.86
381,44,109.9
381,45,109.86
381,46,109.89
381,47,109.76
381,48,109.74
381,49,109.71
381,50,109.53
381,51,109.55
381,52,109.26
381,53,109.16
381,54,109.14
381,55,108.95
381,56,108.46
381,57,108.62
381,58,108.35
381,59,107.8
381,60,107.88
381,61,107.47
381,62,107.18
381,63,106.68
381,64,106.02
381,65,105.61
381,66,105.53
381,67,104.72
381,68,104.78
381,69,103.86
381,70,103.95
381,71,102.71
381,72,102.51
381,73,101.84
381,74,101.63
381,75,100.71000000000001
381,76,99.8
381,77,99.47
381,78,99.09
381,79,98.22
381,80,97.35
381,81,96.78999999999999
381,82,95.51
381,83,95.3
381,84,94.53999999999999
381,85,93.52
381,86,92.14
381,87,92.49
381,88,90.8
381,89,89.84
381,90,89.63
381,91,88.24
381,92,87.72
381,93,86.7
381,94,85.26
381,95,85.62
381,96,84.59
381,97,83.27
381,98,81.51
381,99,81.59
381,100,80.34
381,101,80.23
381,102,77.19
381,103,76.94
381,104,75.84
381,105,75.82
381,106,74.22
381,107,73.22
381,108,72.66
381,109,72.08
381,110,69.6
381,111,69.71000000000001
381,112,69.03
381,113,66.39
381,114,66.64
381,115,66.69
381,116,64.91
381,117,63.79
381,118,63.21
381,119,62.41
381,120,61.77
381,121,61.96
381,122,58.94
381,123,57.93
381,124,56.86
381,125,57.11
381,126,55.01
381,127,56.54
381,128,54.16
381,129,53.29
381,130,52.41
381,131,51.88
381,132,50.75
381,133,47.83
381,134,47.74
381,135,47.05
381,136,47.38
381,137,45.69
381,138,46.26
381,139,44.3
381,140,43.099999999999994
381,141,42.97
381,142,42.17
381,143,40.3
381,144,40
381,145,39.06999999999999
381,146,38.97
381,147,37.55
381,148,38.06999999999999
381,149,35.18000000000001
381,150,36.31999999999999
381,151,34.239999999999995
381,152,34.11
381,153,31.310000000000002
381,154,30.58
381,155,31.730000000000004
381,156,30.840000000000003
381,157,29.939999999999998
381,158,27.870000000000005
381,159,28.620000000000005
381,160,27.53
381,161,25.86
381,162,24.430000000000007
381,163,25.980000000000004
381,164,23.879999999999995
381,165,21.86
381,166,22.900000000000006
381,167,19.700000000000003
381,168,20.209999999999994
381,169,20.980000000000004
381,170,19.349999999999994
381,171,18.010000000000005
381,172,16.61
381,173,19.060000000000002
381,174,15.450000000000003
381,175,17.599999999999994
381,176,15.870000000000005
381,177,15.120000000000005
381,178,14.579999999999998
381,179,13.849999999999994
381,180,12.010000000000005
382,1,110
382,2,108.22
382,3,108.86
382,4,109.38
382,5,109.89
382,6,109.97
382,7,109.99
382,8,110
382,9,110
382,10,110
382,11,110
382,12,110
382,13,110
382,14,110
382,15,110
382,16,110
382,17,110
382,18,110
382,19,110
382,20,110
382,21,110
382,22,110
382,23,110
382,24,110
382,25,110
382,26,110
382,27,110
382,28,110
382,29,110
382,30,110
382,31,110
382,32,110
382,33,110
382,34,110
382,35,110
382,36,109.99
382,37,109.99
382,38,110
382,39,110
382,40,109.97
382,41,109.94
382,42,109.97
382,43,109.96
382,44,109.95
382,45,109.88
382,46,109.79
382,47,109.74
382,48,109.72
382,49,109.66
382,50,109.54
382,51,109.44
382,52,109.27
382,53,109.07
382,54,108.9
382,55,108.7
382,56,108.64
382,57,108.27
382,58,108.09
382,59,107.91
382,60,107.28
382,61,107.44
382,62,106.74
382,63,106.79
382,64,106.35
382,65,105.59
382,66,105.25
382,67,104.91
382,68,104.17
382,69,104.29
382,70,102.9
382,71,102.63
382,72,101.7
382,73,101.46000000000001
382,74,101.11
382,75,100.37
382,76,100.1
382,77,98.67
382,78,97.58
382,79,97.86
382,80,96.47
382,81,95.92
382,82,95.86
382,83,94.52
382,84,93.71000000000001
382,85,93.13
382,86,92.16
382,87,91.53999999999999
382,88,90.27
382,89,89.43
382,90,88.38
382,91,87.56
382,92,86.87
382,93,85.81
382,94,84.72
382,95,84.25
382,96,84.23
382,97,81.85
382,98,81.13
382,99,80.31
382,100,80.58
382,101,78.91
382,102,77.81
382,103,76.57
382,104,75.02000000000001
382,105,75.11
382,106,74.35
382,107,73.21000000000001
382,108,71.56
382,109,70.43
382,110,70.7
382,111,69.25999999999999
382,112,69.12
382,113,67.14
382,114,66.59
382,115,65.68
382,116,64.25
382,117,63.81
382,118,62.4
382,119,61.28
382,120,61.52
382,121,59.8
382,122,59.06
382,123,59.04
382,124,56.64
382,125,57.09
382,126,55.19
382,127,55.04
382,128,53.33
382,129,53.09
382,130,51.65
382,131,50.54
382,132,48.5
382,133,49.12
382,134,47.18
382,135,46.03
382,136,44.93000000000001
382,137,44.81999999999999
382,138,43.709999999999994
382,139,42.25
382,140,40.91
382,141,42.16
382,142,40.56
382,143,39.61
382,144,38.18000000000001
382,145,38.31999999999999
382,146,38.129999999999995
382,147,37.69
382,148,38.31999999999999
382,149,35.959999999999994
382,150,34.44
382,151,34.519999999999996
382,152,32.67
382,153,31.489999999999995
382,154,30.989999999999995
382,155,30.709999999999994
382,156,28.439999999999998
382,157,30.049999999999997
382,158,28.14
382,159,26.590000000000003
382,160,27.409999999999997
382,161,25.14
382,162,24.459999999999994
382,163,22.700000000000003
382,164,24.060000000000002
382,165,22.909999999999997
382,166,22.28
382,167,21.909999999999997
382,168,19.120000000000005
382,169,19.819999999999993
382,170,19.340000000000003
382,171,17.14
382,172,16.730000000000004
382,173,18.61
382,174,16.25
382,175,15.659999999999997
382,176,15.780000000000001
382,177,15.209999999999994
382,178,15.060000000000002
382,179,13.430000000000007
382,180,12.560000000000002
383,1,110
383,2,107.12
383,3,107.54
383,4,108.94
383,5,109.62
383,6,109.95
383,7,109.99
383,8,110
383,9,110
383,10,110
383,11,110
383,12,110
383,13,110
383,14,110
383,15,110
383,16,110
383,17,110
383,18,110
383,19,110
383,20,110
383,21,110
383,22,110
383,23,110
383,24,110
383,25,110
383,26,110
383,27,110
383,28,110
383,29,110
383,30,110
383,31,110
383,32,110
383,33,110
383,34,110
383,35,110
383,36,109.99
383,37,110
383,38,109.99
383,39,109.95
383,40,109.94
383,41,109.95
383,42,109.94
383,43,109.91
383,44,109.83
383,45,109.87
383,46,109.77
383,47,109.79
383,48,109.71
383,49,109.57
383,50,109.45
383,51,109.44
383,52,109.25
383,53,108.87
383,54,109.08
383,55,108.71
383,56,108.62
383,57,108.21
383,58,107.96
383,59,107.88
383,60,107.21
383,61,107.27
383,62,106.55
383,63,106.28
383,64,106.23
383,65,105.99
383,66,105.23
383,67,104.47
383,68,104.06
383,69,103.8
383,70,103.17
383,71,102.49
383,72,101.93
383,73,101.08
383,74,100.84
383,75,99.78
383,76,99.57
383,77,99.1
383,78,98.06
383,79,96.88
383,80,96.03999999999999
383,81,95.57
383,82,94.72
383,83,93.76
383,84,93.03999999999999
383,85,92.39
383,86,91.06
383,87,90.73
383,88,89.85
383,89,89.64
383,90,88.24
383,91,88.21000000000001
383,92,86.01
383,93,85.75
383,94,84.96000000000001
383,95,83.15
383,96,82.67
383,97,81.16
383,98,80.55
383,99,80.94
383,100,78.41
383,101,78.1
383,102,76.85
383,103,76.66
383,104,74.62
383,105,74.86
383,106,73.57
383,107,72.21000000000001
383,108,70.81
383,109,69.31
383,110,69.84
383,111,68.44
383,112,67.09
383,113,65.55
383,114,64.22999999999999
383,115,64.88
383,116,63.68
383,117,63.21
383,118,60.94
383,119,60.58
383,120,59.24
383,121,58.39
383,122,58.2
383,123,56.5
383,124,55.96
383,125,55.63
383,126,53.95
383,127,53.93
383,128,51.42
383,129,51.62
383,130,50.81
383,131,49.4
383,132,48.49
383,133,47.04
383,134,46.46
383,135,47.85
383,136,45.040000000000006
383,137,42.92
383,138,43.269999999999996
383,139,41.980000000000004
383,140,40.629999999999995
383,141,40.86
383,142,39.44
383,143,39.59
383,144,39.03
383,145,38.650000000000006
383,146,36.81999999999999
383,147,34.730000000000004
383,148,35.17
383,149,35.95
383,150,34.239999999999995
383,151,31.260000000000005
383,152,30.75
383,153,30.980000000000004
383,154,28.25
383,155,30.459999999999994
383,156,29.930000000000007
383,157,27.010000000000005
383,158,27.159999999999997
383,159,26.459999999999994
383,160,26.22
383,161,24.519999999999996
383,162,24.03
383,163,24.25
383,164,22.67
383,165,23.069999999999993
383,166,22.200000000000003
383,167,19.849999999999994
383,168,18.42
383,169,19.590000000000003
383,170,17.39
383,171,19.17
383,172,16.980000000000004
383,173,15.629999999999995
383,174,15.879999999999995
383,175,15.340000000000003
383,176,14.659999999999997
383,177,14.540000000000006
383,178,13.599999999999994
383,179,11.569999999999993
383,180,12.079999999999998
384,1,110
384,2,105.42
384,3,106.64
384,4,107.57
384,5,108.94
384,6,109.73
384,7,109.98
384,8,110
384,9,110
384,10,110
384,11,110
384,12,110
384,13,110
384,14,110
384,15,110
384,16,110
384,17,110
384,18,110
384,19,110
384,20,110
384,21,110
384,22,110
384,23,110
384,24,110
384,25,110
384,26,110
384,27,110
384,28,110
384,29,110
384,30,110
384,31,110
384,32,109.99
384,33,110
384,34,110
384,35,110
384,36,109.99
384,37,109.99
384,38,109.98
384,39,109.96
384,40,109.95
384,41,109.97
384,42,109.95
384,43,109.9
384,44,109.93
384,45,109.87
384,46,109.77
384,47,109.74
384,48,109.71
384,49,109.5
384,50,109.38
384,51,109.44
384,52,109.26
384,53,109.02
384,54,109.01
384,55,108.76
384,56,108.52
384,57,108.26
384,58,107.94
384,59,107.46
384,60,107.49
384,61,106.78
384,62,106.62
384,63,106.25
384,64,105.84
384,65,105.22
384,66,104.7
384,67,104.32
384,68,103.84
384,69,103.57
384,70,102.88
384,71,102.29
384,72,101.61
384,73,101.33
384,74,100.22
384,75,99.53
384,76,98.77
384,77,98.21000000000001
384,78,98.16
384,79,97.1
384,80,95.16
384,81,95.14
384,82,93.52
384,83,94.05
384,84,93.21000000000001
384,85,91.42
384,86,91.1
384,87,90.65
384,88,89.56
384,89,88.67
384,90,88.56
384,91,87.23
384,92,86.48
384,93,85.49
384,94,83.11
384,95,83.76
384,96,81.85
384,97,81.86
384,98,80.23
384,99,79.59
384,100,78.51
384,101,78.02
384,102,76.50999999999999
384,103,76.56
384,104,73.97999999999999
384,105,73.58
384,106,72.97
384,107,72.96000000000001
384,108,69.72999999999999
384,109,69.71000000000001
384,110,69.63
384,111,67.45
384,112,66.16
384,113,66.94
384,114,65.92
384,115,64.36
384,116,62.02
384,117,63.04
384,118,61.4
384,119,60.13
384,120,59
384,121,58.07
384,122,57.32
384,123,55.24
384,124,55.73
384,125,54.79
384,126,52.73
384,127,53.4
384,128,51.74
384,129,51.91
384,130,49.5
384,131,48.98
384,132,47.85
384,133,47.41
384,134,45.97
384,135,43.75
384,136,44.519999999999996
384,137,43.599999999999994
384,138,42.25
384,139,41.22
384,140,40.239999999999995
384,141,39.33
384,142,38.480000000000004
384,143,39.68000000000001
384,144,38.66
384,145,36.92
384,146,37.2
384,147,35.519999999999996
384,148,34.11
384,149,33.870000000000005
384,150,32.68000000000001
384,151,31.549999999999997
384,152,30.510000000000005
384,153,29.92
384,154,28.269999999999996
384,155,27.959999999999994
384,156,28.61
384,157,27.310000000000002
384,158,26.629999999999995
384,159,25.25
384,160,25.159999999999997
384,161,23.120000000000005
384,162,22.599999999999994
384,163,22.78
384,164,22.86
384,165,20.790000000000006
384,166,21.340000000000003
384,167,19.17
384,168,19.319999999999993
384,169,18.39
384,170,17.519999999999996
384,171,16.260000000000005
384,172,16.319999999999993
384,173,16.090000000000003
384,174,14.370000000000005
384,175,14.659999999999997
384,176,12.290000000000006
384,177,14.030000000000001
384,178,14.129999999999995
384,179,11.319999999999993
384,180,11.680000000000007
385,1,109.95
385,2,104.7
385,3,105.38
385,4,107.4
385,5,108.65
385,6,109.65
385,7,109.63
385,8,109.96
385,9,110
385,10,110
385,11,110
385,12,110
385,13,110
385,14,110
385,15,110
385,16,110
385,17,110
385,18,110
385,19,110
385,20,110
385,21,110
385,22,110
385,23,110
385,24,110
385,25,110
385,26,110
385,27,110
385,28,110
385,29,110
385,30,110
385,31,110
385,32,110
385,33,110
385,34,110
385,35,110
385,36,110
385,37,110
385,38,109.98
385,39,110
385,40,109.96
385,41,109.96
385,42,109.93
385,43,109.94
385,44,109.86
385,45,109.79
385,46,109.75
385,47,109.78
385,48,109.76
385,49,109.47
385,50,109.47
385,51,109.25
385,52,109.09
385,53,108.83
385,54,108.82
385,55,108.73
385,56,108.18
385,57,108.12
385,58,107.62
385,59,107.43
385,60,107.19
385,61,106.78
385,62,106.55
385,63,106.49
385,64,105.7
385,65,105.3
385,66,104.83
385,67,104.45
385,68,103.39
385,69,102.59
385,70,102.87
385,71,101.92
385,72,101.1
385,73,100.92
385,74,100.09
385,75,98.6
385,76,98.64
385,77,97.78999999999999
385,78,96.58
385,79,96.46000000000001
385,80,95.59
385,81,94.94
385,82,94.09
385,83,93.13
385,84,92.72
385,85,91.46000000000001
385,86,90.35
385,87,89.57
385,88,88.5
385,89,87.55
385,90,86.76
385,91,86.2
385,92,85.05
385,93,83.36
385,94,82.5
385,95,81.94
385,96,81.32
385,97,80.69
385,98,79.47
385,99,77.95
385,100,77.37
385,101,76.97999999999999
385,102,76.39
385,103,75.53
385,104,73.74000000000001
385,105,73.84
385,106,71.55
385,107,69.74000000000001
385,108,69.75
385,109,69.7
385,110,67.32
385,111,65.87
385,112,66.59
385,113,64.95
385,114,64.39
385,115,62.61
385,116,62.1
385,117,60.55
385,118,59.07
385,119,58.38
385,120,58.34
385,121,57.62
385,122,55.13
385,123,54.36
385,124,54.63
385,125,54.03
385,126,53.09
385,127,52.04
385,128,49.96
385,129,48.9
385,130,49.01
385,131,49.59
385,132,46.9
385,133,46.17
385,134,46.25
385,135,44.43000000000001
385,136,43.97
385,137,43.040000000000006
385,138,40.44
385,139,40.370000000000005
385,140,39.7
385,141,39.480000000000004
385,142,39
385,143,36.53
385,144,37
385,145,34.959999999999994
385,146,35.7
385,147,33.97
385,148,34.31
385,149,33.099999999999994
385,150,31.099999999999994
385,151,31.489999999999995
385,152,29.959999999999994
385,153,29.049999999999997
385,154,28.400000000000006
385,155,28.08
385,156,27.370000000000005
385,157,27.209999999999994
385,158,25.680000000000007
385,159,24.739999999999995
385,160,24.209999999999994
385,161,23.72
385,162,21.42
385,163,21.659999999999997
385,164,22.03
385,165,20.549999999999997
385,166,20.150000000000006
385,167,18.569999999999993
385,168,16.689999999999998
385,169,17.39
385,170,16.39
385,171,16.540000000000006
385,172,14.819999999999993
385,173,15.439999999999998
385,174,15.129999999999995
385,175,13.340000000000003
385,176,13.530000000000001
385,177,11.650000000000006
385,178,11.260000000000005
385,179,10.170000000000002
385,180,8.75
386,1,109.92
386,2,101.27
386,3,102.77
386,4,105.58
386,5,107.48
386,6,109.06
386,7,109.87
386,8,109.97
386,9,110
386,10,110
386,11,110
386,12,110
386,13,110
386,14,110
386,15,110
386,16,110
386,17,110
386,18,110
386,19,110
386,20,110
386,21,110
386,22,110
386,23,110
386,24,110
386,25,110
386,26,110
386,27,110
386,28,110
386,29,110
386,30,110
386,31,110
386,32,110
386,33,110
386,34,110
386,35,110
386,36,109.98
386,37,109.99
386,38,109.96
386,39,109.96
386,40,109.98
386,41,109.96
386,42,109.93
386,43,109.82
386,44,109.86
386,45,109.82
386,46,109.71
386,47,109.65
386,48,109.59
386,49,109.48
386,50,109.35
386,51,109.2
386,52,109.28
386,53,109.1
386,54,108.77
386,55,108.33
386,56,108.25
386,57,108
386,58,107.51
386,59,107.72
386,60,107.33
386,61,106.76
386,62,106.27
386,63,106.04
386,64,105.69
386,65,104.63
386,66,104.59
386,67,104.12
386,68,102.97
386,69,102.72
386,70,102.31
386,71,101.73
386,72,101.55
386,73,100.2
386,74,99.93
386,75,98.78
386,76,98.42
386,77,97.89
386,78,97.27
386,79,96.31
386,80,95.05
386,81,94.73
386,82,93.68
386,83,92.02
386,84,92.05
386,85,91.47
386,86,90.83
386,87,89.32
386,88,88.97
386,89,87.71000000000001
386,90,86.11
386,91,85.33
386,92,84.77
386,93,82.3
386,94,82.66
386,95,80.26
386,96,79.82
386,97,80.44
386,98,77.8
386,99,76.97
386,100,77.78999999999999
386,101,75.56
386,102,74.4
386,103,74.91
386,104,73.25999999999999
386,105,72.16
386,106,71.78999999999999
386,107,69.32
386,108,68.37
386,109,67.53999999999999
386,110,67.86
386,111,65.78999999999999
386,112,65.18
386,113,64.09
386,114,61.91
386,115,63.7
386,116,60.29
386,117,60.56
386,118,60
386,119,57.99
386,120,57.61
386,121,56.33
386,122,55.9
386,123,54.97
386,124,54.19
386,125,53.26
386,126,52.87
386,127,51.52
386,128,50.5
386,129,48.26
386,130,47.51
386,131,46.26
386,132,46.6
386,133,45.86
386,134,44.269999999999996
386,135,43.400000000000006
386,136,42.989999999999995
386,137,42.019999999999996
386,138,41.81999999999999
386,139,40.629999999999995
386,140,40.91
386,141,39.61
386,142,38.11
386,143,36
386,144,33.760000000000005
386,145,32.989999999999995
386,146,34.260000000000005
386,147,32.599999999999994
386,148,31.42
386,149,31.400000000000006
386,150,29.939999999999998
386,151,29.689999999999998
386,152,28.89
386,153,26.39
386,154,26.810000000000002
386,155,26.989999999999995
386,156,26.42
386,157,24.299999999999997
386,158,25.980000000000004
386,159,23.180000000000007
386,160,22.480000000000004
386,161,22.58
386,162,22.180000000000007
386,163,20.980000000000004
386,164,19.39
386,165,18.790000000000006
386,166,19.950000000000003
386,167,17.290000000000006
386,168,17.379999999999995
386,169,17.739999999999995
386,170,14.129999999999995
386,171,14.069999999999993
386,172,12.209999999999994
386,173,13.89
386,174,13.310000000000002
386,175,11.650000000000006
386,176,11.599999999999994
386,177,10.519999999999996
386,178,10.909999999999997
386,179,10.400000000000006
386,180,8.89
387,1,109.94
387,2,99.81
387,3,100.92
387,4,103.6
387,5,106.43
387,6,108.27
387,7,109.61
387,8,109.77
387,9,109.98
387,10,110
387,11,110
387,12,110
387,13,110
387,14,110
387,15,110
387,16,110
387,17,110
387,18,110
387,19,110
387,20,110
387,21,110
387,22,110
387,23,110
387,24,110
387,25,110
387,26,110
387,27,110
387,28,110
387,29,110
387,30,110
387,31,110
387,32,110
387,33,110
387,34,109.99
387,35,109.99
387,36,109.99
387,37,110
387,38,109.97
387,39,109.98
387,40,109.95
387,41,109.9
387,42,109.94
387,43,109.87
387,44,109.8
387,45,109.83
387,46,109.68
387,47,109.64
387,48,109.6
387,49,109.45
387,50,109.27
387,51,109.17
387,52,109.06
387,53,108.87
387,54,108.51
387,55,108.49
387,56,108.36
387,57,107.66
387,58,107.55
387,59,107.05
387,60,106.91
387,61,106.44
387,62,106.39
387,63,106.25
387,64,105.05
387,65,104.88
387,66,104.24
387,67,103.88
387,68,103.29
387,69,102.5
387,70,101.99
387,71,101.57
387,72,100.86
387,73,100.42
387,74,99.68
387,75,98.68
387,76,97.27
387,77,97.19
387,78,95.89
387,79,96.37
387,80,95.51
387,81,94.08
387,82,93.55
387,83,91.81
387,84,91.71000000000001
387,85,90.56
387,86,89.57
387,87,89.02
387,88,88.35
387,89,86.74
387,90,86.37
387,91,84.52
387,92,84.37
387,93,83.11
387,94,82.38
387,95,81.36
387,96,80.66
387,97,79.74
387,98,78.41
387,99,76.93
387,100,76.03999999999999
387,101,74.75
387,102,74.86
387,103,73.36
387,104,72.21000000000001
387,105,71.37
387,106,70.47999999999999
387,107,69.49000000000001
387,108,67.22
387,109,67.11
387,110,65.97
387,111,65.63
387,112,64.93
387,113,63.83
387,114,63.07
387,115,61.8
387,116,60.11
387,117,59.7
387,118,57.83
387,119,58.05
387,120,57.46
387,121,54.93
387,122,54.5
387,123,53.92
387,124,52.68
387,125,50.27
387,126,51.82
387,127,50.21
387,128,48.21
387,129,49.35
387,130,47.79
387,131,47.24
387,132,45.150000000000006
387,133,45.72
387,134,44.129999999999995
387,135,42.59
387,136,43.34
387,137,39.92
387,138,41.05
387,139,39.739999999999995
387,140,37.760000000000005
387,141,37.730000000000004
387,142,36.900000000000006
387,143,34.97
387,144,34.68000000000001
387,145,34.739999999999995
387,146,34.53
387,147,31.260000000000005
387,148,30.129999999999995
387,149,30.17
387,150,29.049999999999997
387,151,30.299999999999997
387,152,27.61
387,153,28.370000000000005
387,154,26.989999999999995
387,155,25.86
387,156,25.840000000000003
387,157,25.97
387,158,24.53
387,159,22.430000000000007
387,160,22.260000000000005
387,161,21
387,162,21.709999999999994
387,163,20.790000000000006
387,164,19.959999999999994
387,165,18.019999999999996
387,166,17.569999999999993
387,167,16.64
387,168,15.980000000000004
387,169,17.200000000000003
387,170,15.069999999999993
387,171,15.780000000000001
387,172,13.209999999999994
387,173,13.650000000000006
387,174,12.64
387,175,13.180000000000007
387,176,11.230000000000004
387,177,9.329999999999998
387,178,10.5
387,179,8.989999999999995
387,180,7.849999999999994
388,1,109.71
388,2,96.36
388,3,99.18
388,4,102.06
388,5,104.77
388,6,107.43
388,7,108.68
388,8,109.8
388,9,109.92
388,10,109.99
388,11,110
388,12,110
388,13,110
388,14,110
388,15,110
388,16,110
388,17,110
388,18,110
388,19,110
388,20,110
388,21,110
388,22,110
388,23,110
388,24,110
388,25,110
388,26,110
388,27,110
388,28,110
388,29,110
388,30,110
388,31,110
388,32,110
388,33,110
388,34,109.99
388,35,110
388,36,110
388,37,109.99
388,38,109.98
388,39,109.96
388,40,109.97
388,41,109.96
388,42,109.91
388,43,109.84
388,44,109.82
388,45,109.86
388,46,109.69
388,47,109.68
388,48,109.5
388,49,109.42
388,50,109.25
388,51,109.24
388,52,109.14
388,53,108.73
388,54,108.81
388,55,108.04
388,56,108.22
388,57,107.74
388,58,107.45
388,59,107.06
388,60,106.77
388,61,106.1
388,62,105.89
388,63,105.67
388,64,105.12
388,65,104.81
388,66,103.96
388,67,103.51
388,68,103.1
388,69,102.57
388,70,101.75
388,71,100.9
388,72,100.3
388,73,99.87
388,74,99.15
388,75,98.78999999999999
388,76,97.12
388,77,96.06
388,78,95.82
388,79,94.89
388,80,94.27
388,81,93.52
388,82,92.47
388,83,90.85
388,84,90.3
388,85,89.62
388,86,89.03999999999999
388,87,88.12
388,88,87.44
388,89,86.53
388,90,85.71000000000001
388,91,84.19
388,92,84.03
388,93,81.52
388,94,81.64
388,95,81.01
388,96,80.08
388,97,78.26
388,98,77.78
388,99,76.7
388,100,74.16
388,101,74.97
388,102,74.16
388,103,72.16
388,104,71.02000000000001
388,105,70.57
388,106,70.03999999999999
388,107,68.74000000000001
388,108,67.24000000000001
388,109,66.39
388,110,66.14
388,111,64.45
388,112,63.68
388,113,63.39
388,114,61.19
388,115,61.1
388,116,59.67
388,117,58.04
388,118,58.55
388,119,56.65
388,120,55.24
388,121,56.14
388,122,55.05
388,123,53.64
388,124,51.89
388,125,52.33
388,126,50.19
388,127,50.38
388,128,49.41
388,129,48.43
388,130,47.37
388,131,45.53
388,132,43.89
388,133,44.730000000000004
388,134,42.83
388,135,40.92
388,136,41.650000000000006
388,137,41
388,138,39.010000000000005
388,139,37.67
388,140,37.81
388,141,36.56
388,142,36.019999999999996
388,143,34.8
388,144,32.81999999999999
388,145,32.959999999999994
388,146,32.45
388,147,31.260000000000005
388,148,31.209999999999994
388,149,29.650000000000006
388,150,29.700000000000003
388,151,27.78
388,152,28.61
388,153,27.239999999999995
388,154,26.709999999999994
388,155,25.230000000000004
388,156,23.730000000000004
388,157,23.700000000000003
388,158,23.439999999999998
388,159,22.959999999999994
388,160,21.290000000000006
388,161,20.439999999999998
388,162,19.019999999999996
388,163,19.239999999999995
388,164,18.72
388,165,18.439999999999998
388,166,17.11
388,167,15.790000000000006
388,168,16.92
388,169,15.439999999999998
388,170,14.120000000000005
388,171,13.620000000000005
388,172,12.739999999999995
388,173,12.310000000000002
388,174,11.659999999999997
388,175,11.230000000000004
388,176,9.760000000000005
388,177,9.11
388,178,8.629999999999995
388,179,8.120000000000005
388,180,7.700000000000003
389,1,109.58
389,2,93.59
389,3,95.74
389,4,98.49
389,5,103.32
389,6,105.98
389,7,108.55
389,8,109.29
389,9,109.83
389,10,109.94
389,11,109.99
389,12,110
389,13,110
389,14,110
389,15,110
389,16,110
389,17,110
389,18,110
389,19,110
389,20,110
389,21,110
389,22,110
389,23,110
389,24,110
389,25,110
389,26,110
389,27,110
389,28,110
389,29,110
389,30,110
389,31,110
389,32,109.99
389,33,110
389,34,109.99
389,35,109.99
389,36,109.99
389,37,109.99
389,38,109.97
389,39,110
389,40,109.95
389,41,109.92
389,42,109.89
389,43,109.91
389,44,109.86
389,45,109.76
389,46,109.79
389,47,109.64
389,48,109.5
389,49,109.38
389,50,109.36
389,51,109.01
389,52,109.01
389,53,108.61
389,54,108.5
389,55,108.26
389,56,108.05
389,57,107.76
389,58,107.18
389,59,107.06
389,60,106.36
389,61,106.18
389,62,105.65
389,63,105.8
389,64,105.09
389,65,103.96
389,66,103.63
389,67,103.36
389,68,102.77
389,69,102.05
389,70,101.09
389,71,100.68
389,72,100.11
389,73,98.67
389,74,98.48
389,75,98.51
389,76,97.12
389,77,95.63
389,78,95.66
389,79,94.35
389,80,94.76
389,81,92.77
389,82,92.13
389,83,90.8
389,84,90.4
389,85,89.69
389,86,88.03999999999999
389,87,87.82
389,88,85.91
389,89,85.05
389,90,85.08
389,91,83.8
389,92,83.36
389,93,81.94
389,94,81.47
389,95,80.87
389,96,78.53999999999999
389,97,78.09
389,98,77.03
389,99,77.03
389,100,74.38
389,101,74.97
389,102,73.63
389,103,71.89
389,104,69.95
389,105,69.12
389,106,68.65
389,107,67.86
389,108,67.62
389,109,65.84
389,110,65.69
389,111,64.85
389,112,62.57
389,113,62.83
389,114,60.43
389,115,60.06
389,116,59.4
389,117,59.06
389,118,57.29
389,119,56.62
389,120,55.9
389,121,54.45
389,122,53.61
389,123,51.96
389,124,50.57
389,125,49.2
389,126,49.76
389,127,49.04
389,128,46.82
389,129,46.09
389,130,45
389,131,44.900000000000006
389,132,43.260000000000005
389,133,42.790000000000006
389,134,42.349999999999994
389,135,41.91
389,136,40.83
389,137,39.33
389,138,38.239999999999995
389,139,38.31999999999999
389,140,37.43000000000001
389,141,35.86
389,142,35.22
389,143,35.269999999999996
389,144,33.93000000000001
389,145,32.58
389,146,32.980000000000004
389,147,30.620000000000005
389,148,29.78
389,149,29.310000000000002
389,150,29.939999999999998
389,151,28.67
389,152,27.790000000000006
389,153,26.040000000000006
389,154,24.019999999999996
389,155,24.11
389,156,24.870000000000005
389,157,22.239999999999995
389,158,20.599999999999994
389,159,22.790000000000006
389,160,19.939999999999998
389,161,21.400000000000006
389,162,20.120000000000005
389,163,18.620000000000005
389,164,18.790000000000006
389,165,17.730000000000004
389,166,17.799999999999997
389,167,15.090000000000003
389,168,14.760000000000005
389,169,14.689999999999998
389,170,14.340000000000003
389,171,12.840000000000003
389,172,12.75
389,173,10.379999999999995
389,174,10.200000000000003
389,175,9.010000000000005
389,176,7.8799999999999955
389,177,7.6299999999999955
389,178,8.620000000000005
389,179,7.290000000000006
389,180,7.170000000000002
390,1,109.43
390,2,92.06
390,3,92.51
390,4,96.65
390,5,100.67
390,6,104.87
390,7,107.77
390,8,109.12
390,9,109.75
390,10,109.96
390,11,109.96
390,12,109.99
390,13,109.98
390,14,110
390,15,110
390,16,110
390,17,110
390,18,110
390,19,110
390,20,110
390,21,110
390,22,110
390,23,110
390,24,110
390,25,110
390,26,110
390,27,110
390,28,110
390,29,110
390,30,110
390,31,110
390,32,109.99
390,33,110
390,34,110
390,35,109.99
390,36,110
390,37,109.99
390,38,109.98
390,39,109.96
390,40,109.96
390,41,109.9
390,42,109.9
390,43,109.85
390,44,109.75
390,45,109.74
390,46,109.74
390,47,109.53
390,48,109.33
390,49,109.39
390,50,109.23
390,51,109.08
390,52,108.82
390,53,108.7
390,54,108.35
390,55,108.01
390,56,107.68
390,57,107.57
390,58,107.18
390,59,106.84
390,60,106.34
390,61,105.79
390,62,105.53
390,63,105.44
390,64,105.07
390,65,104.13
390,66,103.36
390,67,102.44
390,68,102.14
390,69,101.53
390,70,101.27
390,71,100.47
390,72,99.55
390,73,99.27
390,74,98.23
390,75,97.19
390,76,96.4
390,77,95.51
390,78,95.34
390,79,94.98
390,80,93.52
390,81,93
390,82,91.91
390,83,90.84
390,84,89.03
390,85,89.26
390,86,88.09
390,87,87.02
390,88,86
390,89,85.88
390,90,84.41
390,91,83.78999999999999
390,92,82
390,93,80.43
390,94,81.01
390,95,79.23
390,96,78.16
390,97,78.92
390,98,76.53
390,99,75.53
390,100,74.96000000000001
390,101,73.88
390,102,72.72
390,103,71.86
390,104,70.38
390,105,68.75999999999999
390,106,68.02000000000001
390,107,67.00999999999999
390,108,66.86
390,109,65.38
390,110,64.14
390,111,63.25
390,112,62.74
390,113,60.21
390,114,61.3
390,115,59.37
390,116,58.72
390,117,57.38
390,118,56
390,119,54.33
390,120,53.65
390,121,54.38
390,122,52.99
390,123,51.85
390,124,50.88
390,125,48.86
390,126,48.5
390,127,48.87
390,128,47.64
390,129,46.32
390,130,44.879999999999995
390,131,43.92
390,132,43.3
390,133,41.68000000000001
390,134,41.879999999999995
390,135,40.790000000000006
390,136,41.120000000000005
390,137,39.44
390,138,38.129999999999995
390,139,38.019999999999996
390,140,34.06
390,141,35.129999999999995
390,142,34.19
390,143,32.290000000000006
390,144,31.83
390,145,32.34
390,146,32.75
390,147,30.959999999999994
390,148,30.370000000000005
390,149,27.650000000000006
390,150,27.549999999999997
390,151,26.200000000000003
390,152,25.549999999999997
390,153,24.519999999999996
390,154,23.86
390,155,22.599999999999994
390,156,23.340000000000003
390,157,22.78
390,158,22.040000000000006
390,159,21.189999999999998
390,160,21.08
390,161,20.019999999999996
390,162,18.540000000000006
390,163,17.92
390,164,18.28
390,165,16.629999999999995
390,166,16.290000000000006
390,167,15.700000000000003
390,168,14.150000000000006
390,169,15.170000000000002
390,170,12.920000000000002
390,171,13.430000000000007
390,172,10.099999999999994
390,173,11.430000000000007
390,174,11.120000000000005
390,175,9.930000000000007
390,176,7.859999999999999
390,177,6.420000000000002
390,178,5.560000000000002
390,179,6.430000000000007
390,180,6.810000000000002
391,1,108.21
391,2,87.59
391,3,90.02
391,4,94.59
391,5,97.24
391,6,103.08
391,7,105.63
391,8,107.88
391,9,109.22
391,10,109.82
391,11,109.95
391,12,110
391,13,110
391,14,110
391,15,110
391,16,110
391,17,110
391,18,110
391,19,110
391,20,110
391,21,110
391,22,110
391,23,110
391,24,110
391,25,110
391,26,110
391,27,110
391,28,110
391,29,110
391,30,110
391,31,110
391,32,110
391,33,110
391,34,110
391,35,109.99
391,36,109.99
391,37,109.99
391,38,109.98
391,39,109.96
391,40,109.96
391,41,109.91
391,42,109.91
391,43,109.77
391,44,109.76
391,45,109.75
391,46,109.75
391,47,109.51
391,48,109.48
391,49,109.36
391,50,109.14
391,51,109.01
391,52,108.71
391,53,108.75
391,54,108.26
391,55,107.95
391,56,107.82
391,57,107.36
391,58,107.14
391,59,106.68
391,60,105.77
391,61,105.82
391,62,105.17
391,63,104.8
391,64,104.08
391,65,103.99
391,66,103.14
391,67,102.66
391,68,102.21
391,69,101.45
391,70,101.26
391,71,100.44
391,72,100.13
391,73,99.5
391,74,97.45
391,75,96.9
391,76,95.91
391,77,95.8
391,78,95
391,79,93.74
391,80,93.49
391,81,92.81
391,82,91.4
391,83,90.12
391,84,89.05
391,85,88.1
391,86,87.13
391,87,86.39
391,88,85.78
391,89,84.32
391,90,83.75
391,91,82.53999999999999
391,92,82.07
391,93,80.76
391,94,79.35
391,95,78.3
391,96,77.52000000000001
391,97,76.75999999999999
391,98,75.91
391,99,73.69
391,100,73.37
391,101,73.03999999999999
391,102,72.34
391,103,70.46000000000001
391,104,68.00999999999999
391,105,67.42
391,106,66.78999999999999
391,107,66.57
391,108,65.94
391,109,63.7
391,110,62.9
391,111,63.08
391,112,61.76
391,113,59.5
391,114,59.32
391,115,58.77
391,116,57.04
391,117,57.12
391,118,56.06
391,119,54.54
391,120,53.6
391,121,51.5
391,122,52.08
391,123,50.39
391,124,49.72
391,125,49.04
391,126,48.2
391,127,47.32
391,128,46.81
391,129,44.459999999999994
391,130,43.81
391,131,43
391,132,43.47
391,133,40.72
391,134,40.42
391,135,39.19
391,136,39.730000000000004
391,137,37.43000000000001
391,138,38.31
391,139,36.19
391,140,36.519999999999996
391,141,35.59
391,142,33.769999999999996
391,143,32.92
391,144,32.97
391,145,31.980000000000004
391,146,31.799999999999997
391,147,29.319999999999993
391,148,29.03
391,149,27.739999999999995
391,150,27.049999999999997
391,151,26.17
391,152,26.129999999999995
391,153,23.769999999999996
391,154,22.78
391,155,22.120000000000005
391,156,21.810000000000002
391,157,21.86
391,158,20.459999999999994
391,159,19.409999999999997
391,160,20.75
391,161,18.590000000000003
391,162,16.980000000000004
391,163,17.049999999999997
391,164,16.349999999999994
391,165,15.260000000000005
391,166,13.989999999999995
391,167,14.14
391,168,12.780000000000001
391,169,12.349999999999994
391,170,12.120000000000005
391,171,10.819999999999993
391,172,9.459999999999994
391,173,10.189999999999998
391,174,10.459999999999994
391,175,8.629999999999995
391,176,7.319999999999993
391,177,6.599999999999994
391,178,7.950000000000003
391,179,6.829999999999998
391,180,5.049999999999997
392,1,107.66
392,2,84.45
392,3,87.35
392,4,90.78999999999999
392,5,95.53
392,6,99.91
392,7,103.93
392,8,106.96
392,9,108.91
392,10,109.55
392,11,109.95
392,12,109.97
392,13,110
392,14,110
392,15,110
392,16,110
392,17,110
392,18,110
392,19,110
392,20,110
392,21,110
392,22,110
392,23,110
392,24,110
392,25,110
392,26,110
392,27,110
392,28,110
392,29,110
392,30,110
392,31,110
392,32,110
392,33,110
392,34,110
392,35,109.99
392,36,109.99
392,37,109.95
392,38,109.97
392,39,109.93
392,40,109.94
392,41,109.91
392,42,109.89
392,43,109.84
392,44,109.75
392,45,109.79
392,46,109.61
392,47,109.59
392,48,109.3
392,49,109.01
392,50,109.08
392,51,108.99
392,52,108.7
392,53,108.41
392,54,108.03
392,55,107.76
392,56,107.58
392,57,107.3
392,58,106.49
392,59,106.45
392,60,106.15
392,61,105.38
392,62,104.9
392,63,104.48
392,64,104.23
392,65,103.46
392,66,103.27
392,67,102.29
392,68,101.75
392,69,101.39
392,70,100.8
392,71,100.05
392,72,99.15
392,73,98.66
392,74,97.25
392,75,96.88
392,76,95.96000000000001
392,77,94.71000000000001
392,78,94.64
392,79,93.09
392,80,92.51
392,81,91.34
392,82,90.9
392,83,90.02
392,84,88.81
392,85,87.5
392,86,86.76
392,87,86.56
392,88,85.53999999999999
392,89,84
392,90,83.43
392,91,82.63
392,92,81.02
392,93,79.88
392,94,78.6
392,95,78.05
392,96,76.61
392,97,75.3
392,98,75.28999999999999
392,99,73.22999999999999
392,100,74.06
392,101,72.08
392,102,70.36
392,103,69.61
392,104,68.6
392,105,67.28999999999999
392,106,66.22999999999999
392,107,65.78
392,108,65.17
392,109,64.66
392,110,61.85
392,111,61.24
392,112,60.41
392,113,61.01
392,114,58.8
392,115,58.67
392,116,56.3
392,117,56.76
392,118,53.91
392,119,55.27
392,120,52.69
392,121,52.04
392,122,51.36
392,123,49.92
392,124,49.31
392,125,47.19
392,126,48.9
392,127,46.18
392,128,46.7
392,129,44.5
392,130,42.97
392,131,41.59
392,132,41.459999999999994
392,133,41.08
392,134,39.739999999999995
392,135,39.22
392,136,38.14
392,137,37.06
392,138,36.2
392,139,35.39
392,140,33.629999999999995
392,141,32.459999999999994
392,142,33.39
392,143,31.939999999999998
392,144,32.739999999999995
392,145,29.950000000000003
392,146,30.010000000000005
392,147,28.180000000000007
392,148,27.700000000000003
392,149,27.319999999999993
392,150,25.33
392,151,25.560000000000002
392,152,25.200000000000003
392,153,23.739999999999995
392,154,24.36
392,155,21.86
392,156,19.709999999999994
392,157,20.620000000000005
392,158,18.439999999999998
392,159,19.290000000000006
392,160,17.939999999999998
392,161,17.620000000000005
392,162,16.769999999999996
392,163,14.879999999999995
392,164,15.159999999999997
392,165,14.120000000000005
392,166,14.319999999999993
392,167,13.349999999999994
392,168,13.25
392,169,12.239999999999995
392,170,10.920000000000002
392,171,10.489999999999995
392,172,9.730000000000004
392,173,8.959999999999994
392,174,7.760000000000005
392,175,8.480000000000004
392,176,7.920000000000002
392,177,6.590000000000003
392,178,3.9200000000000017
392,179,6.689999999999998
392,180,2.9599999999999937
393,1,107.24
393,2,82.81
393,3,84.18
393,4,87.61
393,5,92.28999999999999
393,6,97.35
393,7,101.32
393,8,106.31
393,9,107.95
393,10,109.1
393,11,109.75
393,12,109.98
393,13,109.99
393,14,110
393,15,110
393,16,110
393,17,110
393,18,110
393,19,110
393,20,110
393,21,110
393,22,110
393,23,110
393,24,110
393,25,110
393,26,110
393,27,110
393,28,110
393,29,110
393,30,110
393,31,110
393,32,110
393,33,109.99
393,34,110
393,35,109.99
393,36,109.98
393,37,109.99
393,38,109.95
393,39,109.92
393,40,109.94
393,41,109.9
393,42,109.82
393,43,109.79
393,44,109.79
393,45,109.55
393,46,109.49
393,47,109.49
393,48,109.34
393,49,109.18
393,50,109.09
393,51,108.88
393,52,108.75
393,53,108.51
393,54,108.14
393,55,107.74
393,56,107.53
393,57,107.14
393,58,106.75
393,59,106.16
393,60,106.23
393,61,105.24
393,62,104.97
393,63,104.41
393,64,103.88
393,65,102.78
393,66,102.63
393,67,102.22
393,68,101.15
393,69,100.59
393,70,100.72
393,71,99.57
393,72,98.58
393,73,98.01
393,74,96.91
393,75,95.9
393,76,95.33
393,77,94.81
393,78,94.05
393,79,92.94
393,80,91.4
393,81,90.64
393,82,90.8
393,83,88.94
393,84,88.2
393,85,87.66
393,86,86.8
393,87,85.74
393,88,83.8
393,89,83.26
393,90,82.94
393,91,81.25
393,92,80.93
393,93,78.49
393,94,78.55
393,95,76.74000000000001
393,96,75.77000000000001
393,97,75.55
393,98,73.3
393,99,73.85
393,100,72.63
393,101,70.83
393,102,71.11
393,103,68.52000000000001
393,104,68.25
393,105,68.2
393,106,65.75
393,107,64.88
393,108,62.75
393,109,63.04
393,110,62.61
393,111,60.97
393,112,59.66
393,113,59.15
393,114,57.92
393,115,56.21
393,116,56.31
393,117,55.47
393,118,53.93
393,119,52.25
393,120,52.38
393,121,50.86
393,122,50.01
393,123,50
393,124,48.23
393,125,46.08
393,126,46.24
393,127,45.040000000000006
393,128,44.349999999999994
393,129,42.959999999999994
393,130,42.510000000000005
393,131,41.22
393,132,41.86
393,133,40.129999999999995
393,134,39.290000000000006
393,135,38.33
393,136,36.94
393,137,35.760000000000005
393,138,35.510000000000005
393,139,34.56999999999999
393,140,33.05
393,141,31.129999999999995
393,142,31.129999999999995
393,143,30.349999999999994
393,144,30.78
393,145,29.049999999999997
393,146,28.620000000000005
393,147,27.870000000000005
393,148,25.549999999999997
393,149,26.25
393,150,25.439999999999998
393,151,24.739999999999995
393,152,24.430000000000007
393,153,23.83
393,154,22.620000000000005
393,155,21.069999999999993
393,156,20.150000000000006
393,157,20.58
393,158,18.319999999999993
393,159,18.040000000000006
393,160,18.159999999999997
393,161,17.019999999999996
393,162,16.069999999999993
393,163,14.700000000000003
393,164,14.040000000000006
393,165,12.730000000000004
393,166,13.430000000000007
393,167,12.39
393,168,12.420000000000002
393,169,12.629999999999995
393,170,9.64
393,171,10.989999999999995
393,172,9.269999999999996
393,173,8.489999999999995
393,174,6.680000000000007
393,175,8.319999999999993
393,176,5.049999999999997
393,177,5.230000000000004
393,178,4.590000000000003
393,179,3.930000000000007
393,180,3.010000000000005
394,1,105.38
394,2,78.97
394,3,79.63
394,4,83.71000000000001
394,5,90.03999999999999
394,6,95.72
394,7,99.94
394,8,103.2
394,9,106.57
394,10,108.72
394,11,109.65
394,12,109.89
394,13,109.97
394,14,110
394,15,110
394,16,110
394,17,110
394,18,110
394,19,110
394,20,110
394,21,110
394,22,110
394,23,110
394,24,110
394,25,110
394,26,110
394,27,110
394,28,110
394,29,110
394,30,110
394,31,110
394,32,110
394,33,109.98
394,34,109.99
394,35,109.99
394,36,109.98
394,37,109.94
394,38,109.93
394,39,109.92
394,40,109.9
394,41,109.9
394,42,109.89
394,43,109.87
394,44,109.81
394,45,109.63
394,46,109.6
394,47,109.33
394,48,109.23
394,49,109.07
394,50,108.92
394,51,108.75
394,52,108.48
394,53,108.04
394,54,108.01
394,55,107.88
394,56,107.32
394,57,107.4
394,58,106.48
394,59,106.38
394,60,105.75
394,61,105.36
394,62,104.62
394,63,104.31
394,64,103.43
394,65,102.75
394,66,102.44
394,67,101.66
394,68,101.44
394,69,99.98
394,70,99.66
394,71,99.05
394,72,98.41
394,73,97.31
394,74,96.78
394,75,95.87
394,76,94.98
394,77,94.03999999999999
394,78,93.28
394,79,92.4
394,80,91.63
394,81,90.2
394,82,89.43
394,83,88.57
394,84,88.58
394,85,86.34
394,86,86.41
394,87,85.45
394,88,83.08
394,89,82.2
394,90,81.9
394,91,81.52
394,92,79.49
394,93,78.51
394,94,77.03999999999999
394,95,76.17
394,96,75.03
394,97,74.78999999999999
394,98,73.44
394,99,72.92
394,100,70.9
394,101,70.47
394,102,69.39
394,103,67.53999999999999
394,104,67.44
394,105,67.53
394,106,65.64
394,107,64.25
394,108,63.46
394,109,62.5
394,110,60.74
394,111,60.86
394,112,58.65
394,113,58.21
394,114,56.32
394,115,55.83
394,116,54.84
394,117,54.15
394,118,53.16
394,119,51.26
394,120,51.52
394,121,49.34
394,122,48.49
394,123,48.45
394,124,46.35
394,125,46.6
394,126,44.59
394,127,44.25
394,128,42.879999999999995
394,129,42.53
394,130,42.16
394,131,40.849999999999994
394,132,38.739999999999995
394,133,39
394,134,37.459999999999994
394,135,36.489999999999995
394,136,36.64
394,137,36.019999999999996
394,138,33.97
394,139,33.39
394,140,32.349999999999994
394,141,34.209999999999994
394,142,31.47
394,143,30.150000000000006
394,144,28.739999999999995
394,145,27.14
394,146,28.439999999999998
394,147,25.72
394,148,26.53
394,149,24.900000000000006
394,150,23.129999999999995
394,151,23.659999999999997
394,152,22.810000000000002
394,153,21.730000000000004
394,154,20.64
394,155,20.049999999999997
394,156,18.840000000000003
394,157,16.549999999999997
394,158,18.769999999999996
394,159,17.39
394,160,16.400000000000006
394,161,15.120000000000005
394,162,15.700000000000003
394,163,13.340000000000003
394,164,12.969999999999999
394,165,12.260000000000005
394,166,11.400000000000006
394,167,12.280000000000001
394,168,11.829999999999998
394,169,11.459999999999994
394,170,9.120000000000005
394,171,8.980000000000004
394,172,8.049999999999997
394,173,7.640000000000001
394,174,7.609999999999999
394,175,7.280000000000001
394,176,4.319999999999993
394,177,4.959999999999994
394,178,3.5
394,179,2.8499999999999943
394,180,1.8599999999999994
395,1,105.16
395,2,77.02000000000001
395,3,77.14
395,4,82.07
395,5,86.6
395,6,92.25
395,7,96.44
395,8,101.98
395,9,105.49
395,10,107.73
395,11,109.08
395,12,109.79
395,13,109.98
395,14,109.99
395,15,110
395,16,110
395,17,110
395,18,110
395,19,110
395,20,110
395,21,110
395,22,110
395,23,110
395,24,110
395,25,110
395,26,110
395,27,110
395,28,110
395,29,110
395,30,110
395,31,110
395,32,110
395,33,109.99
395,34,110
395,35,110
395,36,109.96
395,37,110
395,38,109.95
395,39,109.97
395,40,109.89
395,41,109.85
395,42,109.87
395,43,109.71
395,44,109.72
395,45,109.64
395,46,109.42
395,47,109.46
395,48,109.25
395,49,109.09
395,50,108.87
395,51,108.76
395,52,108.58
395,53,108.05
395,54,107.9
395,55,107.76
395,56,107.41
395,57,107.03
395,58,106.4
395,59,105.9
395,60,105.78
395,61,104.74
395,62,104.32
395,63,104.06
395,64,103.72
395,65,102.67
395,66,101.78999999999999
395,67,101.58
395,68,101.03999999999999
395,69,99.95
395,70,98.77
395,71,98.61
395,72,97.86
395,73,96.89
395,74,96.53999999999999
395,75,95.08
395,76,95.48
395,77,94.1
395,78,93
395,79,91.53999999999999
395,80,91.44
395,81,90.14
395,82,88.86
395,83,88.87
395,84,87.11
395,85,85.83
395,86,85.32
395,87,83.94
395,88,82.6
395,89,82.09
395,90,82.1
395,91,80.22
395,92,78.93
395,93,77.71000000000001
395,94,77.61
395,95,75.93
395,96,75.12
395,97,74.28999999999999
395,98,71.97
395,99,71.22
395,100,70.2
395,101,69.07
395,102,68.67
395,103,67.58
395,104,67.25999999999999
395,105,65.17
395,106,64.13
395,107,64.05
395,108,62.43
395,109,61.44
395,110,59.3
395,111,59.98
395,112,58.6
395,113,56.67
395,114,56.44
395,115,54.39
395,116,55.06
395,117,53.32
395,118,50.84
395,119,52.35
395,120,50.43
395,121,49.22
395,122,48.88
395,123,47.39
395,124,45.95
395,125,44.8
395,126,42.91
395,127,43.769999999999996
395,128,41.900000000000006
395,129,40.58
395,130,42.260000000000005
395,131,39.61
395,132,39.290000000000006
395,133,37.239999999999995
395,134,36.959999999999994
395,135,35.72
395,136,35.459999999999994
395,137,32.68000000000001
395,138,32.650000000000006
395,139,33.36
395,140,32.599999999999994
395,141,31.340000000000003
395,142,29.299999999999997
395,143,29.519999999999996
395,144,27.33
395,145,28.569999999999993
395,146,26.549999999999997
395,147,25.900000000000006
395,148,24.060000000000002
395,149,25.239999999999995
395,150,22.760000000000005
395,151,23.040000000000006
395,152,22.03
395,153,20.450000000000003
395,154,19.909999999999997
395,155,20.290000000000006
395,156,18.510000000000005
395,157,18.28
395,158,15.760000000000005
395,159,16.299999999999997
395,160,14.959999999999994
395,161,15.439999999999998
395,162,14.579999999999998
395,163,13.099999999999994
395,164,11.519999999999996
395,165,10.930000000000007
395,166,10.620000000000005
395,167,12.280000000000001
395,168,11.099999999999994
395,169,9.64
395,170,8.599999999999994
395,171,7.1299999999999955
395,172,7.730000000000004
395,173,5.959999999999994
395,174,5.260000000000005
395,175,5.109999999999999
395,176,4.769999999999996
395,177,2.030000000000001
395,178,2.930000000000007
395,179,4.3700000000000045
395,180,3.5999999999999943
396,1,100.05
396,2,73.32
396,3,74.34
396,4,78.26
396,5,84
396,6,89.38
396,7,94.57
396,8,99.2
396,9,103.98
396,10,106.81
396,11,109.08
396,12,109.29
396,13,109.82
396,14,109.99
396,15,110
396,16,110
396,17,110
396,18,110
396,19,110
396,20,110
396,21,110
396,22,110
396,23,110
396,24,110
396,25,110
396,26,110
396,27,110
396,28,110
396,29,110
396,30,110
396,31,110
396,32,110
396,33,109.99
396,34,110
396,35,110
396,36,109.99
396,37,109.95
396,38,109.95
396,39,109.96
396,40,109.83
396,41,109.84
396,42,109.77
396,43,109.69
396,44,109.54
396,45,109.55
396,46,109.4
396,47,109.2
396,48,109.23
396,49,108.92
396,50,108.71
396,51,108.69
396,52,108.42
396,53,108.13
396,54,107.98
396,55,107.43
396,56,107.09
396,57,106.88
396,58,106.51
396,59,105.59
396,60,105.45
396,61,105.01
396,62,104.19
396,63,103.9
396,64,103.31
396,65,102.26
396,66,102.47
396,67,101.1
396,68,100.42
396,69,99.56
396,70,99.59
396,71,98.52
396,72,97.93
396,73,97.19
396,74,95.72
396,75,94.55
396,76,94.15
396,77,93.46000000000001
396,78,92.58
396,79,91.1
396,80,90.58
396,81,88.77
396,82,88.38
396,83,87.43
396,84,86.65
396,85,85.78
396,86,84.98
396,87,84.02
396,88,83.63
396,89,82.07
396,90,80.4
396,91,80.7
396,92,78.07
396,93,77.35
396,94,75.78999999999999
396,95,75.8
396,96,74.03999999999999
396,97,74.02000000000001
396,98,72.4
396,99,71.28999999999999
396,100,68.59
396,101,69.53
396,102,67.96000000000001
396,103,67.05
396,104,65.77000000000001
396,105,64.97
396,106,63.07
396,107,63.17
396,108,62.45
396,109,60.84
396,110,60.1
396,111,58.68
396,112,56.34
396,113,56.48
396,114,54.53
396,115,54.38
396,116,54.69
396,117,52.11
396,118,51.62
396,119,50.75
396,120,49.41
396,121,46.89
396,122,47.95
396,123,46.92
396,124,45.650000000000006
396,125,44.5
396,126,41.980000000000004
396,127,43.150000000000006
396,128,41.43000000000001
396,129,41.120000000000005
396,130,40.379999999999995
396,131,38.28
396,132,38.989999999999995
396,133,36.33
396,134,36.519999999999996
396,135,35.760000000000005
396,136,34.629999999999995
396,137,33.010000000000005
396,138,32.879999999999995
396,139,31.39
396,140,31.25
396,141,30.310000000000002
396,142,28.739999999999995
396,143,28.42
396,144,26.08
396,145,27.120000000000005
396,146,27.989999999999995
396,147,24.97
396,148,26.53
396,149,23.040000000000006
396,150,23.14
396,151,21.010000000000005
396,152,21.799999999999997
396,153,18.209999999999994
396,154,18.799999999999997
396,155,17.939999999999998
396,156,18.97
396,157,17.78
396,158,16.11
396,159,16.459999999999994
396,160,15.239999999999995
396,161,13.299999999999997
396,162,15.180000000000007
396,163,12.680000000000007
396,164,11.670000000000002
396,165,12.150000000000006
396,166,11.560000000000002
396,167,9.400000000000006
396,168,8.150000000000006
396,169,7.769999999999996
396,170,7.590000000000003
396,171,7.390000000000001
396,172,6.969999999999999
396,173,4
396,174,3.8100000000000023
396,175,4.319999999999993
396,176,4.040000000000006
396,177,2.6099999999999994
396,178,3.3599999999999994
396,179,1.0400000000000063
396,180,2.269999999999996
397,1,98.25
397,2,69.18
397,3,71.36
397,4,75.33
397,5,80.2
397,6,87.49
397,7,90.91
397,8,97.12
397,9,102.59
397,10,105.42
397,11,107.12
397,12,108.84
397,13,109.21
397,14,109.95
397,15,109.95
397,16,110
397,17,110
397,18,110
397,19,110
397,20,110
397,21,110
397,22,110
397,23,110
397,24,110
397,25,110
397,26,110
397,27,110
397,28,110
397,29,109.99
397,30,110
397,31,109.99
397,32,110
397,33,110
397,34,109.99
397,35,109.99
397,36,109.97
397,37,109.94
397,38,109.97
397,39,109.96
397,40,109.87
397,41,109.81
397,42,109.78
397,43,109.71
397,44,109.72
397,45,109.58
397,46,109.4
397,47,109.24
397,48,109.05
397,49,108.93
397,50,108.9
397,51,108.56
397,52,108.19
397,53,107.95
397,54,107.64
397,55,107.24
397,56,106.8
397,57,106.33
397,58,106.23
397,59,105.69
397,60,105.09
397,61,104.63
397,62,104.16
397,63,103.62
397,64,102.67
397,65,102.1
397,66,101.75
397,67,100.73
397,68,100.37
397,69,99.44
397,70,98.97
397,71,97.4
397,72,97.19
397,73,96.18
397,74,94.7
397,75,94.39
397,76,93.57
397,77,92.27
397,78,91.74
397,79,91.78
397,80,89.98
397,81,88.5
397,82,88.03999999999999
397,83,87.12
397,84,85.96000000000001
397,85,83.62
397,86,84.59
397,87,83.64
397,88,81.47
397,89,80.61
397,90,79.67
397,91,78.46000000000001
397,92,77.42
397,93,76.21000000000001
397,94,75.7
397,95,74.61
397,96,73.42
397,97,72.03
397,98,71.41
397,99,70.7
397,100,69.83
397,101,68.5
397,102,66.16
397,103,65.87
397,104,64.47999999999999
397,105,63.78
397,106,64.00999999999999
397,107,62.07
397,108,60.73
397,109,59.48
397,110,59.46
397,111,58.71
397,112,56.33
397,113,55.74
397,114,54.38
397,115,54.2
397,116,52.37
397,117,51.34
397,118,50.58
397,119,49.56
397,120,47.47
397,121,48.91
397,122,47.07
397,123,46.03
397,124,45.540000000000006
397,125,44.650000000000006
397,126,41.41
397,127,42.5
397,128,41.05
397,129,38.739999999999995
397,130,38.45
397,131,38.17
397,132,36.31
397,133,36.349999999999994
397,134,36.53
397,135,34.17
397,136,34.53
397,137,32.81
397,138,30.549999999999997
397,139,30.959999999999994
397,140,29.540000000000006
397,141,28.939999999999998
397,142,28.810000000000002
397,143,27.14
397,144,25.569999999999993
397,145,26.620000000000005
397,146,25.129999999999995
397,147,24.680000000000007
397,148,22.61
397,149,23.730000000000004
397,150,20.909999999999997
397,151,21.03
397,152,19.33
397,153,20.53
397,154,19.290000000000006
397,155,16.92
397,156,15.159999999999997
397,157,17.75
397,158,15.900000000000006
397,159,14.659999999999997
397,160,16
397,161,11.5
397,162,12.590000000000003
397,163,11.989999999999995
397,164,12.150000000000006
397,165,9
397,166,10.239999999999995
397,167,9.189999999999998
397,168,9.230000000000004
397,169,7.25
397,170,7.159999999999997
397,171,7.230000000000004
397,172,6.079999999999998
397,173,3.8499999999999943
397,174,3.9399999999999977
397,175,4.5
397,176,3.969999999999999
397,177,3.819999999999993
397,178,2.239999999999995
397,179,0.6200000000000045
397,180,0.010000000000005116
398,1,98.27
398,2,67.24000000000001
398,3,70.34
398,4,72.69
398,5,75.8
398,6,81.71000000000001
398,7,90.09
398,8,94.01
398,9,99.41
398,10,102.89
398,11,105.9
398,12,107.7
398,13,109.21
398,14,109.87
398,15,109.96
398,16,109.94
398,17,110
398,18,110
398,19,110
398,20,110
398,21,110
398,22,110
398,23,110
398,24,110
398,25,110
398,26,110
398,27,110
398,28,110
398,29,110
398,30,110
398,31,110
398,32,109.99
398,33,110
398,34,110
398,35,109.98
398,36,109.97
398,37,109.96
398,38,109.95
398,39,109.94
398,40,109.87
398,41,109.82
398,42,109.74
398,43,109.7
398,44,109.65
398,45,109.48
398,46,109.36
398,47,109.33
398,48,109.01
398,49,108.81
398,50,108.73
398,51,108.49
398,52,108.12
398,53,108.01
398,54,107.5
398,55,107.16
398,56,106.77
398,57,106.6
398,58,105.64
398,59,105.58
398,60,105.19
398,61,104.32
398,62,103.73
398,63,102.78
398,64,102.72
398,65,101.68
398,66,101.38
398,67,100.32
398,68,100.61
398,69,99.05
398,70,98.69
398,71,97.84
398,72,96.49
398,73,96.03
398,74,95.28
398,75,93.7
398,76,93.08
398,77,92.06
398,78,90.96000000000001
398,79,90.22
398,80,89.15
398,81,88.6
398,82,86.48
398,83,86.33
398,84,85.78999999999999
398,85,84.96000000000001
398,86,83.32
398,87,82.18
398,88,81.16
398,89,80.55
398,90,78.31
398,91,77.47999999999999
398,92,77.28
398,93,76.06
398,94,74.17
398,95,74.4
398,96,73.16
398,97,71.83
398,98,70.08
398,99,69.12
398,100,67.92
398,101,67.92
398,102,66.63
398,103,65.3
398,104,63.47
398,105,63.4
398,106,61.33
398,107,60.68
398,108,59.58
398,109,58.61
398,110,56.84
398,111,57.42
398,112,56.85
398,113,54.7
398,114,54.22
398,115,52.7
398,116,51.99
398,117,49.88
398,118,49.68
398,119,48.56
398,120,47.84
398,121,46.56
398,122,45.91
398,123,45.17
398,124,42.900000000000006
398,125,41.739999999999995
398,126,41.870000000000005
398,127,41.56
398,128,39.81
398,129,38.25
398,130,38.43000000000001
398,131,38.260000000000005
398,132,37.3
398,133,36.269999999999996
398,134,35.19
398,135,32.849999999999994
398,136,32.650000000000006
398,137,29.25
398,138,32.17
398,139,29.370000000000005
398,140,29.200000000000003
398,141,28.510000000000005
398,142,28.480000000000004
398,143,26.58
398,144,25.590000000000003
398,145,24.22
398,146,23.900000000000006
398,147,23.61
398,148,22.810000000000002
398,149,21.349999999999994
398,150,22.230000000000004
398,151,19.97
398,152,19.180000000000007
398,153,17.549999999999997
398,154,19.22
398,155,17
398,156,16.17
398,157,17.569999999999993
398,158,13.969999999999999
398,159,14.079999999999998
398,160,13.150000000000006
398,161,13.189999999999998
398,162,13.340000000000003
398,163,11.349999999999994
398,164,8.329999999999998
398,165,10.060000000000002
398,166,8.840000000000003
398,167,8.189999999999998
398,168,6.730000000000004
398,169,5.400000000000006
398,170,5.790000000000006
398,171,5.400000000000006
398,172,5.700000000000003
398,173,4.6200000000000045
398,174,4.060000000000002
398,175,2.0900000000000034
398,176,2.1299999999999955
398,177,3.5
398,178,1.5799999999999983
398,179,1.2099999999999937
398,180,0.9500000000000028
399,1,93.33
399,2,63.89
399,3,64.3
399,4,68.69
399,5,74.68
399,6,80.38
399,7,86.69
399,8,91.1
399,9,96.19
399,10,100.43
399,11,104.82
399,12,107.22
399,13,108.8
399,14,109.39
399,15,109.84
399,16,109.94
399,17,110
399,18,109.99
399,19,110
399,20,110
399,21,110
399,22,110
399,23,110
399,24,110
399,25,110
399,26,110
399,27,110
399,28,110
399,29,110
399,30,110
399,31,110
399,32,110
399,33,110
399,34,110
399,35,109.98
399,36,109.97
399,37,109.91
399,38,109.96
399,39,109.93
399,40,109.82
399,41,109.9
399,42,109.78
399,43,109.67
399,44,109.58
399,45,109.54
399,46,109.33
399,47,109.22
399,48,108.98
399,49,108.93
399,50,108.62
399,51,108.09
399,52,108.07
399,53,107.89
399,54,107.66
399,55,107.22
399,56,106.64
399,57,106.48
399,58,105.65
399,59,105.29
399,60,104.73
399,61,103.82
399,62,103.93
399,63,102.6
399,64,102.01
399,65,101.63
399,66,100.95
399,67,100.67
399,68,99.71000000000001
399,69,98.96000000000001
399,70,97.81
399,71,97.03
399,72,95.8
399,73,94.98
399,74,94.82
399,75,93.9
399,76,92.22
399,77,91.69
399,78,91.28
399,79,89.55
399,80,88.6
399,81,87.9
399,82,86.96000000000001
399,83,86.63
399,84,84.59
399,85,83.63
399,86,82.94
399,87,81.7
399,88,80.75
399,89,78.76
399,90,78.76
399,91,76.68
399,92,76.06
399,93,75.7
399,94,75.13
399,95,72.74000000000001
399,96,72.31
399,97,71.52000000000001
399,98,70.28
399,99,68.53
399,100,67.83
399,101,65.68
399,102,65.72999999999999
399,103,64.02000000000001
399,104,63.43
399,105,63.09
399,106,61.25
399,107,60.31
399,108,58.51
399,109,57.68
399,110,57.59
399,111,55.52
399,112,55.63
399,113,54.68
399,114,53.38
399,115,51.85
399,116,50.51
399,117,49.36
399,118,49.38
399,119,47.18
399,120,45.86
399,121,45.879999999999995
399,122,44.89
399,123,45.099999999999994
399,124,42.519999999999996
399,125,43.870000000000005
399,126,41.03
399,127,39.81999999999999
399,128,39.09
399,129,36.870000000000005
399,130,37.97
399,131,36.629999999999995
399,132,36.31999999999999
399,133,34.019999999999996
399,134,33.78
399,135,33.099999999999994
399,136,32.620000000000005
399,137,30.659999999999997
399,138,29.819999999999993
399,139,29.290000000000006
399,140,27.22
399,141,29.680000000000007
399,142,25.810000000000002
399,143,26.189999999999998
399,144,25.92
399,145,24.739999999999995
399,146,22.409999999999997
399,147,21.180000000000007
399,148,22.150000000000006
399,149,20.930000000000007
399,150,20.25
399,151,19.849999999999994
399,152,18.340000000000003
399,153,15.879999999999995
399,154,17.590000000000003
399,155,14.560000000000002
399,156,14.420000000000002
399,157,14.950000000000003
399,158,13.269999999999996
399,159,13.459999999999994
399,160,11.989999999999995
399,161,12.11
399,162,12.14
399,163,9.870000000000005
399,164,8.569999999999993
399,165,8.939999999999998
399,166,7.200000000000003
399,167,6.8700000000000045
399,168,6.719999999999999
399,169,6.030000000000001
399,170,6.290000000000006
399,171,3.799999999999997
399,172,3.819999999999993
399,173,3.8100000000000023
399,174,1.6899999999999977
399,175,1.4599999999999937
399,176,0.8599999999999994
399,177,0.730000000000004
399,178,0.14000000000000057
399,179,1.7900000000000063
399,180,0.8799999999999955
400,1,90.28
400,2,60.15
400,3,62.14
400,4,66.9
400,5,71.53999999999999
400,6,76.84
400,7,81.95
400,8,89.43
400,9,92.98
400,10,99.2
400,11,102.2
400,12,105.11
400,13,107.86
400,14,109.25
400,15,109.72
400,16,109.83
400,17,109.99
400,18,109.99
400,19,110
400,20,110
400,21,110
400,22,110
400,23,110
400,24,110
400,25,110
400,26,110
400,27,110
400,28,110
400,29,110
400,30,110
400,31,110
400,32,110
400,33,109.99
400,34,109.95
400,35,109.99
400,36,109.97
400,37,109.94
400,38,109.94
400,39,109.92
400,40,109.81
400,41,109.87
400,42,109.67
400,43,109.75
400,44,109.49
400,45,109.58
400,46,109.24
400,47,109.27
400,48,108.95
400,49,108.71
400,50,108.55
400,51,108.01
400,52,108.02
400,53,107.61
400,54,107.47
400,55,107.09
400,56,106.44
400,57,105.77
400,58,105.66
400,59,105.08
400,60,104.05
400,61,103.49
400,62,103.18
400,63,102.92
400,64,101.91
400,65,100.8
400,66,100.55
400,67,99.51
400,68,98.84
400,69,97.6
400,70,97.86
400,71,96.66
400,72,96.16
400,73,95.26
400,74,93.53
400,75,92.94
400,76,91.53999999999999
400,77,91.18
400,78,89.9
400,79,89.53
400,80,88.14
400,81,86.42
400,82,86.64
400,83,84.78999999999999
400,84,83.63
400,85,83.01
400,86,81.19
400,87,81.27
400,88,79.82
400,89,78.88
400,90,77.7
400,91,76.64
400,92,76.03999999999999
400,93,74.06
400,94,73.69
400,95,72.21000000000001
400,96,71.91
400,97,69.81
400,98,68.7
400,99,68.59
400,100,66.96000000000001
400,101,65.95
400,102,64.94
400,103,62.87
400,104,62.83
400,105,61.11
400,106,60.28
400,107,59.94
400,108,56.78
400,109,57.07
400,110,56.25
400,111,54.31
400,112,53.75
400,113,52.45
400,114,50.89
400,115,50.59
400,116,49.79
400,117,48.93
400,118,46.69
400,119,46.66
400,120,46.4
400,121,45.760000000000005
400,122,45.41
400,123,43.480000000000004
400,124,41.89
400,125,39.78
400,126,40.34
400,127,40.06
400,128,38.28
400,129,36.93000000000001
400,130,35.16
400,131,34.06
400,132,34.44
400,133,33.91
400,134,31.730000000000004
400,135,31.25
400,136,31.83
400,137,29.230000000000004
400,138,28.549999999999997
400,139,27.53
400,140,27.349999999999994
400,141,27.430000000000007
400,142,25.689999999999998
400,143,25.620000000000005
400,144,23.489999999999995
400,145,23.120000000000005
400,146,23.379999999999995
400,147,21.89
400,148,19.629999999999995
400,149,18.83
400,150,18.560000000000002
400,151,17.040000000000006
400,152,16.930000000000007
400,153,17.060000000000002
400,154,17.189999999999998
400,155,14.189999999999998
400,156,15.459999999999994
400,157,14.299999999999997
400,158,13.790000000000006
400,159,11.349999999999994
400,160,11.989999999999995
400,161,12.260000000000005
400,162,8.790000000000006
400,163,8.620000000000005
400,164,9.239999999999995
400,165,6.209999999999994
400,166,8.739999999999995
400,167,5.859999999999999
400,168,4.25
400,169,5.420000000000002
400,170,6.590000000000003
400,171,4.549999999999997
400,172,4.030000000000001
400,173,3.5999999999999943
400,174,0.04999999999999716
400,175,2.3599999999999994
400,176,0.6099999999999994
400,177,0.4099999999999966
400,178,0.15000000000000568
400,179,1.4300000000000068
400,180,1.5499999999999972
401,1,87.3
401,2,56.94
401,3,58.51
401,4,63.88
401,5,67.71000000000001
401,6,74.77000000000001
401,7,79.12
401,8,86.01
401,9,91.82
401,10,95.8
401,11,99.7
401,12,105.49
401,13,106.18
401,14,108.27
401,15,109.03
401,16,109.9
401,17,109.98
401,18,110
401,19,110
401,20,110
401,21,110
401,22,110
401,23,110
401,24,110
401,25,110
401,26,110
401,27,110
401,28,110
401,29,110
401,30,110
401,31,110
401,32,110
401,33,109.99
401,34,109.98
401,35,110
401,36,109.95
401,37,109.94
401,38,109.94
401,39,109.9
401,40,109.78
401,41,109.81
401,42,109.69
401,43,109.49
401,44,109.53
401,45,109.31
401,46,109.21
401,47,109.13
401,48,108.81
401,49,108.59
401,50,108.39
401,51,107.98
401,52,107.95
401,53,107.77
401,54,107.13
401,55,106.76
401,56,106.21
401,57,105.73
401,58,105.56
401,59,104.8
401,60,104.04
401,61,103.64
401,62,102.87
401,63,102.17
401,64,101.62
401,65,101.08
401,66,100.18
401,67,99.48
401,68,99.08
401,69,98.38
401,70,96.86
401,71,96.37
401,72,95.28
401,73,94.6
401,74,93.58
401,75,92.57
401,76,91.17
401,77,90.96000000000001
401,78,89.46000000000001
401,79,88.28999999999999
401,80,87.67
401,81,86.95
401,82,85.06
401,83,84.34
401,84,82.95
401,85,81.8
401,86,80.95
401,87,80.35
401,88,78
401,89,77.32
401,90,76.58
401,91,74.81
401,92,75.96000000000001
401,93,73.25
401,94,72.69
401,95,71.36
401,96,70.27000000000001
401,97,68.81
401,98,69.22
401,99,67.72
401,100,65.99000000000001
401,101,65.95
401,102,63.72
401,103,62.9
401,104,62.37
401,105,59.91
401,106,59.26
401,107,58.93
401,108,57.34
401,109,57.14
401,110,55.72
401,111,55.69
401,112,52.79
401,113,51.37
401,114,52.71
401,115,49.63
401,116,49.53
401,117,48.35
401,118,48.32
401,119,46.36
401,120,44.47
401,121,42.849999999999994
401,122,41.95
401,123,41.72
401,124,40.06999999999999
401,125,39.629999999999995
401,126,40.28
401,127,38.86
401,128,38.370000000000005
401,129,36.31
401,130,35.97
401,131,35.33
401,132,34.260000000000005
401,133,32.099999999999994
401,134,31.480000000000004
401,135,30.92
401,136,31.75
401,137,29.409999999999997
401,138,27.83
401,139,27.629999999999995
401,140,26.810000000000002
401,141,25.83
401,142,24.489999999999995
401,143,25.450000000000003
401,144,22.659999999999997
401,145,21.310000000000002
401,146,21.810000000000002
401,147,21.069999999999993
401,148,19.040000000000006
401,149,19.310000000000002
401,150,18.459999999999994
401,151,16.340000000000003
401,152,16.36
401,153,16.629999999999995
401,154,14.5
401,155,15.030000000000001
401,156,12.560000000000002
401,157,11.969999999999999
401,158,11.299999999999997
401,159,10.230000000000004
401,160,11.090000000000003
401,161,10.269999999999996
401,162,8.769999999999996
401,163,6.859999999999999
401,164,6.8799999999999955
401,165,7.439999999999998
401,166,5.3799999999999955
401,167,4.079999999999998
401,168,5.569999999999993
401,169,5.040000000000006
401,170,5
401,171,2.1299999999999955
401,172,2.730000000000004
401,173,0.8700000000000045
401,174,0.4300000000000068
401,175,0.5600000000000023
401,176,1.7999999999999972
401,177,2.010000000000005
401,178,3.1099999999999994
401,179,1.9599999999999937
401,180,2.8700000000000045
402,1,85.18
402,2,53.96
402,3,55.46
402,4,61.24
402,5,66.06
402,6,70.14
402,7,76.19
402,8,82.39
402,9,87.1
402,10,92.97
402,11,98.34
402,12,102.27
402,13,105.57
402,14,106.58
402,15,108.33
402,16,109.43
402,17,109.89
402,18,109.96
402,19,109.99
402,20,110
402,21,110
402,22,110
402,23,110
402,24,110
402,25,110
402,26,110
402,27,110
402,28,110
402,29,110
402,30,110
402,31,110
402,32,110
402,33,109.98
402,34,109.99
402,35,109.97
402,36,109.98
402,37,109.94
402,38,109.9
402,39,109.85
402,40,109.78
402,41,109.77
402,42,109.6
402,43,109.57
402,44,109.45
402,45,109.41
402,46,109.3
402,47,108.9
402,48,108.94
402,49,108.31
402,50,108.35
402,51,107.97
402,52,107.78
402,53,107.19
402,54,107.02
402,55,106.3
402,56,106.03
402,57,105.23
402,58,105.48
402,59,104.6
402,60,104.14
402,61,103.23
402,62,103.1
402,63,102.29
402,64,101.39
402,65,100.34
402,66,100.15
402,67,99.39
402,68,98.64
402,69,97.82
402,70,96.62
402,71,95.35
402,72,95.01
402,73,94
402,74,93.39
402,75,91.24
402,76,91.23
402,77,90.02
402,78,89.61
402,79,87.46000000000001
402,80,87.59
402,81,85.47
402,82,84.59
402,83,84.36
402,84,82.6
402,85,80.98
402,86,81.24
402,87,78.99
402,88,79.61
402,89,77.8
402,90,76.44
402,91,75.65
402,92,73.36
402,93,72.53
402,94,71.78999999999999
402,95,70.61
402,96,69.77000000000001
402,97,67.87
402,98,68.33
402,99,66.72
402,100,64.72999999999999
402,101,63.98
402,102,63.66
402,103,60.96
402,104,61.35
402,105,58.85
402,106,59.5
402,107,56.81
402,108,56.64
402,109,56.28
402,110,54.59
402,111,53.77
402,112,51.96
402,113,50.73
402,114,49.01
402,115,48.24
402,116,48.25
402,117,48.71
402,118,45.459999999999994
402,119,45.44
402,120,44.18000000000001
402,121,43.61
402,122,42.230000000000004
402,123,41.78
402,124,40.370000000000005
402,125,41.150000000000006
402,126,37.879999999999995
402,127,37.55
402,128,37.849999999999994
402,129,35.540000000000006
402,130,34.59
402,131,33.43000000000001
402,132,32.58
402,133,31.120000000000005
402,134,30.709999999999994
402,135,29.700000000000003
402,136,30.730000000000004
402,137,28.28
402,138,26.959999999999994
402,139,26.97
402,140,24.83
402,141,25.42
402,142,23.790000000000006
402,143,22.739999999999995
402,144,23.019999999999996
402,145,20.819999999999993
402,146,20.540000000000006
402,147,20.549999999999997
402,148,19.209999999999994
402,149,19.25
402,150,18.290000000000006
402,151,15.840000000000003
402,152,16.010000000000005
402,153,16.25
402,154,14.120000000000005
402,155,11.680000000000007
402,156,12.25
402,157,13.129999999999995
402,158,11.069999999999993
402,159,10.319999999999993
402,160,10.599999999999994
402,161,8.409999999999997
402,162,7.969999999999999
402,163,6.560000000000002
402,164,7.609999999999999
402,165,4.709999999999994
402,166,5.640000000000001
402,167,3.969999999999999
402,168,2
402,169,3.4099999999999966
402,170,2.819999999999993
402,171,1.2000000000000028
402,172,0.9699999999999989
402,173,0.37000000000000455
402,174,0.29999999999999716
402,175,0.6200000000000045
402,176,2.2900000000000063
402,177,1.9500000000000028
402,178,1.1099999999999994
402,179,4.590000000000003
402,180,4.810000000000002
403,1,83.25
403,2,51.64
403,3,52.66
403,4,56.18
403,5,60.86
403,6,68.08
403,7,73.27000000000001
403,8,79.25
403,9,84.24
403,10,89.58
403,11,94.27
403,12,99.78
403,13,103.71
403,14,106.27
403,15,107.88
403,16,109.27
403,17,109.57
403,18,109.91
403,19,109.98
403,20,110
403,21,109.99
403,22,110
403,23,110
403,24,110
403,25,110
403,26,110
403,27,110
403,28,110
403,29,109.99
403,30,110
403,31,109.99
403,32,109.98
403,33,109.99
403,34,109.96
403,35,109.93
403,36,109.96
403,37,109.91
403,38,109.95
403,39,109.88
403,40,109.85
403,41,109.7
403,42,109.7
403,43,109.72
403,44,109.41
403,45,109.12
403,46,109.19
403,47,109.08
403,48,108.74
403,49,108.66
403,50,108.21
403,51,107.51
403,52,107.56
403,53,107.15
403,54,106.87
403,55,106.42
403,56,106.29
403,57,105.39
403,58,104.87
403,59,104.44
403,60,103.6
403,61,103
403,62,102.42
403,63,101.45
403,64,100.63
403,65,100.34
403,66,100.03
403,67,98.24
403,68,97.36
403,69,96.9
403,70,95.95
403,71,94.74
403,72,94.18
403,73,93.75
403,74,92.27
403,75,91.53
403,76,89.96000000000001
403,77,89.42
403,78,88.87
403,79,87.4
403,80,85.73
403,81,84.77
403,82,84.09
403,83,83.8
403,84,81.68
403,85,80.17
403,86,79.63
403,87,78.6
403,88,76.72
403,89,76.52000000000001
403,90,76.02000000000001
403,91,74.46000000000001
403,92,73.03
403,93,72.88
403,94,71.53999999999999
403,95,68.92
403,96,69.42
403,97,67.25
403,98,66.42
403,99,65.02000000000001
403,100,63.62
403,101,63.51
403,102,62.14
403,103,60.9
403,104,60.79
403,105,58.97
403,106,57.84
403,107,57.58
403,108,54.82
403,109,54.52
403,110,54.51
403,111,51.74
403,112,51.12
403,113,50.72
403,114,47.68
403,115,48.04
403,116,47.25
403,117,46.74
403,118,46.72
403,119,45.08
403,120,42.95
403,121,42.28
403,122,41.099999999999994
403,123,41.19
403,124,40.2
403,125,38.349999999999994
403,126,37.66
403,127,36.650000000000006
403,128,36.129999999999995
403,129,34.44
403,130,32.69
403,131,32.209999999999994
403,132,33.22
403,133,31.150000000000006
403,134,28.78
403,135,29.129999999999995
403,136,29.379999999999995
403,137,28.659999999999997
403,138,26.33
403,139,24.769999999999996
403,140,24.92
403,141,23.689999999999998
403,142,22.450000000000003
403,143,21.439999999999998
403,144,21.370000000000005
403,145,19.430000000000007
403,146,19.700000000000003
403,147,17.540000000000006
403,148,16.22
403,149,14.909999999999997
403,150,14.799999999999997
403,151,15.870000000000005
403,152,14.540000000000006
403,153,14.799999999999997
403,154,14.519999999999996
403,155,11.519999999999996
403,156,12.069999999999993
403,157,10.530000000000001
403,158,11.079999999999998
403,159,9.819999999999993
403,160,9.450000000000003
403,161,8.349999999999994
403,162,7.25
403,163,6.239999999999995
403,164,5.439999999999998
403,165,5.900000000000006
403,166,3.819999999999993
403,167,3.1099999999999994
403,168,2.950000000000003
403,169,2.3499999999999943
403,170,2.9200000000000017
403,171,1.6700000000000017
403,172,0.6599999999999966
403,173,1.230000000000004
403,174,1.6700000000000017
403,175,1.8499999999999943
403,176,1.8400000000000034
403,177,3.5999999999999943
403,178,3.9099999999999966
403,179,4.359999999999999
403,180,4.799999999999997
404,1,78.35
404,2,48.61
404,3,49.32
404,4,53.52
404,5,59.03
404,6,64.72
404,7,69.82
404,8,76.11
404,9,82.78999999999999
404,10,88.34
404,11,92.49
404,12,97.68
404,13,100.94
404,14,104.5
404,15,107.05
404,16,108.71
404,17,109.45
404,18,109.89
404,19,109.96
404,20,109.99
404,21,110
404,22,110
404,23,110
404,24,110
404,25,110
404,26,110
404,27,110
404,28,110
404,29,110
404,30,109.99
404,31,110
404,32,109.98
404,33,109.98
404,34,109.99
404,35,109.98
404,36,109.94
404,37,109.94
404,38,109.88
404,39,109.88
404,40,109.7
404,41,109.71
404,42,109.59
404,43,109.37
404,44,109.27
404,45,109.25
404,46,109.05
404,47,108.87
404,48,108.65
404,49,108.51
404,50,108.07
404,51,107.89
404,52,107.64
404,53,107.08
404,54,106.29
404,55,105.98
404,56,105.56
404,57,105.1
404,58,104.45
404,59,104.01
404,60,103.43
404,61,102.41
404,62,101.78999999999999
404,63,100.69
404,64,100.95
404,65,99.72
404,66,99.64
404,67,98.03999999999999
404,68,97.01
404,69,96.15
404,70,95.16
404,71,94.93
404,72,93.72
404,73,92.26
404,74,91.58
404,75,90.53
404,76,90.4
404,77,89.1
404,78,87.24
404,79,86.6
404,80,85.24
404,81,84.84
404,82,83
404,83,82.44
404,84,80.55
404,85,79.72
404,86,80.15
404,87,77.78999999999999
404,88,77.9
404,89,75.58
404,90,75.18
404,91,74.53999999999999
404,92,72.33
404,93,71.4
404,94,69.69
404,95,68.89
404,96,69.24000000000001
404,97,67.1
404,98,66.72999999999999
404,99,64.67
404,100,63.99
404,101,62.73
404,102,61.49
404,103,59.28
404,104,60.53
404,105,58.47
404,106,56.88
404,107,55.14
404,108,56.86
404,109,55.09
404,110,52.84
404,111,52.03
404,112,50.14
404,113,49.89
404,114,48.46
404,115,47.35
404,116,46.32
404,117,44.989999999999995
404,118,43.5
404,119,44.790000000000006
404,120,42.739999999999995
404,121,40
404,122,42.06
404,123,39.620000000000005
404,124,37.94
404,125,36.53
404,126,35.3
404,127,35.019999999999996
404,128,35.61
404,129,33.010000000000005
404,130,31.599999999999994
404,131,31.060000000000002
404,132,30.260000000000005
404,133,30.159999999999997
404,134,29.790000000000006
404,135,28.810000000000002
404,136,26.870000000000005
404,137,27.28
404,138,26.480000000000004
404,139,23.810000000000002
404,140,25.14
404,141,22.53
404,142,22.75
404,143,20.930000000000007
404,144,20.25
404,145,18.459999999999994
404,146,17.11
404,147,18.069999999999993
404,148,16.349999999999994
404,149,15.340000000000003
404,150,16.230000000000004
404,151,15.549999999999997
404,152,15.269999999999996
404,153,12.519999999999996
404,154,12.810000000000002
404,155,10.239999999999995
404,156,11.170000000000002
404,157,9.099999999999994
404,158,10.260000000000005
404,159,8.879999999999995
404,160,8.469999999999999
404,161,6.959999999999994
404,162,6.739999999999995
404,163,5.290000000000006
404,164,5.180000000000007
404,165,4.8700000000000045
404,166,4.590000000000003
404,167,4.75
404,168,2.25
404,169,2.2099999999999937
404,170,0.1700000000000017
404,171,2.200000000000003
404,172,1.0900000000000034
404,173,0.2600000000000051
404,174,1.2099999999999937
404,175,1.980000000000004
404,176,2.200000000000003
404,177,4.159999999999997
404,178,5.060000000000002
404,179,3.989999999999995
404,180,5.930000000000007
405,1,74.6
405,2,44.43000000000001
405,3,46.01
405,4,50.47
405,5,55.72
405,6,61.68
405,7,67.13
405,8,73.07
405,9,78.62
405,10,83.66
405,11,89.55
405,12,95.81
405,13,99.27
405,14,103.64
405,15,105.5
405,16,107.6
405,17,109.08
405,18,109.54
405,19,109.91
405,20,109.95
405,21,110
405,22,110
405,23,110
405,24,110
405,25,110
405,26,110
405,27,109.99
405,28,110
405,29,109.99
405,30,110
405,31,110
405,32,109.99
405,33,109.96
405,34,109.96
405,35,109.96
405,36,109.97
405,37,109.93
405,38,109.9
405,39,109.91
405,40,109.75
405,41,109.62
405,42,109.59
405,43,109.43
405,44,109.27
405,45,109.05
405,46,108.97
405,47,108.75
405,48,108.46
405,49,108.53
405,50,107.88
405,51,107.38
405,52,107.42
405,53,106.93
405,54,106.53
405,55,106.28
405,56,105.54
405,57,104.9
405,58,104.69
405,59,103.5
405,60,102.73
405,61,102.37
405,62,101.87
405,63,100.84
405,64,99.88
405,65,99.93
405,66,98.85
405,67,97.53
405,68,97.52
405,69,96.43
405,70,95.87
405,71,93.99
405,72,92.93
405,73,92.55
405,74,91.61
405,75,90.44
405,76,89.06
405,77,87.96000000000001
405,78,86.93
405,79,85.91
405,80,84.77
405,81,84.48
405,82,82.84
405,83,81.8
405,84,80.6
405,85,79.82
405,86,79.28
405,87,77.15
405,88,76.42
405,89,75.66
405,90,73.85
405,91,72.47999999999999
405,92,72.53
405,93,71.47
405,94,68.55
405,95,68.35
405,96,66.96000000000001
405,97,65.82
405,98,64.75
405,99,63.62
405,100,63.28
405,101,61.93
405,102,60.31
405,103,58.4
405,104,58.23
405,105,57.08
405,106,55.37
405,107,55.53
405,108,54.19
405,109,53.04
405,110,51.84
405,111,50.91
405,112,49.63
405,113,48.56
405,114,48.51
405,115,46.94
405,116,45.849999999999994
405,117,45.47
405,118,44.19
405,119,42.230000000000004
405,120,41.17
405,121,40
405,122,39.629999999999995
405,123,37.91
405,124,38.39
405,125,37.91
405,126,34.92
405,127,34.03
405,128,34.41
405,129,32.959999999999994
405,130,31.150000000000006
405,131,30.36
405,132,27.909999999999997
405,133,28.840000000000003
405,134,26.939999999999998
405,135,27.620000000000005
405,136,25.61
405,137,25.599999999999994
405,138,24.620000000000005
405,139,23.799999999999997
405,140,24.36
405,141,21.650000000000006
405,142,20.53
405,143,20.950000000000003
405,144,18.75
405,145,19.290000000000006
405,146,18.150000000000006
405,147,16.33
405,148,16.47
405,149,14.549999999999997
405,150,14.030000000000001
405,151,12.180000000000007
405,152,12.870000000000005
405,153,13.39
405,154,11.150000000000006
405,155,9.739999999999995
405,156,10.030000000000001
405,157,9.969999999999999
405,158,8.569999999999993
405,159,6.939999999999998
405,160,4.799999999999997
405,161,5.659999999999997
405,162,4.75
405,163,5.540000000000006
405,164,5.170000000000002
405,165,2.1899999999999977
405,166,1.9300000000000068
405,167,2.200000000000003
405,168,0.5
405,169,0.7800000000000011
405,170,0.8299999999999983
405,171,0.1599999999999966
405,172,2.0999999999999943
405,173,0.5600000000000023
405,174,3.319999999999993
405,175,1.6899999999999977
405,176,5.230000000000004
405,177,3.930000000000007
405,178,5.900000000000006
405,179,4.599999999999994
405,180,4.560000000000002
406,1,74.03999999999999
406,2,43.81
406,3,44.06
406,4,48.24
406,5,52.73
406,6,58.47
406,7,65.61
406,8,70.33
406,9,75.4
406,10,79.38
406,11,87.44
406,12,91.28
406,13,96.63
406,14,101.66
406,15,103.39
406,16,105.48
406,17,108.34
406,18,109.27
406,19,109.6
406,20,109.84
406,21,109.9
406,22,110
406,23,110
406,24,110
406,25,110
406,26,110
406,27,110
406,28,110
406,29,110
406,30,109.99
406,31,109.99
406,32,109.98
406,33,109.96
406,34,109.95
406,35,109.98
406,36,109.94
406,37,109.85
406,38,109.91
406,39,109.8
406,40,109.66
406,41,109.65
406,42,109.58
406,43,109.42
406,44,109.23
406,45,108.93
406,46,108.83
406,47,108.61
406,48,108.69
406,49,108.07
406,50,107.92
406,51,107.82
406,52,107.31
406,53,106.54
406,54,105.98
406,55,105.87
406,56,105.1
406,57,104.75
406,58,104.15
406,59,103.49
406,60,102.43
406,61,102.41
406,62,100.75
406,63,100.09
406,64,99.46000000000001
406,65,98.98
406,66,98.45
406,67,97.39
406,68,96.76
406,69,95.65
406,70,94.16
406,71,93.55
406,72,93.01
406,73,91.84
406,74,90.42
406,75,89.77
406,76,88.86
406,77,87.15
406,78,85.84
406,79,85.94
406,80,83.94
406,81,83.87
406,82,82.28999999999999
406,83,81.02
406,84,80.47
406,85,79.15
406,86,77.49000000000001
406,87,76.15
406,88,75.83
406,89,74.28
406,90,72.78
406,91,72.33
406,92,71.85
406,93,69.78
406,94,68.58
406,95,69.12
406,96,66.41
406,97,64.06
406,98,63.55
406,99,62.23
406,100,62.35
406,101,61.36
406,102,59.86
406,103,57.56
406,104,56.66
406,105,55.46
406,106,55.61
406,107,54.99
406,108,52.62
406,109,53.18
406,110,50.33
406,111,49.6
406,112,48.81
406,113,48.66
406,114,45.81
406,115,43.72
406,116,44.91
406,117,42.370000000000005
406,118,43.03
406,119,40.72
406,120,41.28
406,121,39.39
406,122,37.34
406,123,36.230000000000004
406,124,37.67
406,125,35.81999999999999
406,126,32.69
406,127,33.519999999999996
406,128,33.19
406,129,31.849999999999994
406,130,30.42
406,131,30.209999999999994
406,132,29.010000000000005
406,133,27.36
406,134,27.769999999999996
406,135,26.650000000000006
406,136,25.629999999999995
406,137,23.47
406,138,24.480000000000004
406,139,24.379999999999995
406,140,21.560000000000002
406,141,20.150000000000006
406,142,20.310000000000002
406,143,19.099999999999994
406,144,17.980000000000004
406,145,17.760000000000005
406,146,15.329999999999998
406,147,14.769999999999996
406,148,14.400000000000006
406,149,15.689999999999998
406,150,13.989999999999995
406,151,12.64
406,152,13.060000000000002
406,153,11.349999999999994
406,154,10.329999999999998
406,155,7.3799999999999955
406,156,9.659999999999997
406,157,8.930000000000007
406,158,7.329999999999998
406,159,5.530000000000001
406,160,4.930000000000007
406,161,6.540000000000006
406,162,5.230000000000004
406,163,7.290000000000006
406,164,2.819999999999993
406,165,1.980000000000004
406,166,0.09999999999999432
406,167,0.23999999999999488
406,168,0.9300000000000068
406,169,0.12999999999999545
406,170,1.2999999999999972
406,171,0.6400000000000006
406,172,0.10999999999999943
406,173,2.760000000000005
406,174,3.0799999999999983
406,175,3.1200000000000045
406,176,4.280000000000001
406,177,5.290000000000006
406,178,5
406,179,7.049999999999997
406,180,8.340000000000003
407,1,69.11
407,2,40.120000000000005
407,3,39.86
407,4,44.870000000000005
407,5,49.97
407,6,55.12
407,7,60.91
407,8,66.66
407,9,72.63
407,10,78.62
407,11,83.25
407,12,87.99
407,13,93.53999999999999
407,14,97.21000000000001
407,15,101.13
407,16,105.43
407,17,107.3
407,18,108.53
407,19,109.27
407,20,109.55
407,21,109.94
407,22,110
407,23,109.99
407,24,110
407,25,110
407,26,110
407,27,110
407,28,110
407,29,110
407,30,110
407,31,109.99
407,32,109.98
407,33,109.97
407,34,109.98
407,35,109.96
407,36,109.93
407,37,109.9
407,38,109.86
407,39,109.74
407,40,109.74
407,41,109.6
407,42,109.52
407,43,109.43
407,44,109.22
407,45,109.02
407,46,108.79
407,47,108.67
407,48,108.22
407,49,108.01
407,50,107.82
407,51,107.38
407,52,107.1
407,53,106.46
407,54,106.15
407,55,105.77
407,56,104.4
407,57,104.4
407,58,103.94
407,59,102.97
407,60,102.92
407,61,101.58
407,62,100.95
407,63,100.15
407,64,99.69
407,65,98.28999999999999
407,66,97.74
407,67,96.61
407,68,95.88
407,69,95.32
407,70,94.36
407,71,92.85
407,72,92.22
407,73,91.19
407,74,90.5
407,75,89.16
407,76,88.03
407,77,86.75
407,78,86.32
407,79,84.95
407,80,84.18
407,81,82.15
407,82,82.26
407,83,80.43
407,84,79.43
407,85,78.13
407,86,77.78999999999999
407,87,75.36
407,88,73.78
407,89,73.46000000000001
407,90,72.43
407,91,72.28
407,92,70.38
407,93,68.37
407,94,68.57
407,95,66.64
407,96,64.83
407,97,64.1
407,98,62.81
407,99,61.35
407,100,61.07
407,101,59.84
407,102,58.23
407,103,57.84
407,104,56.77
407,105,55.56
407,106,54.56
407,107,53.42
407,108,52.52
407,109,50.12
407,110,48.66
407,111,47.99
407,112,47.36
407,113,46.19
407,114,47.07
407,115,44.379999999999995
407,116,44.7
407,117,42.89
407,118,40.120000000000005
407,119,39.31
407,120,39.849999999999994
407,121,38.709999999999994
407,122,37.760000000000005
407,123,36.53
407,124,35.92
407,125,34.290000000000006
407,126,32.709999999999994
407,127,31.64
407,128,32.129999999999995
407,129,30.590000000000003
407,130,30.810000000000002
407,131,27.599999999999994
407,132,27.760000000000005
407,133,28.17
407,134,24.549999999999997
407,135,24.299999999999997
407,136,26.180000000000007
407,137,22.58
407,138,22.459999999999994
407,139,21.22
407,140,19.75
407,141,19.370000000000005
407,142,19.760000000000005
407,143,17.799999999999997
407,144,17.620000000000005
407,145,18.400000000000006
407,146,14.569999999999993
407,147,15.870000000000005
407,148,14.939999999999998
407,149,14.790000000000006
407,150,12.920000000000002
407,151,14.180000000000007
407,152,11.760000000000005
407,153,9.420000000000002
407,154,11.170000000000002
407,155,9.659999999999997
407,156,7.099999999999994
407,157,8.75
407,158,5.150000000000006
407,159,6.540000000000006
407,160,5.420000000000002
407,161,4.079999999999998
407,162,4.670000000000002
407,163,4.200000000000003
407,164,3.4599999999999937
407,165,1.3599999999999994
407,166,0.480000000000004
407,167,1.0900000000000034
407,168,0.9399999999999977
407,169,0.45999999999999375
407,170,3.430000000000007
407,171,0.37000000000000455
407,172,2.950000000000003
407,173,4.290000000000006
407,174,4.569999999999993
407,175,5.560000000000002
407,176,5.219999999999999
407,177,6.329999999999998
407,178,7.400000000000006
407,179,9.189999999999998
407,180,8.689999999999998
408,1,66.17
408,2,35.58
408,3,37.03
408,4,42
408,5,46.67
408,6,52.52
408,7,58.98
408,8,63.91
408,9,69.32
408,10,75.00999999999999
408,11,81.32
408,12,85.81
408,13,89.48
408,14,95.95
408,15,99.38
408,16,102.62
408,17,106.33
408,18,107.75
408,19,108.68
408,20,109.57
408,21,109.75
408,22,109.97
408,23,110
408,24,110
408,25,110
408,26,110
408,27,110
408,28,110
408,29,109.99
408,30,110
408,31,110
408,32,109.99
408,33,109.98
408,34,109.97
408,35,109.94
408,36,109.91
408,37,109.83
408,38,109.85
408,39,109.68
408,40,109.72
408,41,109.57
408,42,109.4
408,43,109.36
408,44,109.24
408,45,109.17
408,46,108.83
408,47,108.77
408,48,108.03
408,49,108.05
408,50,107.44
408,51,107.44
408,52,107.04
408,53,106.4
408,54,105.86
408,55,105.19
408,56,104.73
408,57,104.19
408,58,103.53
408,59,102.48
408,60,102.41
408,61,100.88
408,62,100.91
408,63,99.61
408,64,99.39
408,65,98.25
408,66,97.16
408,67,96.64
408,68,95.46000000000001
408,69,94.36
408,70,93.33
408,71,92.01
408,72,91.25
408,73,90.21000000000001
408,74,89.19
408,75,88.51
408,76,87.78999999999999
408,77,85.92
408,78,83.92
408,79,84.93
408,80,83.21000000000001
408,81,81.27
408,82,80.02
408,83,77.78
408,84,77.84
408,85,77.35
408,86,75.77000000000001
408,87,74.93
408,88,74.12
408,89,72.97999999999999
408,90,71.28
408,91,70.46000000000001
408,92,69.28999999999999
408,93,68.19
408,94,67.67
408,95,65.62
408,96,64.66
408,97,64.41
408,98,62.31
408,99,61.09
408,100,61.31
408,101,58.5
408,102,57.03
408,103,56.92
408,104,55.73
408,105,54.44
408,106,52.74
408,107,51.67
408,108,51.43
408,109,49.49
408,110,49.66
408,111,47.97
408,112,46.83
408,113,44.28
408,114,46.43
408,115,43.69
408,116,42.459999999999994
408,117,41.06999999999999
408,118,41.3
408,119,39.510000000000005
408,120,39.040000000000006
408,121,35.66
408,122,36.56
408,123,36.05
408,124,34.14
408,125,33.55
408,126,32.040000000000006
408,127,30.939999999999998
408,128,31.909999999999997
408,129,28.959999999999994
408,130,28.58
408,131,27.299999999999997
408,132,28.430000000000007
408,133,26.97
408,134,25.519999999999996
408,135,24.489999999999995
408,136,22.349999999999994
408,137,22.010000000000005
408,138,19.090000000000003
408,139,20.840000000000003
408,140,21
408,141,20.519999999999996
408,142,18.019999999999996
408,143,17.049999999999997
408,144,17.019999999999996
408,145,16.430000000000007
408,146,14.680000000000007
408,147,13.819999999999993
408,148,14
408,149,12.36
408,150,12.269999999999996
408,151,11.040000000000006
408,152,10.75
408,153,10.549999999999997
408,154,8.650000000000006
408,155,8.689999999999998
408,156,6.859999999999999
408,157,6
408,158,5.030000000000001
408,159,4.900000000000006
408,160,5.810000000000002
408,161,2.989999999999995
408,162,3.6099999999999994
408,163,1.5999999999999943
408,164,1.2099999999999937
408,165,0.1599999999999966
408,166,0.20000000000000284
408,167,0.4000000000000057
408,168,2.450000000000003
408,169,1.0600000000000023
408,170,1.8400000000000034
408,171,4.200000000000003
408,172,2.5999999999999943
408,173,5.049999999999997
408,174,4.700000000000003
408,175,6.700000000000003
408,176,6.040000000000006
408,177,8.620000000000005
408,178,7.109999999999999
408,179,10.530000000000001
408,180,7.609999999999999
409,1,62.81
409,2,33.95
409,3,35.400000000000006
409,4,37.739999999999995
409,5,44.75
409,6,47.83
409,7,54.69
409,8,62.33
409,9,66.8
409,10,70.45
409,11,76.42
409,12,82.56
409,13,86.82
409,14,92.03999999999999
409,15,96.18
409,16,101.03999999999999
409,17,103.52
409,18,107.17
409,19,107.95
409,20,109.01
409,21,109.7
409,22,109.76
409,23,109.99
409,24,109.99
409,25,109.99
409,26,110
409,27,110
409,28,110
409,29,110
409,30,110
409,31,110
409,32,109.99
409,33,109.98
409,34,109.97
409,35,109.89
409,36,109.95
409,37,109.91
409,38,109.87
409,39,109.71
409,40,109.64
409,41,109.49
409,42,109.53
409,43,109.37
409,44,109
409,45,108.86
409,46,108.66
409,47,108.56
409,48,107.95
409,49,107.86
409,50,107.05
409,51,106.87
409,52,106.44
409,53,106.15
409,54,105.45
409,55,105.1
409,56,103.94
409,57,103.66
409,58,103.37
409,59,102.82
409,60,101.89
409,61,101.08
409,62,100.42
409,63,99.35
409,64,98.37
409,65,97.39
409,66,96.37
409,67,95.74
409,68,95.19
409,69,93.72
409,70,93.35
409,71,91.74
409,72,90.23
409,73,90.03
409,74,89.89
409,75,87.62
409,76,86.28999999999999
409,77,85.32
409,78,83.26
409,79,83
409,80,81.83
409,81,81.24
409,82,79.63
409,83,79.94
409,84,77.47
409,85,76.31
409,86,76.08
409,87,73.28999999999999
409,88,73.91
409,89,71.66
409,90,70.93
409,91,69.78999999999999
409,92,68.1
409,93,66.95
409,94,66.18
409,95,64.56
409,96,64.44
409,97,62.08
409,98,59.87
409,99,60.64
409,100,59.82
409,101,58.59
409,102,57.09
409,103,56.58
409,104,55.88
409,105,54.36
409,106,53.02
409,107,51.36
409,108,50.33
409,109,49.99
409,110,48.54
409,111,48.12
409,112,46.98
409,113,44.959999999999994
409,114,44.95
409,115,43.06999999999999
409,116,41.78
409,117,39.629999999999995
409,118,40.010000000000005
409,119,37.08
409,120,37.53
409,121,38.55
409,122,35.45
409,123,34.86
409,124,32.97
409,125,32.760000000000005
409,126,32.95
409,127,30.760000000000005
409,128,28.97
409,129,28.909999999999997
409,130,28.11
409,131,26.78
409,132,26.83
409,133,24.959999999999994
409,134,24.900000000000006
409,135,23.069999999999993
409,136,21.36
409,137,21.879999999999995
409,138,19.430000000000007
409,139,19.120000000000005
409,140,19.36
409,141,17.42
409,142,17.319999999999993
409,143,16.819999999999993
409,144,15.629999999999995
409,145,13.489999999999995
409,146,14.329999999999998
409,147,13.950000000000003
409,148,12.159999999999997
409,149,11.849999999999994
409,150,10.719999999999999
409,151,10.400000000000006
409,152,8.209999999999994
409,153,8.790000000000006
409,154,8.790000000000006
409,155,8.370000000000005
409,156,5.829999999999998
409,157,6.659999999999997
409,158,4.780000000000001
409,159,5.890000000000001
409,160,4.650000000000006
409,161,3.6200000000000045
409,162,1.5900000000000034
409,163,0.5400000000000063
409,164,0.37999999999999545
409,165,1.269999999999996
409,166,1.4500000000000028
409,167,0.4399999999999977
409,168,2.9000000000000057
409,169,3.0400000000000063
409,170,3.75
409,171,2.6500000000000057
409,172,5.400000000000006
409,173,6.109999999999999
409,174,7.609999999999999
409,175,6.170000000000002
409,176,6.260000000000005
409,177,8.319999999999993
409,178,9.030000000000001
409,179,10.579999999999998
409,180,10.769999999999996
410,1,59.26
410,2,29.370000000000005
410,3,31.909999999999997
410,4,34.69
410,5,41.25
410,6,45.91
410,7,51.28
410,8,56.87
410,9,63.26
410,10,69.66
410,11,73.05
410,12,79.68
410,13,83.63
410,14,88.92
410,15,94.26
410,16,97.96000000000001
410,17,102.2
410,18,105.53
410,19,106.85
410,20,108.86
410,21,109.21
410,22,109.81
410,23,109.97
410,24,109.94
410,25,110
410,26,110
410,27,110
410,28,110
410,29,109.99
410,30,110
410,31,109.98
410,32,109.97
410,33,109.97
410,34,109.98
410,35,109.96
410,36,109.89
410,37,109.88
410,38,109.83
410,39,109.63
410,40,109.59
410,41,109.44
410,42,109.35
410,43,109.24
410,44,109.18
410,45,108.92
410,46,108.4
410,47,108.54
410,48,108.07
410,49,107.58
410,50,107.28
410,51,106.63
410,52,106.39
410,53,106.06
410,54,105.48
410,55,104.93
410,56,104.2
410,57,103.28
410,58,102.8
410,59,102.09
410,60,101.47
410,61,100.83
410,62,99.85
410,63,99.24
410,64,97.75
410,65,96.72
410,66,96.02
410,67,95.63
410,68,94.2
410,69,93.7
410,70,92.9
410,71,91.65
410,72,89.77
410,73,89.72
410,74,88.51
410,75,86.63
410,76,85.53999999999999
410,77,84.71000000000001
410,78,83.66
410,79,82.37
410,80,82.09
410,81,80.26
410,82,79.28999999999999
410,83,78.5
410,84,76.85
410,85,75.14
410,86,74.34
410,87,73.15
410,88,72.47999999999999
410,89,71.25
410,90,69.74000000000001
410,91,69.38
410,92,68
410,93,66.62
410,94,65.17
410,95,64.19
410,96,62.03
410,97,62.26
410,98,60.25
410,99,58.64
410,100,59.16
410,101,56.75
410,102,55.53
410,103,54.95
410,104,54.6
410,105,52.69
410,106,50.47
410,107,50.59
410,108,49.29
410,109,48.12
410,110,46.86
410,111,46.32
410,112,44.879999999999995
410,113,43.45
410,114,42.11
410,115,40.75
410,116,42.19
410,117,40.099999999999994
410,118,36.870000000000005
410,119,36.86
410,120,36.11
410,121,35
410,122,34.269999999999996
410,123,32.09
410,124,32.36
410,125,30.67
410,126,30.78
410,127,27.989999999999995
410,128,28.959999999999994
410,129,26.730000000000004
410,130,26.83
410,131,26.849999999999994
410,132,25.040000000000006
410,133,23.959999999999994
410,134,22.730000000000004
410,135,22.950000000000003
410,136,22.47
410,137,20.180000000000007
410,138,19.060000000000002
410,139,21.299999999999997
410,140,17.650000000000006
410,141,17.739999999999995
410,142,16.299999999999997
410,143,16.739999999999995
410,144,14.709999999999994
410,145,14.450000000000003
410,146,13.340000000000003
410,147,11.620000000000005
410,148,10.939999999999998
410,149,10.969999999999999
410,150,9.010000000000005
410,151,9.590000000000003
410,152,7
410,153,8.189999999999998
410,154,6.709999999999994
410,155,5.1299999999999955
410,156,5.019999999999996
410,157,4.849999999999994
410,158,3.5999999999999943
410,159,2.239999999999995
410,160,3.8400000000000034
410,161,2.3400000000000034
410,162,1.75
410,163,0.1599999999999966
410,164,0.7399999999999949
410,165,1
410,166,0.269999999999996
410,167,2.450000000000003
410,168,1.3499999999999943
410,169,5.150000000000006
410,170,5.299999999999997
410,171,5.340000000000003
410,172,4.640000000000001
410,173,7.030000000000001
410,174,6.290000000000006
410,175,6.599999999999994
410,176,8.959999999999994
410,177,7.25
410,178,10.930000000000007
410,179,10.730000000000004
410,180,11.709999999999994
411,1,58.47
411,2,27.569999999999993
411,3,30
411,4,31.97
411,5,37.61
411,6,43.370000000000005
411,7,49.21
411,8,54.16
411,9,59.83
411,10,65.67
411,11,71.22
411,12,76.56
411,13,81.46000000000001
411,14,86.74
411,15,90.19
411,16,94.82
411,17,100.48
411,18,103.3
411,19,106.61
411,20,107.43
411,21,108.59
411,22,109.46
411,23,109.8
411,24,109.95
411,25,109.94
411,26,110
411,27,110
411,28,110
411,29,109.99
411,30,109.98
411,31,110
411,32,109.98
411,33,109.97
411,34,109.96
411,35,109.91
411,36,109.87
411,37,109.85
411,38,109.81
411,39,109.69
411,40,109.53
411,41,109.4
411,42,109.41
411,43,109.22
411,44,108.81
411,45,108.73
411,46,108.4
411,47,108.35
411,48,107.59
411,49,107.51
411,50,107.04
411,51,106.65
411,52,106.35
411,53,105.87
411,54,104.94
411,55,104.3
411,56,103.81
411,57,102.96
411,58,102.37
411,59,102.13
411,60,100.89
411,61,100.17
411,62,99.28
411,63,98.43
411,64,97.78999999999999
411,65,96.7
411,66,95.49
411,67,95.13
411,68,93.26
411,69,92.92
411,70,92.48
411,71,90.81
411,72,89.69
411,73,88.39
411,74,86.82
411,75,86.85
411,76,85.9
411,77,83.86
411,78,82.47
411,79,82.23
411,80,80.91
411,81,80.1
411,82,78.06
411,83,77.27000000000001
411,84,75.39
411,85,74.16
411,86,73.12
411,87,73.27000000000001
411,88,70.65
411,89,70.19
411,90,70.37
411,91,68.32
411,92,66.94
411,93,65.34
411,94,63.83
411,95,61.83
411,96,62.06
411,97,60.19
411,98,60.09
411,99,58.54
411,100,58.13
411,101,56.99
411,102,56.2
411,103,54.12
411,104,53.58
411,105,51.68
411,106,50.83
411,107,50.12
411,108,49.01
411,109,47.69
411,110,46.96
411,111,45.900000000000006
411,112,42.849999999999994
411,113,42.31999999999999
411,114,41.47
411,115,41.56
411,116,39.19
411,117,39.06999999999999
411,118,37.56999999999999
411,119,36.56
411,120,35.519999999999996
411,121,34.44
411,122,33.349999999999994
411,123,32.61
411,124,31.569999999999993
411,125,29.39
411,126,29.439999999999998
411,127,29.17
411,128,27.11
411,129,27.480000000000004
411,130,25.099999999999994
411,131,26.239999999999995
411,132,24.069999999999993
411,133,22.799999999999997
411,134,23.090000000000003
411,135,20.379999999999995
411,136,20.680000000000007
411,137,19.840000000000003
411,138,20.950000000000003
411,139,15.959999999999994
411,140,17.540000000000006
411,141,15.430000000000007
411,142,14.439999999999998
411,143,15.290000000000006
411,144,14.379999999999995
411,145,12.5
411,146,11.370000000000005
411,147,9.879999999999995
411,148,11.200000000000003
411,149,9.840000000000003
411,150,8.340000000000003
411,151,7.890000000000001
411,152,7.099999999999994
411,153,7.510000000000005
411,154,6.170000000000002
411,155,6.609999999999999
411,156,4.099999999999994
411,157,2.5
411,158,3.1299999999999955
411,159,3.3900000000000006
411,160,1.1400000000000006
411,161,0.3199999999999932
411,162,0.6200000000000045
411,163,0.5499999999999972
411,164,1.3199999999999932
411,165,2
411,166,3.030000000000001
411,167,1.3100000000000023
411,168,3.5600000000000023
411,169,3.2099999999999937
411,170,4.569999999999993
411,171,6.409999999999997
411,172,6.040000000000006
411,173,7.829999999999998
411,174,8.870000000000005
411,175,8.61
411,176,9.689999999999998
411,177,8.64
411,178,10.049999999999997
411,179,10.790000000000006
411,180,13.409999999999997
412,1,53.87
412,2,25.89
412,3,24.83
412,4,29.739999999999995
412,5,34.81999999999999
412,6,40.06999999999999
412,7,45.040000000000006
412,8,51.73
412,9,58.54
412,10,62.04
412,11,68.07
412,12,71.7
412,13,79.03999999999999
412,14,83.34
412,15,89
412,16,92.1
412,17,97.42
412,18,101.37
412,19,104.47
412,20,105.87
412,21,107.89
412,22,109.16
412,23,109.64
412,24,109.82
412,25,109.95
412,26,109.95
412,27,110
412,28,110
412,29,110
412,30,109.97
412,31,109.96
412,32,109.99
412,33,109.97
412,34,109.93
412,35,109.93
412,36,109.87
412,37,109.82
412,38,109.83
412,39,109.67
412,40,109.52
412,41,109.42
412,42,109.23
412,43,109.12
412,44,108.82
412,45,108.88
412,46,108.28
412,47,108.11
412,48,107.69
412,49,107.32
412,50,106.8
412,51,106.75
412,52,105.61
412,53,105.36
412,54,104.9
412,55,104.22
412,56,103.4
412,57,103.39
412,58,102.7
412,59,101.45
412,60,100.84
412,61,99.89
412,62,99.47
412,63,98.49
412,64,97.8
412,65,96.66
412,66,95
412,67,94.21000000000001
412,68,93.43
412,69,92.53
412,70,91.97
412,71,90.68
412,72,89.35
412,73,87.92
412,74,86.59
412,75,85.12
412,76,84.89
412,77,83.36
412,78,81.88
412,79,81.33
412,80,79.32
412,81,78.76
412,82,76.65
412,83,76.96000000000001
412,84,76.46000000000001
412,85,73.83
412,86,74
412,87,70.93
412,88,69.72999999999999
412,89,69.50999999999999
412,90,68.14
412,91,67.84
412,92,66.37
412,93,64.16
412,94,64.07
412,95,62.42
412,96,60.78
412,97,59.86
412,98,59.21
412,99,57.85
412,100,56.33
412,101,54.5
412,102,54.66
412,103,53.34
412,104,52.67
412,105,51.35
412,106,50.01
412,107,49.47
412,108,46.83
412,109,46.26
412,110,44.03
412,111,44.790000000000006
412,112,42.010000000000005
412,113,41.849999999999994
412,114,40.08
412,115,40.97
412,116,39.870000000000005
412,117,38.629999999999995
412,118,34.89
412,119,35.44
412,120,33.44
412,121,34.290000000000006
412,122,32.209999999999994
412,123,32.129999999999995
412,124,31.83
412,125,30.549999999999997
412,126,28.629999999999995
412,127,26.58
412,128,27.349999999999994
412,129,24.58
412,130,23.89
412,131,23.39
412,132,23.230000000000004
412,133,22.400000000000006
412,134,21.069999999999993
412,135,21.5
412,136,18.33
412,137,18.760000000000005
412,138,15.650000000000006
412,139,16.299999999999997
412,140,16.590000000000003
412,141,14.680000000000007
412,142,13.819999999999993
412,143,13.89
412,144,13.11
412,145,12.260000000000005
412,146,11.099999999999994
412,147,10.769999999999996
412,148,9.5
412,149,8.680000000000007
412,150,8.39
412,151,5.650000000000006
412,152,7.549999999999997
412,153,6.1299999999999955
412,154,6.719999999999999
412,155,4.290000000000006
412,156,1.730000000000004
412,157,3.680000000000007
412,158,1.9300000000000068
412,159,1.2900000000000063
412,160,0.9000000000000057
412,161,0.8299999999999983
412,162,2.0799999999999983
412,163,1.3100000000000023
412,164,0.45000000000000284
412,165,2.6200000000000045
412,166,3.819999999999993
412,167,2.769999999999996
412,168,3.530000000000001
412,169,6.030000000000001
412,170,5.489999999999995
412,171,4.829999999999998
412,172,8.599999999999994
412,173,8.409999999999997
412,174,9.39
412,175,10.469999999999999
412,176,11.269999999999996
412,177,8.959999999999994
412,178,12.069999999999993
412,179,10.590000000000003
412,180,12.810000000000002
413,1,50.98
413,2,20.75
413,3,22.17
413,4,26.010000000000005
413,5,30.799999999999997
413,6,37.129999999999995
413,7,44.040000000000006
413,8,48.06
413,9,53.8
413,10,59.49
413,11,64.5
413,12,70.41
413,13,74.75
413,14,81.08
413,15,86.03
413,16,91.55
413,17,93.55
413,18,99.07
413,19,101.89
413,20,105.1
413,21,106.27
413,22,108.22
413,23,109.44
413,24,109.78
413,25,109.82
413,26,109.93
413,27,109.97
413,28,109.98
413,29,110
413,30,110
413,31,109.99
413,32,109.98
413,33,109.91
413,34,109.91
413,35,109.85
413,36,109.86
413,37,109.88
413,38,109.76
413,39,109.69
413,40,109.59
413,41,109.49
413,42,109.19
413,43,109.18
413,44,108.73
413,45,108.64
413,46,108.17
413,47,108.1
413,48,107.6
413,49,107.14
413,50,106.98
413,51,106.35
413,52,105.76
413,53,105.22
413,54,104.37
413,55,104.13
413,56,103.1
413,57,102.48
413,58,102.03
413,59,101.18
413,60,99.92
413,61,99.73
413,62,98.74
413,63,97.15
413,64,96.41
413,65,95.22
413,66,94.9
413,67,93.61
413,68,92.45
413,69,91.9
413,70,90.95
413,71,89.19
413,72,88.58
413,73,87.13
413,74,85.85
413,75,86.17
413,76,83.08
413,77,82.72
413,78,81.53999999999999
413,79,81.26
413,80,78.78
413,81,76.42
413,82,77.72
413,83,75.1
413,84,75.2
413,85,72.44
413,86,72.77000000000001
413,87,71.69
413,88,69
413,89,68.17
413,90,67.35
413,91,65.87
413,92,64.1
413,93,63.6
413,94,63.2
413,95,61.46
413,96,59.83
413,97,58.83
413,98,57.16
413,99,56.87
413,100,55.21
413,101,54.62
413,102,53.23
413,103,50.88
413,104,51.71
413,105,48.61
413,106,47.6
413,107,47.11
413,108,47.22
413,109,46.32
413,110,43.58
413,111,43.94
413,112,41.83
413,113,40.59
413,114,39.83
413,115,37.290000000000006
413,116,37.59
413,117,37.83
413,118,36.56
413,119,35.209999999999994
413,120,32.91
413,121,32.900000000000006
413,122,31.36
413,123,29.849999999999994
413,124,29.33
413,125,29.819999999999993
413,126,28.47
413,127,27.409999999999997
413,128,27
413,129,24.89
413,130,22.540000000000006
413,131,21.849999999999994
413,132,22.810000000000002
413,133,20.39
413,134,19.299999999999997
413,135,19.400000000000006
413,136,19.629999999999995
413,137,17.14
413,138,17.459999999999994
413,139,16.42
413,140,14.329999999999998
413,141,14.760000000000005
413,142,13.170000000000002
413,143,14.400000000000006
413,144,9.329999999999998
413,145,10.670000000000002
413,146,11.159999999999997
413,147,10.269999999999996
413,148,8.400000000000006
413,149,7.400000000000006
413,150,7.810000000000002
413,151,5.730000000000004
413,152,5.849999999999994
413,153,4.189999999999998
413,154,3.1200000000000045
413,155,2.950000000000003
413,156,2.9099999999999966
413,157,1.4899999999999949
413,158,0.060000000000002274
413,159,1.3700000000000045
413,160,1.7399999999999949
413,161,0.06999999999999318
413,162,2.010000000000005
413,163,2.200000000000003
413,164,2.950000000000003
413,165,2.549999999999997
413,166,3.1400000000000006
413,167,5.719999999999999
413,168,7.599999999999994
413,169,5.670000000000002
413,170,7.640000000000001
413,171,7.510000000000005
413,172,8.530000000000001
413,173,8.39
413,174,11.219999999999999
413,175,9.290000000000006
413,176,10.450000000000003
413,177,10.709999999999994
413,178,14.11
413,179,13.680000000000007
413,180,13.129999999999995
414,1,49.23
414,2,17.560000000000002
414,3,18.400000000000006
414,4,23.480000000000004
414,5,28.239999999999995
414,6,33.58
414,7,39.44
414,8,44.269999999999996
414,9,50.4
414,10,56.62
414,11,61.57
414,12,66.27000000000001
414,13,72.83
414,14,78.51
414,15,82.51
414,16,86.95
414,17,92.05
414,18,95.75
414,19,100.12
414,20,102.92
414,21,105.6
414,22,107.65
414,23,108.79
414,24,109.2
414,25,109.39
414,26,109.75
414,27,109.94
414,28,109.96
414,29,109.98
414,30,109.98
414,31,109.96
414,32,109.97
414,33,109.98
414,34,109.96
414,35,109.91
414,36,109.77
414,37,109.81
414,38,109.73
414,39,109.56
414,40,109.48
414,41,109.44
414,42,109.25
414,43,109.04
414,44,108.83
414,45,108.56
414,46,108.24
414,47,107.82
414,48,107.47
414,49,107.2
414,50,106.7
414,51,106.26
414,52,105.34
414,53,104.89
414,54,104.53
414,55,103.4
414,56,103.06
414,57,102.31
414,58,101.32
414,59,101.03
414,60,99.66
414,61,98.95
414,62,98.26
414,63,97.43
414,64,96.44
414,65,95.85
414,66,94.34
414,67,93.1
414,68,91.37
414,69,91.14
414,70,89.35
414,71,89.39
414,72,88.88
414,73,86.94
414,74,85.25
414,75,84.33
414,76,83.46000000000001
414,77,81.62
414,78,81.22
414,79,79.71000000000001
414,80,77.39
414,81,78.27
414,82,77.02000000000001
414,83,73.43
414,84,74.87
414,85,72.46000000000001
414,86,70.89
414,87,70.14
414,88,68.49000000000001
414,89,66.27000000000001
414,90,66.39
414,91,65.35
414,92,64.05
414,93,62.93
414,94,60.57
414,95,60.26
414,96,59.7
414,97,58.05
414,98,56.94
414,99,55.66
414,100,55.53
414,101,52.41
414,102,52.34
414,103,50.99
414,104,50.24
414,105,48.96
414,106,47.24
414,107,46.32
414,108,46.62
414,109,43.94
414,110,42.95
414,111,41.64
414,112,40.730000000000004
414,113,40.980000000000004
414,114,38.69
414,115,38.510000000000005
414,116,37.209999999999994
414,117,35.31
414,118,33.959999999999994
414,119,34.010000000000005
414,120,31.209999999999994
414,121,30.519999999999996
414,122,30.650000000000006
414,123,29.310000000000002
414,124,28.519999999999996
414,125,27.739999999999995
414,126,26.480000000000004
414,127,24.599999999999994
414,128,25.159999999999997
414,129,24.120000000000005
414,130,22
414,131,21.689999999999998
414,132,22.019999999999996
414,133,19.03
414,134,19.040000000000006
414,135,19.930000000000007
414,136,18.819999999999993
414,137,16.159999999999997
414,138,16.620000000000005
414,139,13.870000000000005
414,140,14.959999999999994
414,141,12.959999999999994
414,142,11.409999999999997
414,143,12.540000000000006
414,144,10.060000000000002
414,145,9.939999999999998
414,146,7.980000000000004
414,147,6.689999999999998
414,148,8.439999999999998
414,149,7.159999999999997
414,150,4.810000000000002
414,151,5.6299999999999955
414,152,6.280000000000001
414,153,4.1299999999999955
414,154,4.189999999999998
414,155,3.1200000000000045
414,156,2.4399999999999977
414,157,1.5600000000000023
414,158,1.2000000000000028
414,159,0.4300000000000068
414,160,1.6200000000000045
414,161,1.980000000000004
414,162,2.780000000000001
414,163,3.3799999999999955
414,164,3.25
414,165,2.739999999999995
414,166,6.349999999999994
414,167,4.560000000000002
414,168,6.590000000000003
414,169,6.739999999999995
414,170,8.239999999999995
414,171,8.189999999999998
414,172,9.079999999999998
414,173,8.760000000000005
414,174,9.530000000000001
414,175,11.219999999999999
414,176,13.700000000000003
414,177,13.049999999999997
414,178,14.14
414,179,14.370000000000005
414,180,13.280000000000001
415,1,43.209999999999994
415,2,14.709999999999994
415,3,15.129999999999995
415,4,19.379999999999995
415,5,25.36
415,6,31.049999999999997
415,7,35.2
415,8,42.61
415,9,48.11
415,10,54.29
415,11,59.49
415,12,64.07
415,13,68.65
415,14,73.49000000000001
415,15,79.05
415,16,83.81
415,17,88.03999999999999
415,18,92.6
415,19,97.42
415,20,100.96000000000001
415,21,103.97
415,22,106.44
415,23,107.82
415,24,108.8
415,25,109.58
415,26,109.65
415,27,109.89
415,28,109.97
415,29,109.99
415,30,110
415,31,109.99
415,32,109.99
415,33,109.94
415,34,109.91
415,35,109.9
415,36,109.81
415,37,109.72
415,38,109.71
415,39,109.5
415,40,109.43
415,41,109.15
415,42,109.02
415,43,108.87
415,44,108.55
415,45,108.17
415,46,107.8
415,47,107.79
415,48,107.39
415,49,106.88
415,50,106.31
415,51,105.83
415,52,105.42
415,53,104.44
415,54,104.32
415,55,103.2
415,56,102.78
415,57,101.78
415,58,101.4
415,59,100.1
415,60,100.03999999999999
415,61,99.03999999999999
415,62,97.41
415,63,96.76
415,64,95.69
415,65,94.32
415,66,94.63
415,67,92.92
415,68,91.89
415,69,90.24
415,70,88.95
415,71,88.2
415,72,87.45
415,73,86.02
415,74,84.18
415,75,83.4
415,76,82.11
415,77,80.94
415,78,80.07
415,79,78.63
415,80,77.59
415,81,76.71000000000001
415,82,75.21000000000001
415,83,73.64
415,84,72.02000000000001
415,85,70.03999999999999
415,86,69.42
415,87,69.44
415,88,67.02000000000001
415,89,66.1
415,90,65.49000000000001
415,91,62.99
415,92,63.29
415,93,61.89
415,94,61.13
415,95,60.13
415,96,57.94
415,97,56.18
415,98,56.19
415,99,54.58
415,100,53.54
415,101,52.46
415,102,51.49
415,103,50.38
415,104,50.21
415,105,48.02
415,106,46.1
415,107,46.21
415,108,43.870000000000005
415,109,42.31
415,110,42.379999999999995
415,111,41.53
415,112,40.05
415,113,38.959999999999994
415,114,38.39
415,115,35.879999999999995
415,116,35.709999999999994
415,117,34.849999999999994
415,118,33.5
415,119,32.09
415,120,31.53
415,121,29.680000000000007
415,122,29.64
415,123,29.17
415,124,27.689999999999998
415,125,26.790000000000006
415,126,25.17
415,127,25.489999999999995
415,128,24.060000000000002
415,129,23.319999999999993
415,130,22.42
415,131,21.67
415,132,19.28
415,133,18.36
415,134,17.379999999999995
415,135,19.849999999999994
415,136,15.650000000000006
415,137,15.980000000000004
415,138,15.620000000000005
415,139,13.420000000000002
415,140,13.5
415,141,12.909999999999997
415,142,11
415,143,9.799999999999997
415,144,12.049999999999997
415,145,7.689999999999998
415,146,6.920000000000002
415,147,7.810000000000002
415,148,5.069999999999993
415,149,5.1299999999999955
415,150,5.269999999999996
415,151,4.680000000000007
415,152,3.950000000000003
415,153,2.980000000000004
415,154,4.439999999999998
415,155,0.5499999999999972
415,156,0.8299999999999983
415,157,0.1700000000000017
415,158,1.3799999999999955
415,159,1.0999999999999943
415,160,0.9500000000000028
415,161,2.010000000000005
415,162,3.430000000000007
415,163,6.230000000000004
415,164,4.680000000000007
415,165,5.400000000000006
415,166,6.680000000000007
415,167,6.810000000000002
415,168,7.400000000000006
415,169,7.599999999999994
415,170,8.030000000000001
415,171,8.86
415,172,10.75
415,173,9.090000000000003
415,174,13.290000000000006
415,175,10.980000000000004
415,176,11.980000000000004
415,177,14.200000000000003
415,178,15.349999999999994
415,179,13.099999999999994
415,180,13.950000000000003
416,1,41.519999999999996
416,2,9.409999999999997
416,3,12.120000000000005
416,4,16.67
416,5,23.840000000000003
416,6,28.489999999999995
416,7,32.709999999999994
416,8,39.709999999999994
416,9,44.769999999999996
416,10,49.63
416,11,55.68
416,12,60.52
416,13,65.83
416,14,71.21000000000001
416,15,76.86
416,16,81.33
416,17,86.01
416,18,90.3
416,19,93.59
416,20,98.49
416,21,102.77
416,22,103.65
416,23,106.22
416,24,108.23
416,25,109.06
416,26,109.56
416,27,109.94
416,28,109.81
416,29,109.91
416,30,109.96
416,31,109.98
416,32,109.99
416,33,109.97
416,34,109.95
416,35,109.87
416,36,109.82
416,37,109.73
416,38,109.59
416,39,109.51
416,40,109.36
416,41,109.28
416,42,109.09
416,43,108.78
416,44,108.46
416,45,108.1
416,46,107.66
416,47,107.57
416,48,106.94
416,49,106.79
416,50,106.25
416,51,105.39
416,52,104.97
416,53,104.15
416,54,103.72
416,55,103.14
416,56,102.66
416,57,101.52
416,58,100.89
416,59,100.32
416,60,98.77
416,61,98.22
416,62,96.95
416,63,95.91
416,64,95.87
416,65,94.1
416,66,93.07
416,67,91.77
416,68,90.95
416,69,89.58
416,70,89.52
416,71,87.3
416,72,87.03999999999999
416,73,85.07
416,74,84.2
416,75,82.89
416,76,80.99
416,77,79.99
416,78,78.15
416,79,77.39
416,80,77.11
416,81,74.82
416,82,75.05
416,83,72.52000000000001
416,84,72.05
416,85,70.92
416,86,68.58
416,87,68.88
416,88,67.28
416,89,64.64
416,90,63.77
416,91,62.58
416,92,61.74
416,93,61.22
416,94,59.42
416,95,58.89
416,96,57.79
416,97,56.8
416,98,55.16
416,99,52.61
416,100,51.69
416,101,50.64
416,102,50.77
416,103,48.88
416,104,48.22
416,105,47.43
416,106,45.489999999999995
416,107,43.709999999999994
416,108,43.55
416,109,42.209999999999994
416,110,41.370000000000005
416,111,39.83
416,112,38.86
416,113,36.69
416,114,37.86
416,115,34.849999999999994
416,116,35.16
416,117,33.58
416,118,32.94
416,119,32.31
416,120,30.909999999999997
416,121,29.28
416,122,29.959999999999994
416,123,26.790000000000006
416,124,25.819999999999993
416,125,25.709999999999994
416,126,25.120000000000005
416,127,24.379999999999995
416,128,23.519999999999996
416,129,22.739999999999995
416,130,20.72
416,131,18.64
416,132,19.099999999999994
416,133,18.010000000000005
416,134,17.439999999999998
416,135,16.939999999999998
416,136,15.599999999999994
416,137,15.420000000000002
416,138,15.030000000000001
416,139,13.560000000000002
416,140,13.260000000000005
416,141,10.920000000000002
416,142,11.11
416,143,8.629999999999995
416,144,7.200000000000003
416,145,7.359999999999999
416,146,7.799999999999997
416,147,5.939999999999998
416,148,4.400000000000006
416,149,3.239999999999995
416,150,5.459999999999994
416,151,4
416,152,2.75
416,153,1.7399999999999949
416,154,1.480000000000004
416,155,2.180000000000007
416,156,0.29000000000000625
416,157,1.0799999999999983
416,158,1.4500000000000028
416,159,2.5799999999999983
416,160,1.9599999999999937
416,161,4.109999999999999
416,162,4.670000000000002
416,163,6.799999999999997
416,164,5.769999999999996
416,165,7.640000000000001
416,166,5.409999999999997
416,167,8.930000000000007
416,168,8.980000000000004
416,169,7.8799999999999955
416,170,10.659999999999997
416,171,9.719999999999999
416,172,11.239999999999995
416,173,13.370000000000005
416,174,11.189999999999998
416,175,14.819999999999993
416,176,13.849999999999994
416,177,13.680000000000007
416,178,15.219999999999999
416,179,14.170000000000002
416,180,14.629999999999995
417,1,38.230000000000004
417,2,9.469999999999999
417,3,10.530000000000001
417,4,13.599999999999994
417,5,18.760000000000005
417,6,25.22
417,7,30.689999999999998
417,8,35.75
417,9,41.22
417,10,48.82
417,11,52.5
417,12,58.14
417,13,63.57
417,14,68.92
417,15,73.68
417,16,77.34
417,17,82.55
417,18,86.96000000000001
417,19,90.45
417,20,95.26
417,21,99.83
417,22,101.45
417,23,104.81
417,24,107.35
417,25,108.54
417,26,108.91
417,27,109.56
417,28,109.79
417,29,109.7
417,30,109.98
417,31,109.98
417,32,109.94
417,33,109.92
417,34,109.89
417,35,109.86
417,36,109.84
417,37,109.71
417,38,109.65
417,39,109.43
417,40,109.37
417,41,109.23
417,42,109.01
417,43,108.76
417,44,108.51
417,45,107.87
417,46,107.62
417,47,107.74
417,48,107.15
417,49,106.76
417,50,106.07
417,51,105.47
417,52,104.53
417,53,104.43
417,54,103.46
417,55,102.26
417,56,102.22
417,57,101.72
417,58,100.33
417,59,99.4
417,60,98.85
417,61,97.53999999999999
417,62,96.97
417,63,95.43
417,64,94.32
417,65,94.14
417,66,92.67
417,67,91.66
417,68,90.86
417,69,89.31
417,70,88.02
417,71,87.12
417,72,85.32
417,73,84.86
417,74,83.5
417,75,82.16
417,76,80.4
417,77,79.57
417,78,78.38
417,79,77.41
417,80,76.33
417,81,75.16
417,82,73.19
417,83,72.43
417,84,69.89
417,85,69
417,86,68.16
417,87,68.25
417,88,66.31
417,89,64.00999999999999
417,90,63.99
417,91,61.57
417,92,60.43
417,93,59.64
417,94,57.55
417,95,57.28
417,96,55.99
417,97,55.01
417,98,53.34
417,99,52.24
417,100,52.21
417,101,50.68
417,102,48.9
417,103,47.1
417,104,47.26
417,105,46.09
417,106,45.400000000000006
417,107,43.56999999999999
417,108,41.650000000000006
417,109,41.89
417,110,39.7
417,111,40.42
417,112,37.620000000000005
417,113,36.31
417,114,36.83
417,115,35.72
417,116,33.55
417,117,32.269999999999996
417,118,32.150000000000006
417,119,31.14
417,120,29.319999999999993
417,121,30.22
417,122,28.459999999999994
417,123,28.189999999999998
417,124,24.64
417,125,23.560000000000002
417,126,24.33
417,127,23.319999999999993
417,128,21.61
417,129,21.060000000000002
417,130,19.08
417,131,18.790000000000006
417,132,17.310000000000002
417,133,17.739999999999995
417,134,17.86
417,135,14.870000000000005
417,136,16.47
417,137,13.230000000000004
417,138,14.040000000000006
417,139,11.019999999999996
417,140,11.370000000000005
417,141,10.290000000000006
417,142,10.14
417,143,6.769999999999996
417,144,8.39
417,145,6.790000000000006
417,146,6.480000000000004
417,147,6.1299999999999955
417,148,5.1299999999999955
417,149,2.1700000000000017
417,150,3.0600000000000023
417,151,1.9899999999999949
417,152,0.6200000000000045
417,153,1.4099999999999966
417,154,0.3199999999999932
417,155,1.1500000000000057
417,156,1.5
417,157,2.5900000000000034
417,158,1.9899999999999949
417,159,4.489999999999995
417,160,4.3700000000000045
417,161,3.9200000000000017
417,162,6.719999999999999
417,163,5.230000000000004
417,164,6.049999999999997
417,165,8.689999999999998
417,166,7.819999999999993
417,167,10.239999999999995
417,168,9.989999999999995
417,169,9.61
417,170,9.989999999999995
417,171,11.530000000000001
417,172,13.120000000000005
417,173,12.950000000000003
417,174,12.879999999999995
417,175,15.11
417,176,14.019999999999996
417,177,13.980000000000004
417,178,14.560000000000002
417,179,14.959999999999994
417,180,18.22999999999999
418,1,35.790000000000006
418,2,4.700000000000003
418,3,6.340000000000003
418,4,10.129999999999995
418,5,15.209999999999994
418,6,22.939999999999998
418,7,26.67
418,8,33.150000000000006
418,9,39.75
418,10,44.040000000000006
418,11,48.98
418,12,55.1
418,13,59.91
418,14,63.16
418,15,70.00999999999999
418,16,74.58
418,17,79.11
418,18,83.45
418,19,89.05
418,20,92.57
418,21,97.05
418,22,101.65
418,23,103.68
418,24,105.9
418,25,108.24
418,26,108.73
418,27,109.08
418,28,109.46
418,29,109.9
418,30,109.92
418,31,109.92
418,32,109.93
418,33,109.95
418,34,109.96
418,35,109.82
418,36,109.8
418,37,109.69
418,38,109.52
418,39,109.45
418,40,109.23
418,41,109.2
418,42,108.8
418,43,108.66
418,44,108.33
418,45,107.88
418,46,107.65
418,47,107.09
418,48,106.58
418,49,106.48
418,50,105.92
418,51,105.2
418,52,104.27
418,53,104.27
418,54,103.36
418,55,102.52
418,56,101.76
418,57,101.26
418,58,100.15
418,59,98.85
418,60,97.92
418,61,97.51
418,62,95.96000000000001
418,63,95.32
418,64,94.03999999999999
418,65,92.6
418,66,91.8
418,67,90.55
418,68,88.91
418,69,88.19
418,70,87.4
418,71,86.38
418,72,84.99
418,73,83.76
418,74,82.73
418,75,81.35
418,76,79.19
418,77,78.28999999999999
418,78,77.86
418,79,76.65
418,80,74.88
418,81,73.95
418,82,71.99000000000001
418,83,71.62
418,84,69.17
418,85,69.46000000000001
418,86,66.87
418,87,65.99000000000001
418,88,64.37
418,89,63.6
418,90,63.26
418,91,62.27
418,92,59.09
418,93,58.95
418,94,56.67
418,95,55.89
418,96,55.37
418,97,54.75
418,98,52.84
418,99,50.59
418,100,49.19
418,101,49.95
418,102,47.25
418,103,47.05
418,104,45.55
418,105,44.55
418,106,42.41
418,107,42.42
418,108,41.06999999999999
418,109,41.150000000000006
418,110,38.3
418,111,39.16
418,112,37.11
418,113,35.900000000000006
418,114,36.019999999999996
418,115,33.06
418,116,32.39
418,117,29.980000000000004
418,118,31.099999999999994
418,119,29.930000000000007
418,120,28.03
418,121,27.72
418,122,26.230000000000004
418,123,25.75
418,124,24.349999999999994
418,125,23.97
418,126,23.129999999999995
418,127,19.67
418,128,20.78
418,129,19.47
418,130,19.590000000000003
418,131,17.97
418,132,16.200000000000003
418,133,15.89
418,134,15.39
418,135,13.980000000000004
418,136,14.200000000000003
418,137,12.730000000000004
418,138,12.170000000000002
418,139,10.36
418,140,11.11
418,141,9.25
418,142,8.86
418,143,9.269999999999996
418,144,6.290000000000006
418,145,4.439999999999998
418,146,5.150000000000006
418,147,3.760000000000005
418,148,2.3700000000000045
418,149,2.989999999999995
418,150,2.739999999999995
418,151,1.0999999999999943
418,152,1.1200000000000045
418,153,0.8499999999999943
418,154,0.8599999999999994
418,155,2.4399999999999977
418,156,2.6500000000000057
418,157,4.819999999999993
418,158,4.439999999999998
418,159,4.5
418,160,3.8900000000000006
418,161,2.969999999999999
418,162,5.540000000000006
418,163,8.129999999999995
418,164,7.980000000000004
418,165,8.719999999999999
418,166,8.75
418,167,12.980000000000004
418,168,9.340000000000003
418,169,11.159999999999997
418,170,10.010000000000005
418,171,13.719999999999999
418,172,11.780000000000001
418,173,11.939999999999998
418,174,12.64
418,175,14.269999999999996
418,176,16.620000000000005
418,177,16.049999999999997
418,178,17.159999999999997
418,179,17.450000000000003
418,180,16.939999999999998
419,1,34.28
419,2,2.489999999999995
419,3,4.489999999999995
419,4,7.680000000000007
419,5,13.799999999999997
419,6,18.819999999999993
419,7,24.11
419,8,29.950000000000003
419,9,34.5
419,10,40.760000000000005
419,11,46.54
419,12,52.41
419,13,57.1
419,14,61.99
419,15,67.97
419,16,70.92
419,17,75.61
419,18,80.43
419,19,87.02
419,20,89.62
419,21,93.82
419,22,97.56
419,23,100.81
419,24,103.5
419,25,106.21
419,26,107.85
419,27,108.68
419,28,109.3
419,29,109.65
419,30,109.88
419,31,109.85
419,32,109.95
419,33,109.92
419,34,109.86
419,35,109.84
419,36,109.73
419,37,109.57
419,38,109.63
419,39,109.16
419,40,109.2
419,41,109.12
419,42,108.79
419,43,108.47
419,44,108.35
419,45,108.09
419,46,107.82
419,47,107.09
419,48,106.76
419,49,106.03
419,50,105.22
419,51,105.02
419,52,104.39
419,53,103.53
419,54,103.09
419,55,102.13
419,56,101.38
419,57,100.96000000000001
419,58,99.2
419,59,98.76
419,60,97.71000000000001
419,61,96.4
419,62,95.27
419,63,94.25
419,64,93.78999999999999
419,65,92.52
419,66,90.46000000000001
419,67,91.33
419,68,88.88
419,69,88.44
419,70,86.71000000000001
419,71,86
419,72,84.08
419,73,82.78
419,74,81.99
419,75,80.8
419,76,79.28
419,77,78.45
419,78,76.38
419,79,75.08
419,80,73.58
419,81,72.89
419,82,71.00999999999999
419,83,71.11
419,84,69.15
419,85,68.8
419,86,66.14
419,87,65.13
419,88,64.37
419,89,62.74
419,90,62.03
419,91,60.08
419,92,59.32
419,93,57.19
419,94,56.03
419,95,56.34
419,96,54.48
419,97,53.63
419,98,51.64
419,99,51.32
419,100,49.7
419,101,48.74
419,102,47.64
419,103,45.08
419,104,44.43000000000001
419,105,44.44
419,106,44.099999999999994
419,107,41.95
419,108,40.22
419,109,39.849999999999994
419,110,37.269999999999996
419,111,37.81999999999999
419,112,36.620000000000005
419,113,34.290000000000006
419,114,34.349999999999994
419,115,31.489999999999995
419,116,31.689999999999998
419,117,30.86
419,118,29.64
419,119,28.120000000000005
419,120,28.120000000000005
419,121,26.040000000000006
419,122,26.5
419,123,25.129999999999995
419,124,24.269999999999996
419,125,22.349999999999994
419,126,21.75
419,127,21.599999999999994
419,128,19.22
419,129,18.150000000000006
419,130,17.560000000000002
419,131,18.5
419,132,17.200000000000003
419,133,14.659999999999997
419,134,13.810000000000002
419,135,15.129999999999995
419,136,13.159999999999997
419,137,11.950000000000003
419,138,11.180000000000007
419,139,10.560000000000002
419,140,9.900000000000006
419,141,9.150000000000006
419,142,7.709999999999994
419,143,7.290000000000006
419,144,5.480000000000004
419,145,5.430000000000007
419,146,4.959999999999994
419,147,4
419,148,2.319999999999993
419,149,1.8199999999999932
419,150,2.069999999999993
419,151,0.5999999999999943
419,152,1.6500000000000057
419,153,0.9899999999999949
419,154,1.3299999999999983
419,155,4.069999999999993
419,156,3.769999999999996
419,157,4.939999999999998
419,158,2.9200000000000017
419,159,4.269999999999996
419,160,6.359999999999999
419,161,8.569999999999993
419,162,6.6299999999999955
419,163,8.469999999999999
419,164,8.439999999999998
419,165,10.099999999999994
419,166,8.939999999999998
419,167,10.519999999999996
419,168,11.040000000000006
419,169,11.549999999999997
419,170,14.290000000000006
419,171,12.620000000000005
419,172,14.939999999999998
419,173,15.939999999999998
419,174,15.25
419,175,17.739999999999995
419,176,16.069999999999993
419,177,16.299999999999997
419,178,15.099999999999994
419,179,17.870000000000005
419,180,17.64
420,1,28.900000000000006
420,2,0.269999999999996
420,3,0.4099999999999966
420,4,4.840000000000003
420,5,9.120000000000005
420,6,16.040000000000006
420,7,21.650000000000006
420,8,26.11
420,9,32.16
420,10,37.769999999999996
420,11,42.290000000000006
420,12,48.25
420,13,53.4
420,14,60.69
420,15,63.21
420,16,68.97
420,17,72.88
420,18,79.36
420,19,82.66
420,20,87.22
420,21,90.94
420,22,94.52
420,23,99.92
420,24,102.16
420,25,104.28
420,26,106.28
420,27,107.9
420,28,109.02
420,29,109.43
420,30,109.62
420,31,109.81
420,32,109.83
420,33,109.79
420,34,109.83
420,35,109.79
420,36,109.73
420,37,109.48
420,38,109.62
420,39,109.47
420,40,109.09
420,41,108.87
420,42,108.55
420,43,108.38
420,44,108.13
420,45,107.54
420,46,107.13
420,47,106.76
420,48,106.22
420,49,105.77
420,50,105.41
420,51,104.26
420,52,103.86
420,53,103.6
420,54,102.18
420,55,101.52
420,56,101.18
420,57,100.09
420,58,99.24
420,59,97.95
420,60,97.32
420,61,96.17
420,62,94.77
420,63,93.78
420,64,92.93
420,65,92.33
420,66,90.78999999999999
420,67,89.9
420,68,88.06
420,69,88.17
420,70,85.83
420,71,85.03999999999999
420,72,83.07
420,73,82.43
420,74,81.98
420,75,79.63
420,76,78.49
420,77,76.58
420,78,76.32
420,79,73.78
420,80,73.34
420,81,71.94
420,82,71.42
420,83,69.8
420,84,68.64
420,85,66.9
420,86,65.34
420,87,63.87
420,88,62.36
420,89,63.05
420,90,59.4
420,91,59.8
420,92,58.44
420,93,56.86
420,94,56.63
420,95,54.06
420,96,53.85
420,97,52.31
420,98,49.2
420,99,49.07
420,100,47.65
420,101,46.32
420,102,45.86
420,103,44.56
420,104,42.43000000000001
420,105,43.239999999999995
420,106,40.879999999999995
420,107,38.989999999999995
420,108,39.59
420,109,38.64
420,110,35.870000000000005
420,111,34.59
420,112,34.97
420,113,34.81
420,114,33.099999999999994
420,115,32.09
420,116,30.099999999999994
420,117,29.47
420,118,28.730000000000004
420,119,28.900000000000006
420,120,25.810000000000002
420,121,25.810000000000002
420,122,24.42
420,123,24.89
420,124,22.900000000000006
420,125,21.590000000000003
420,126,18.47
420,127,19.42
420,128,18.260000000000005
420,129,17.569999999999993
420,130,14.579999999999998
420,131,17.299999999999997
420,132,14.590000000000003
420,133,14.010000000000005
420,134,13.299999999999997
420,135,12.450000000000003
420,136,12.349999999999994
420,137,11.260000000000005
420,138,10.019999999999996
420,139,8.930000000000007
420,140,7.3700000000000045
420,141,7.150000000000006
420,142,5.439999999999998
420,143,5.8799999999999955
420,144,3.5400000000000063
420,145,4.599999999999994
420,146,3.9399999999999977
420,147,3.75
420,148,2.930000000000007
420,149,1.1400000000000006
420,150,1.2399999999999949
420,151,1.9899999999999949
420,152,0.04000000000000625
420,153,1.8700000000000045
420,154,3.8400000000000034
420,155,4.400000000000006
420,156,4.180000000000007
420,157,4.719999999999999
420,158,4.1200000000000045
420,159,4.909999999999997
420,160,5.780000000000001
420,161,7.430000000000007
420,162,9.439999999999998
420,163,9.290000000000006
420,164,10.189999999999998
420,165,9.86
420,166,11.849999999999994
420,167,10.019999999999996
420,168,12.659999999999997
420,169,13.980000000000004
420,170,14.239999999999995
420,171,12.989999999999995
420,172,14.39
420,173,14.180000000000007
420,174,18.22
420,175,15.939999999999998
420,176,16.89
420,177,16.450000000000003
420,178,19.629999999999995
420,179,18.419999999999987
420,180,18.419999999999987
421,1,24.769999999999996
421,2,5.049999999999997
421,3,3.0400000000000063
421,4,2.269999999999996
421,5,5.829999999999998
421,6,12.810000000000002
421,7,19.560000000000002
421,8,23.510000000000005
421,9,29.120000000000005
421,10,35.05
421,11,39.31
421,12,44.769999999999996
421,13,51.53
421,14,54.48
421,15,60.04
421,16,67.07
421,17,70.43
421,18,74.52000000000001
421,19,79.55
421,20,83.48
421,21,89.97
421,22,92.71000000000001
421,23,95.32
421,24,99.61
421,25,102.03
421,26,105.69
421,27,106.82
421,28,108.64
421,29,109.15
421,30,109.41
421,31,109.63
421,32,109.77
421,33,109.9
421,34,109.84
421,35,109.78
421,36,109.6
421,37,109.65
421,38,109.39
421,39,109.23
421,40,108.97
421,41,108.87
421,42,108.78
421,43,108.25
421,44,107.96
421,45,107.6
421,46,107.25
421,47,106.69
421,48,106.14
421,49,105.17
421,50,105.07
421,51,104.42
421,52,103.83
421,53,102.87
421,54,102.46
421,55,101.47
421,56,100.31
421,57,99.64
421,58,97.63
421,59,97.09
421,60,96.71000000000001
421,61,95.1
421,62,94.44
421,63,93.42
421,64,92.32
421,65,91.5
421,66,90.47
421,67,88.84
421,68,88.3
421,69,87.1
421,70,86.15
421,71,83.12
421,72,82.88
421,73,81.99
421,74,80.83
421,75,79.09
421,76,76.65
421,77,75.83
421,78,76.13
421,79,73.88
421,80,73.13
421,81,71.07
421,82,70.38
421,83,67.4
421,84,67.65
421,85,66.47
421,86,64.37
421,87,63.46
421,88,62.11
421,89,59.76
421,90,59.96
421,91,57.84
421,92,56.4
421,93,55.68
421,94,54.76
421,95,52.25
421,96,53.14
421,97,51.72
421,98,49.61
421,99,47.05
421,100,47.38
421,101,45.83
421,102,45.7
421,103,43.68000000000001
421,104,41.68000000000001
421,105,40.540000000000006
421,106,40.68000000000001
421,107,38.620000000000005
421,108,38.06
421,109,36.120000000000005
421,110,36.94
421,111,34.94
421,112,33.43000000000001
421,113,33.94
421,114,30.620000000000005
421,115,32.099999999999994
421,116,29.230000000000004
421,117,26.950000000000003
421,118,28.159999999999997
421,119,27
421,120,25.489999999999995
421,121,24.659999999999997
421,122,23.930000000000007
421,123,23.319999999999993
421,124,20.489999999999995
421,125,21.099999999999994
421,126,18.58
421,127,19.599999999999994
421,128,18.180000000000007
421,129,17.299999999999997
421,130,15.209999999999994
421,131,14.799999999999997
421,132,14.090000000000003
421,133,12.920000000000002
421,134,11.450000000000003
421,135,13.25
421,136,10.420000000000002
421,137,9.89
421,138,8.870000000000005
421,139,8.349999999999994
421,140,6.760000000000005
421,141,6.530000000000001
421,142,5.099999999999994
421,143,4.079999999999998
421,144,3.3400000000000034
421,145,1.9399999999999977
421,146,3.3599999999999994
421,147,2.950000000000003
421,148,1.5400000000000063
421,149,0.4300000000000068
421,150,0.7199999999999989
421,151,3.299999999999997
421,152,5.219999999999999
421,153,2.8400000000000034
421,154,3
421,155,5.269999999999996
421,156,6.040000000000006
421,157,5.299999999999997
421,158,6.799999999999997
421,159,7.510000000000005
421,160,8.75
421,161,10.040000000000006
421,162,8.719999999999999
421,163,9.480000000000004
421,164,11.069999999999993
421,165,11.579999999999998
421,166,11.569999999999993
421,167,12.719999999999999
421,168,12.659999999999997
421,169,14.230000000000004
421,170,15.870000000000005
421,171,16.340000000000003
421,172,16.060000000000002
421,173,16.33
421,174,16.629999999999995
421,175,16.33
421,176,19.47999999999999
421,177,20.189999999999998
421,178,19.75999999999999
421,179,20.379999999999995
421,180,20.370000000000005
422,1,22.08
422,2,6.170000000000002
422,3,4.950000000000003
422,4,0.7199999999999989
422,5,3.489999999999995
422,6,9.650000000000006
422,7,14.11
422,8,21.400000000000006
422,9,25.810000000000002
422,10,31.64
422,11,37.290000000000006
422,12,42.28
422,13,47.41
422,14,52.67
422,15,57.38
422,16,62.76
422,17,65.9
422,18,72.2
422,19,75.63
422,20,80.85
422,21,86.45
422,22,89.57
422,23,93.28
422,24,97.1
422,25,100.83
422,26,102.53
422,27,105.72
422,28,107.01
422,29,108.26
422,30,108.82
422,31,109.31
422,32,109.78
422,33,109.78
422,34,109.77
422,35,109.67
422,36,109.59
422,37,109.63
422,38,109.41
422,39,109.32
422,40,108.82
422,41,108.84
422,42,108.53
422,43,108.33
422,44,107.77
422,45,107.39
422,46,106.99
422,47,106.67
422,48,105.87
422,49,105.03
422,50,104.72
422,51,103.99
422,52,103.07
422,53,103.13
422,54,101.56
422,55,101.17
422,56,100.47
422,57,99.1
422,58,98.15
422,59,97.03999999999999
422,60,96.46000000000001
422,61,94.88
422,62,94.07
422,63,93.72
422,64,92.64
422,65,90.53
422,66,89.66
422,67,88.4
422,68,87.38
422,69,85.58
422,70,84.63
422,71,83.66
422,72,81.93
422,73,80.07
422,74,79.19
422,75,77.72999999999999
422,76,77.35
422,77,74.82
422,78,73.75999999999999
422,79,72.97
422,80,72.88
422,81,69.88
422,82,68.95
422,83,67.4
422,84,66.92
422,85,65.6
422,86,63.07
422,87,62.24
422,88,60.97
422,89,59.66
422,90,59.26
422,91,56.91
422,92,56.21
422,93,55.62
422,94,52.83
422,95,51.96
422,96,50.44
422,97,51.01
422,98,49.32
422,99,46.82
422,100,46
422,101,45.510000000000005
422,102,43.28
422,103,42.33
422,104,41.379999999999995
422,105,41.89
422,106,39.81
422,107,38.43000000000001
422,108,36.870000000000005
422,109,36.16
422,110,35.44
422,111,31.86
422,112,32.3
422,113,31.900000000000006
422,114,31.400000000000006
422,115,29.39
422,116,28.489999999999995
422,117,25.620000000000005
422,118,25.67
422,119,24.61
422,120,24.060000000000002
422,121,24.42
422,122,22.810000000000002
422,123,21.379999999999995
422,124,20.25
422,125,20.33
422,126,18.950000000000003
422,127,18.25
422,128,15.969999999999999
422,129,16.709999999999994
422,130,13.89
422,131,13.180000000000007
422,132,13.510000000000005
422,133,12.11
422,134,11.540000000000006
422,135,9.019999999999996
422,136,9.650000000000006
422,137,8.349999999999994
422,138,8.14
422,139,6.319999999999993
422,140,6.189999999999998
422,141,5.930000000000007
422,142,4.540000000000006
422,143,4.069999999999993
422,144,1.3700000000000045
422,145,3.030000000000001
422,146,0.730000000000004
422,147,1.7600000000000051
422,148,1.5799999999999983
422,149,1.8700000000000045
422,150,1.1599999999999966
422,151,0.1700000000000017
422,152,4.719999999999999
422,153,4.650000000000006
422,154,6.489999999999995
422,155,6.409999999999997
422,156,4.950000000000003
422,157,5.799999999999997
422,158,7.659999999999997
422,159,9.329999999999998
422,160,7
422,161,9.150000000000006
422,162,9.629999999999995
422,163,10.370000000000005
422,164,11.599999999999994
422,165,12.319999999999993
422,166,13.189999999999998
422,167,16.25
422,168,14.25
422,169,15.280000000000001
422,170,15.480000000000004
422,171,15.61
422,172,15.530000000000001
422,173,18.560000000000002
422,174,20.19999999999999
422,175,18.789999999999992
422,176,19.080000000000013
422,177,19.97999999999999
422,178,19.900000000000006
422,179,19.789999999999992
422,180,20.680000000000007
423,1,19.39
423,2,12.36
423,3,9.349999999999994
423,4,5.189999999999998
423,5,0.8599999999999994
423,6,5.659999999999997
423,7,12.930000000000007
423,8,17.97
423,9,23.260000000000005
423,10,29.599999999999994
423,11,32.72
423,12,38.760000000000005
423,13,44.400000000000006
423,14,49.91
423,15,54.41
423,16,59.44
423,17,63.63
423,18,69.3
423,19,71.21000000000001
423,20,78.87
423,21,82.67
423,22,86.89
423,23,91.22
423,24,93.76
423,25,97.74
423,26,101.1
423,27,103.72
423,28,106.22
423,29,107.22
423,30,109.06
423,31,108.99
423,32,109.43
423,33,109.62
423,34,109.7
423,35,109.62
423,36,109.66
423,37,109.48
423,38,109.37
423,39,109.27
423,40,108.99
423,41,108.61
423,42,108.41
423,43,108.1
423,44,107.69
423,45,107.23
423,46,106.9
423,47,106.09
423,48,105.29
423,49,105.15
423,50,104.19
423,51,103.56
423,52,102.35
423,53,102.25
423,54,101.62
423,55,100.28
423,56,99.83
423,57,98.75
423,58,98
423,59,96.6
423,60,96.3
423,61,94.43
423,62,93.44
423,63,91.89
423,64,91.53
423,65,89.85
423,66,88.17
423,67,87.91
423,68,87.02
423,69,84.49
423,70,83.25
423,71,81.96000000000001
423,72,81.09
423,73,80.09
423,74,78.43
423,75,76.78999999999999
423,76,76.71000000000001
423,77,74.68
423,78,73.25
423,79,71.84
423,80,70.03
423,81,69.39
423,82,67.56
423,83,65.58
423,84,64.49000000000001
423,85,64.47999999999999
423,86,62.93
423,87,60.82
423,88,60.44
423,89,58
423,90,58.48
423,91,57.73
423,92,55.06
423,93,54.07
423,94,52.38
423,95,51.43
423,96,49.86
423,97,49.72
423,98,47.74
423,99,46.55
423,100,45.349999999999994
423,101,44.760000000000005
423,102,43.92
423,103,41.69
423,104,40.739999999999995
423,105,37.849999999999994
423,106,38.72
423,107,37.68000000000001
423,108,35.769999999999996
423,109,36.150000000000006
423,110,34.03
423,111,32.11
423,112,32.349999999999994
423,113,29.42
423,114,29.11
423,115,30.260000000000005
423,116,27.33
423,117,27.099999999999994
423,118,26.209999999999994
423,119,24.239999999999995
423,120,23.150000000000006
423,121,21.799999999999997
423,122,20.83
423,123,19.409999999999997
423,124,18.269999999999996
423,125,18.099999999999994
423,126,18.239999999999995
423,127,16.269999999999996
423,128,16.480000000000004
423,129,14.340000000000003
423,130,15.61
423,131,13.030000000000001
423,132,11.629999999999995
423,133,11.540000000000006
423,134,11.459999999999994
423,135,9.25
423,136,9.379999999999995
423,137,7.780000000000001
423,138,6.890000000000001
423,139,6.980000000000004
423,140,4.030000000000001
423,141,5.109999999999999
423,142,4.109999999999999
423,143,2.7900000000000063
423,144,2.0799999999999983
423,145,1.5400000000000063
423,146,0.4200000000000017
423,147,0.5799999999999983
423,148,0.18999999999999773
423,149,0.8900000000000006
423,150,3.450000000000003
423,151,2.219999999999999
423,152,3.4099999999999966
423,153,5.3799999999999955
423,154,4.189999999999998
423,155,6.040000000000006
423,156,5.560000000000002
423,157,7.510000000000005
423,158,9.290000000000006
423,159,7.799999999999997
423,160,9.560000000000002
423,161,11.89
423,162,11.469999999999999
423,163,11.769999999999996
423,164,12.159999999999997
423,165,13.659999999999997
423,166,12.980000000000004
423,167,13.579999999999998
423,168,15.519999999999996
423,169,14.75
423,170,17.47
423,171,16.980000000000004
423,172,17.230000000000004
423,173,17.58
423,174,19.379999999999995
423,175,18.590000000000003
423,176,20.80000000000001
423,177,19.580000000000013
423,178,22.110000000000014
423,179,23.24000000000001
423,180,22.50999999999999
424,1,16.290000000000006
424,2,15.420000000000002
424,3,11.569999999999993
424,4,7.269999999999996
424,5,1.5999999999999943
424,6,3.1400000000000006
424,7,8.11
424,8,14.879999999999995
424,9,18.849999999999994
424,10,25.75
424,11,30.849999999999994
424,12,36.370000000000005
424,13,40.83
424,14,45.34
424,15,50.83
424,16,56.53
424,17,60.5
424,18,64.95
424,19,71.00999999999999
424,20,75.37
424,21,80.25
424,22,83.16
424,23,86.41
424,24,92.37
424,25,96.12
424,26,97.78
424,27,102.58
424,28,104.12
424,29,106.15
424,30,106.86
424,31,108.62
424,32,108.89
424,33,109.34
424,34,109.37
424,35,109.57
424,36,109.51
424,37,109.38
424,38,109.3
424,39,109.02
424,40,108.57
424,41,108.47
424,42,108.09
424,43,108.09
424,44,107.38
424,45,107.1
424,46,106.58
424,47,105.99
424,48,105.63
424,49,104.85
424,50,104.07
424,51,103.25
424,52,102.67
424,53,101.68
424,54,100.42
424,55,99.87
424,56,98.76
424,57,97.91
424,58,97.61
424,59,96.13
424,60,94.96000000000001
424,61,93.72
424,62,92.61
424,63,91.28
424,64,90.44
424,65,88.82
424,66,87.05
424,67,86.72
424,68,85.59
424,69,83.96000000000001
424,70,82.59
424,71,82.01
424,72,80.1
424,73,78.73
424,74,77.82
424,75,76.5
424,76,74.39
424,77,74.4
424,78,72.42
424,79,70.84
424,80,69.77000000000001
424,81,67.25
424,82,67.25999999999999
424,83,66.6
424,84,65.58
424,85,63.3
424,86,62.57
424,87,61.28
424,88,57.67
424,89,58.12
424,90,57.15
424,91,55.16
424,92,54.5
424,93,52.16
424,94,50.93
424,95,50.03
424,96,48.46
424,97,48.48
424,98,47.34
424,99,45.370000000000005
424,100,44.290000000000006
424,101,44.730000000000004
424,102,42.010000000000005
424,103,41.81
424,104,38.870000000000005
424,105,39.06999999999999
424,106,36.989999999999995
424,107,35.69
424,108,34.75
424,109,34.019999999999996
424,110,32.400000000000006
424,111,31.980000000000004
424,112,31.97
424,113,30.260000000000005
424,114,26.450000000000003
424,115,26.760000000000005
424,116,25.900000000000006
424,117,25.299999999999997
424,118,23.89
424,119,24.310000000000002
424,120,22.180000000000007
424,121,22.230000000000004
424,122,19.86
424,123,19.870000000000005
424,124,17.950000000000003
424,125,17.599999999999994
424,126,16.42
424,127,15.540000000000006
424,128,16.989999999999995
424,129,14.519999999999996
424,130,13.230000000000004
424,131,12.819999999999993
424,132,10.650000000000006
424,133,11.260000000000005
424,134,9.450000000000003
424,135,6.549999999999997
424,136,7.730000000000004
424,137,5.569999999999993
424,138,5.019999999999996
424,139,5.040000000000006
424,140,2.6899999999999977
424,141,0.9599999999999937
424,142,3.5
424,143,1.1599999999999966
424,144,2.319999999999993
424,145,0.12000000000000455
424,146,0.8100000000000023
424,147,1.4000000000000057
424,148,1.3599999999999994
424,149,2.6500000000000057
424,150,2.8100000000000023
424,151,5.010000000000005
424,152,4.989999999999995
424,153,7.590000000000003
424,154,5.920000000000002
424,155,8.36
424,156,7.150000000000006
424,157,8.519999999999996
424,158,9.89
424,159,8.689999999999998
424,160,11.030000000000001
424,161,10.849999999999994
424,162,12.030000000000001
424,163,11.400000000000006
424,164,11.840000000000003
424,165,15.590000000000003
424,166,14.689999999999998
424,167,14.450000000000003
424,168,15.11
424,169,16.17
424,170,16.709999999999994
424,171,17.439999999999998
424,172,16.11
424,173,18.919999999999987
424,174,21.72
424,175,20.289999999999992
424,176,19.69999999999999
424,177,21.379999999999995
424,178,23.560000000000002
424,179,24.03
424,180,26.319999999999993
425,1,12.950000000000003
425,2,16.319999999999993
425,3,14.219999999999999
425,4,10.090000000000003
425,5,5.650000000000006
425,6,0.12999999999999545
425,7,4.650000000000006
425,8,12.370000000000005
425,9,17.489999999999995
425,10,22.900000000000006
425,11,27.239999999999995
425,12,33.519999999999996
425,13,38.61
425,14,43.739999999999995
425,15,50.36
425,16,53.99
425,17,56.12
425,18,64.93
425,19,66.95
425,20,73.11
425,21,75.94
425,22,81.19
425,23,84.86
425,24,89.01
425,25,92.53999999999999
425,26,95.3
425,27,99.47
425,28,102.6
425,29,105.01
425,30,106.33
425,31,107.46
425,32,108.54
425,33,109.08
425,34,109.14
425,35,109.39
425,36,109.5
425,37,109.36
425,38,109.24
425,39,108.93
425,40,108.78
425,41,108.51
425,42,108.17
425,43,107.69
425,44,107.35
425,45,106.63
425,46,106.51
425,47,105.55
425,48,105.13
425,49,104.71
425,50,103.84
425,51,103.03
425,52,102.24
425,53,101.3
425,54,100.23
425,55,99.94
425,56,98.73
425,57,97.22
425,58,96.4
425,59,94.5
425,60,94.27
425,61,92.57
425,62,92.21000000000001
425,63,90.77
425,64,90.83
425,65,88.31
425,66,87.24
425,67,86.34
425,68,85.05
425,69,83.69
425,70,81.73
425,71,80.56
425,72,79.4
425,73,77.39
425,74,76.53
425,75,75.50999999999999
425,76,74.17
425,77,72.75
425,78,71.03999999999999
425,79,69.37
425,80,68.81
425,81,66.92
425,82,65.9
425,83,65.57
425,84,62.93
425,85,61.43
425,86,60.26
425,87,58.46
425,88,59.36
425,89,56.85
425,90,55.12
425,91,54.36
425,92,52.99
425,93,51.78
425,94,51.16
425,95,50.08
425,96,48.6
425,97,46.76
425,98,44.83
425,99,44.900000000000006
425,100,43.34
425,101,41.790000000000006
425,102,40.849999999999994
425,103,40.67
425,104,38.83
425,105,36.3
425,106,37.67
425,107,34.81
425,108,33.790000000000006
425,109,32.709999999999994
425,110,31.430000000000007
425,111,30.870000000000005
425,112,29.930000000000007
425,113,28.92
425,114,25.989999999999995
425,115,26.049999999999997
425,116,25.47
425,117,24.120000000000005
425,118,25.230000000000004
425,119,22.200000000000003
425,120,22.299999999999997
425,121,20.209999999999994
425,122,19.379999999999995
425,123,17.519999999999996
425,124,15.819999999999993
425,125,16.810000000000002
425,126,15.900000000000006
425,127,15.049999999999997
425,128,12.549999999999997
425,129,13.439999999999998
425,130,10.689999999999998
425,131,10.260000000000005
425,132,9.549999999999997
425,133,9.769999999999996
425,134,8.969999999999999
425,135,6.480000000000004
425,136,5.8799999999999955
425,137,5.909999999999997
425,138,5.400000000000006
425,139,3.6599999999999966
425,140,2.5
425,141,2.8100000000000023
425,142,0.7600000000000051
425,143,2.6700000000000017
425,144,0.5900000000000034
425,145,1.0600000000000023
425,146,3.8599999999999994
425,147,1.8799999999999955
425,148,4.239999999999995
425,149,4.689999999999998
425,150,6.659999999999997
425,151,5.230000000000004
425,152,7.420000000000002
425,153,8.170000000000002
425,154,6.989999999999995
425,155,7.849999999999994
425,156,8.739999999999995
425,157,9.409999999999997
425,158,9.790000000000006
425,159,9.469999999999999
425,160,12.560000000000002
425,161,10.739999999999995
425,162,13.480000000000004
425,163,14.239999999999995
425,164,13.079999999999998
425,165,13.939999999999998
425,166,16.209999999999994
425,167,17.730000000000004
425,168,16.430000000000007
425,169,18.99000000000001
425,170,19.53
425,171,19.28
425,172,18.620000000000005
425,173,20.360000000000014
425,174,21.72
425,175,22.139999999999986
425,176,21.139999999999986
425,177,22.419999999999987
425,178,23.580000000000013
425,179,23.889999999999986
425,180,25.319999999999993
426,1,9.629999999999995
426,2,20.360000000000014
426,3,19.340000000000003
426,4,14.159999999999997
426,5,8.819999999999993
426,6,3.219999999999999
426,7,3.1299999999999955
426,8,7.560000000000002
426,9,14
426,10,19.010000000000005
426,11,25.42
426,12,29.840000000000003
426,13,35.739999999999995
426,14,39.93000000000001
426,15,45.989999999999995
426,16,50.05
426,17,55.71
426,18,60.42
426,19,64.12
426,20,69.67
426,21,72.14
426,22,76.97999999999999
426,23,82.53
426,24,86.42
426,25,90.27
426,26,93.67
426,27,98.05
426,28,99.34
426,29,102.79
426,30,104.51
426,31,106.24
426,32,107.96
426,33,108.67
426,34,109.03
426,35,109.4
426,36,109.5
426,37,109.2
426,38,109.14
426,39,108.96
426,40,108.72
426,41,108.43
426,42,107.79
426,43,107.82
426,44,107.14
426,45,106.6
426,46,106
426,47,105.45
426,48,104.92
426,49,104.7
426,50,103.88
426,51,102.3
426,52,101.83
426,53,101.03999999999999
426,54,99.77
426,55,98.83
426,56,98.22
426,57,96.74
426,58,96
426,59,94.82
426,60,93.74
426,61,92.88
426,62,92
426,63,90.34
426,64,89.48
426,65,87.67
426,66,85.94
426,67,84.4
426,68,83.7
426,69,81.62
426,70,81.23
426,71,80.11
426,72,78.85
426,73,76.71000000000001
426,74,76.06
426,75,74.93
426,76,73.69
426,77,71.64
426,78,69.65
426,79,69.69
426,80,67.33
426,81,65.62
426,82,64.17
426,83,62.24
426,84,62.69
426,85,60.5
426,86,59.81
426,87,58.71
426,88,57.14
426,89,56.88
426,90,53.64
426,91,52.31
426,92,51.86
426,93,51.13
426,94,49.6
426,95,48.53
426,96,47.87
426,97,45.3
426,98,45.31
426,99,42.39
426,100,43.349999999999994
426,101,40.230000000000004
426,102,39.480000000000004
426,103,38.2
426,104,37.34
426,105,36.43000000000001
426,106,34.650000000000006
426,107,32.989999999999995
426,108,32.120000000000005
426,109,30.340000000000003
426,110,30.400000000000006
426,111,29.739999999999995
426,112,28.650000000000006
426,113,27.489999999999995
426,114,26.099999999999994
426,115,25.909999999999997
426,116,24.659999999999997
426,117,23.090000000000003
426,118,21.049999999999997
426,119,20.67
426,120,20.659999999999997
426,121,18.060000000000002
426,122,19.019999999999996
426,123,14.469999999999999
426,124,16.510000000000005
426,125,15.200000000000003
426,126,14.200000000000003
426,127,14.439999999999998
426,128,10.489999999999995
426,129,11.739999999999995
426,130,10.349999999999994
426,131,9.370000000000005
426,132,9.400000000000006
426,133,7.549999999999997
426,134,6.260000000000005
426,135,5.540000000000006
426,136,5.930000000000007
426,137,3.730000000000004
426,138,3.719999999999999
426,139,2.6099999999999994
426,140,3.3400000000000034
426,141,1.5
426,142,1.7800000000000011
426,143,0.9099999999999966
426,144,0.21999999999999886
426,145,1.75
426,146,2.9399999999999977
426,147,3.269999999999996
426,148,3.760000000000005
426,149,4.079999999999998
426,150,5.459999999999994
426,151,6.730000000000004
426,152,6.6200000000000045
426,153,8.620000000000005
426,154,10.829999999999998
426,155,10.099999999999994
426,156,9.209999999999994
426,157,9.379999999999995
426,158,12.930000000000007
426,159,11.090000000000003
426,160,12.659999999999997
426,161,14.719999999999999
426,162,14.310000000000002
426,163,15.040000000000006
426,164,15.700000000000003
426,165,16.900000000000006
426,166,15.510000000000005
426,167,16.799999999999997
426,168,18.159999999999997
426,169,19.379999999999995
426,170,19.30000000000001
426,171,20.55000000000001
426,172,19.939999999999998
426,173,19.47999999999999
426,174,21.939999999999998
426,175,23.00999999999999
426,176,22.110000000000014
426,177,23.72
426,178,23.169999999999987
426,179,23.50999999999999
426,180,26.430000000000007
427,1,7.099999999999994
427,2,22.659999999999997
427,3,21.55000000000001
427,4,16.879999999999995
427,5,11.019999999999996
427,6,7.069999999999993
427,7,0.9200000000000017
427,8,5.549999999999997
427,9,10.650000000000006
427,10,16.67
427,11,22.379999999999995
427,12,27.83
427,13,32.510000000000005
427,14,37.11
427,15,42.64
427,16,48.16
427,17,52.56
427,18,56.68
427,19,59.08
427,20,65.62
427,21,70.38
427,22,75.37
427,23,78.64
427,24,82.19
427,25,86.85
427,26,89.85
427,27,94.15
427,28,98.68
427,29,101.22
427,30,104.55
427,31,105.34
427,32,106.54
427,33,108.12
427,34,108.13
427,35,108.9
427,36,108.97
427,37,108.64
427,38,109.2
427,39,108.85
427,40,108.35
427,41,108.44
427,42,107.67
427,43,107.53
427,44,106.75
427,45,106.56
427,46,105.97
427,47,105.45
427,48,104.54
427,49,103.79
427,50,103.17
427,51,102.21
427,52,101.45
427,53,100.1
427,54,99.96000000000001
427,55,98.27
427,56,97.31
427,57,96.34
427,58,95.44
427,59,93.94
427,60,92.92
427,61,91.83
427,62,90.3
427,63,89.11
427,64,87.71000000000001
427,65,85.87
427,66,86.02
427,67,84.09
427,68,82.8
427,69,81.1
427,70,81.06
427,71,78.5
427,72,76.99000000000001
427,73,75.89
427,74,74.52000000000001
427,75,74.03
427,76,71.8
427,77,71.52000000000001
427,78,68.62
427,79,68.11
427,80,66.3
427,81,66.42
427,82,64.15
427,83,62.54
427,84,60.75
427,85,59.48
427,86,58.19
427,87,57.29
427,88,55.32
427,89,54.17
427,90,52.12
427,91,52.12
427,92,50.81
427,93,49.44
427,94,47.22
427,95,47.76
427,96,45.209999999999994
427,97,45.17
427,98,43.760000000000005
427,99,42.150000000000006
427,100,41.39
427,101,39.56999999999999
427,102,38.760000000000005
427,103,36.769999999999996
427,104,36.099999999999994
427,105,35.040000000000006
427,106,34.2
427,107,33.39
427,108,30.489999999999995
427,109,29.840000000000003
427,110,28.310000000000002
427,111,27.439999999999998
427,112,27.189999999999998
427,113,25.540000000000006
427,114,24.450000000000003
427,115,24.370000000000005
427,116,23
427,117,21.340000000000003
427,118,21.590000000000003
427,119,20.040000000000006
427,120,17.310000000000002
427,121,17.060000000000002
427,122,17.260000000000005
427,123,15.370000000000005
427,124,16.459999999999994
427,125,13.180000000000007
427,126,14.120000000000005
427,127,12.049999999999997
427,128,10.980000000000004
427,129,10.269999999999996
427,130,8.920000000000002
427,131,8.560000000000002
427,132,7.200000000000003
427,133,7.209999999999994
427,134,4.420000000000002
427,135,4.510000000000005
427,136,4.489999999999995
427,137,2.269999999999996
427,138,1.3799999999999955
427,139,1.8700000000000045
427,140,0.6099999999999994
427,141,0.519999999999996
427,142,1.6200000000000045
427,143,2.469999999999999
427,144,3.9200000000000017
427,145,2.319999999999993
427,146,4.109999999999999
427,147,3.6500000000000057
427,148,5.269999999999996
427,149,5.299999999999997
427,150,5.6299999999999955
427,151,5.890000000000001
427,152,8.239999999999995
427,153,8.689999999999998
427,154,10.290000000000006
427,155,10.430000000000007
427,156,11.799999999999997
427,157,11.510000000000005
427,158,11.569999999999993
427,159,12.170000000000002
427,160,12.420000000000002
427,161,15.829999999999998
427,162,15.819999999999993
427,163,15.299999999999997
427,164,16.200000000000003
427,165,16.25
427,166,19.060000000000002
427,167,17.519999999999996
427,168,19.159999999999997
427,169,19.710000000000008
427,170,21.129999999999995
427,171,21.590000000000003
427,172,21.80000000000001
427,173,22.169999999999987
427,174,23.099999999999994
427,175,23.110000000000014
427,176,22.139999999999986
427,177,24.460000000000008
427,178,25.860000000000014
427,179,25.97999999999999
427,180,25.49000000000001
428,1,1.6200000000000045
428,2,25.669999999999987
428,3,23.849999999999994
428,4,21.060000000000002
428,5,13.930000000000007
428,6,9.129999999999995
428,7,1.9599999999999937
428,8,1.980000000000004
428,9,9.25
428,10,14.310000000000002
428,11,18.150000000000006
428,12,24.379999999999995
428,13,29.72
428,14,35.040000000000006
428,15,39.260000000000005
428,16,43.16
428,17,48.62
428,18,55
428,19,57.19
428,20,62.19
428,21,66.41
428,22,72.28999999999999
428,23,76.24000000000001
428,24,79.84
428,25,83.28
428,26,85.99
428,27,90.98
428,28,95.05
428,29,98.75
428,30,101.36
428,31,103
428,32,104.93
428,33,107.03
428,34,107.37
428,35,107.97
428,36,108.89
428,37,108.98
428,38,108.81
428,39,108.54
428,40,108.21
428,41,108.15
428,42,107.76
428,43,107.15
428,44,106.66
428,45,105.92
428,46,105.41
428,47,105.03
428,48,104.03
428,49,103.44
428,50,102.66
428,51,101.26
428,52,101.16
428,53,100.03999999999999
428,54,99.02
428,55,98.05
428,56,97.02
428,57,96.25
428,58,94.22
428,59,93.66
428,60,91.85
428,61,91.34
428,62,89.65
428,63,88.74
428,64,86.76
428,65,86.53999999999999
428,66,84.74
428,67,83.11
428,68,82.26
428,69,81.14
428,70,79.86
428,71,77.64
428,72,76
428,73,75.07
428,74,74.41
428,75,72.11
428,76,72.52000000000001
428,77,70.42
428,78,68.88
428,79,67.28999999999999
428,80,66.45
428,81,62.86
428,82,62.4
428,83,61.28
428,84,60.78
428,85,59.07
428,86,56.71
428,87,57.14
428,88,55.53
428,89,54.35
428,90,52.34
428,91,50.38
428,92,49.23
428,93,48.22
428,94,47.19
428,95,45.650000000000006
428,96,44.08
428,97,43.760000000000005
428,98,42.53
428,99,41.31
428,100,38.75
428,101,38.31999999999999
428,102,37.75
428,103,36.31999999999999
428,104,34.870000000000005
428,105,34.5
428,106,31.75
428,107,30.769999999999996
428,108,31.5
428,109,28.810000000000002
428,110,28.25
428,111,25.989999999999995
428,112,24.959999999999994
428,113,25.290000000000006
428,114,23.17
428,115,22.120000000000005
428,116,21.129999999999995
428,117,20.680000000000007
428,118,21.180000000000007
428,119,21.680000000000007
428,120,18.510000000000005
428,121,17.189999999999998
428,122,15.049999999999997
428,123,13.659999999999997
428,124,12.75
428,125,12.620000000000005
428,126,13.530000000000001
428,127,11.299999999999997
428,128,10.019999999999996
428,129,9.769999999999996
428,130,7.3799999999999955
428,131,6.530000000000001
428,132,7.290000000000006
428,133,6.010000000000005
428,134,4.590000000000003
428,135,5.799999999999997
428,136,3.1700000000000017
428,137,3.069999999999993
428,138,1.8199999999999932
428,139,0.6899999999999977
428,140,0.4200000000000017
428,141,0.21999999999999886
428,142,0.7600000000000051
428,143,2.530000000000001
428,144,2.239999999999995
428,145,2.8599999999999994
428,146,4.569999999999993
428,147,7.519999999999996
428,148,6.5
428,149,8.659999999999997
428,150,6.930000000000007
428,151,9.099999999999994
428,152,8.040000000000006
428,153,9.719999999999999
428,154,11.209999999999994
428,155,9.560000000000002
428,156,13.439999999999998
428,157,9.879999999999995
428,158,15.469999999999999
428,159,14.969999999999999
428,160,14.200000000000003
428,161,15.969999999999999
428,162,17.11
428,163,15.049999999999997
428,164,18.05000000000001
428,165,19.870000000000005
428,166,18.069999999999993
428,167,18.77000000000001
428,168,18.94999999999999
428,169,22.069999999999993
428,170,22.879999999999995
428,171,21.930000000000007
428,172,21.689999999999998
428,173,21.80000000000001
428,174,23.349999999999994
428,175,23.77000000000001
428,176,23.74000000000001
428,177,24.139999999999986
428,178,25.659999999999997
428,179,29.330000000000013
428,180,27.879999999999995
429,1,2.0799999999999983
429,2,29.710000000000008
429,3,27.870000000000005
429,4,22.97
429,5,17.370000000000005
429,6,13.36
429,7,5.769999999999996
429,8,0.9899999999999949
429,9,5.459999999999994
429,10,10.090000000000003
429,11,15.379999999999995
429,12,21.349999999999994
429,13,25.92
429,14,30.39
429,15,35.019999999999996
429,16,40.42
429,17,46.25
429,18,50.27
429,19,56.31
429,20,60.42
429,21,62.64
429,22,67.9
429,23,74
429,24,76.97999999999999
429,25,80.3
429,26,83.85
429,27,88.8
429,28,93.09
429,29,94.4
429,30,99.96000000000001
429,31,101.32
429,32,103.31
429,33,106.38
429,34,106.55
429,35,106.87
429,36,108.1
429,37,108.72
429,38,108.65
429,39,108.41
429,40,108.19
429,41,107.53
429,42,107.71
429,43,106.89
429,44,106.64
429,45,106.03
429,46,104.98
429,47,104.75
429,48,104.13
429,49,102.92
429,50,101.78
429,51,101.26
429,52,100.6
429,53,99.22
429,54,98.16
429,55,97.37
429,56,96.98
429,57,95.22
429,58,93.45
429,59,93.02
429,60,91.19
429,61,90.89
429,62,89.83
429,63,87.97
429,64,87.35
429,65,85.09
429,66,83.78999999999999
429,67,82.68
429,68,80.91
429,69,79.51
429,70,78.98
429,71,76.22
429,72,75.11
429,73,74
429,74,71.91
429,75,71.96000000000001
429,76,69.93
429,77,68
429,78,67.97
429,79,65.72
429,80,64.92
429,81,63.2
429,82,61.27
429,83,59.9
429,84,58.29
429,85,58.2
429,86,56.41
429,87,55.98
429,88,53.15
429,89,51.76
429,90,50.21
429,91,51.01
429,92,48.19
429,93,46.64
429,94,45.480000000000004
429,95,44.81999999999999
429,96,43.540000000000006
429,97,42.34
429,98,41.709999999999994
429,99,40.379999999999995
429,100,36.8
429,101,36.519999999999996
429,102,37.400000000000006
429,103,35.78
429,104,33.010000000000005
429,105,32.92
429,106,31.409999999999997
429,107,30.200000000000003
429,108,30.97
429,109,28.930000000000007
429,110,28.840000000000003
429,111,25.61
429,112,25.560000000000002
429,113,24.379999999999995
429,114,23.459999999999994
429,115,21.72
429,116,19.439999999999998
429,117,19.060000000000002
429,118,18.689999999999998
429,119,18.129999999999995
429,120,18.269999999999996
429,121,15.680000000000007
429,122,14.200000000000003
429,123,13.469999999999999
429,124,12.680000000000007
429,125,12.019999999999996
429,126,9.439999999999998
429,127,10.519999999999996
429,128,8.629999999999995
429,129,7.189999999999998
429,130,6.170000000000002
429,131,5.480000000000004
429,132,5.540000000000006
429,133,4.980000000000004
429,134,4.829999999999998
429,135,4.640000000000001
429,136,3.0400000000000063
429,137,2.8700000000000045
429,138,0.18999999999999773
429,139,0.1700000000000017
429,140,2.9599999999999937
429,141,2.1500000000000057
429,142,2.8299999999999983
429,143,1.4699999999999989
429,144,4.260000000000005
429,145,6.75
429,146,6.159999999999997
429,147,7.579999999999998
429,148,6.040000000000006
429,149,7.829999999999998
429,150,8.980000000000004
429,151,8.299999999999997
429,152,10.36
429,153,11.620000000000005
429,154,12.36
429,155,12.86
429,156,11.780000000000001
429,157,13.909999999999997
429,158,16.489999999999995
429,159,14.519999999999996
429,160,17.53
429,161,16.900000000000006
429,162,17.200000000000003
429,163,18.069999999999993
429,164,18.389999999999986
429,165,18.30000000000001
429,166,19.909999999999997
429,167,21.30000000000001
429,168,21.99000000000001
429,169,19.400000000000006
429,170,20.909999999999997
429,171,21.25999999999999
429,172,22.710000000000008
429,173,26.110000000000014
429,174,24.24000000000001
429,175,25.090000000000003
429,176,27.99000000000001
429,177,26.50999999999999
429,178,26.169999999999987
429,179,26.19999999999999
429,180,26.810000000000002
430,1,2.8700000000000045
430,2,32.25999999999999
430,3,28.560000000000002
430,4,26.580000000000013
430,5,21.52000000000001
430,6,15.670000000000002
430,7,8.310000000000002
430,8,4.069999999999993
430,9,1.4099999999999966
430,10,7.659999999999997
430,11,11.840000000000003
430,12,19.040000000000006
430,13,23.549999999999997
430,14,27.75
430,15,32.47
430,16,37.230000000000004
430,17,42.06999999999999
430,18,46.6
430,19,51.58
430,20,55.03
430,21,60.78
430,22,65.33
430,23,69.5
430,24,74.44
430,25,77.25
430,26,82.61
430,27,84.89
430,28,89.88
430,29,92.76
430,30,97.35
430,31,99.87
430,32,101.16
430,33,103.61
430,34,105.04
430,35,105.84
430,36,107.38
430,37,107.73
430,38,107.82
430,39,107.91
430,40,107.82
430,41,107.5
430,42,107.4
430,43,106.84
430,44,106.01
430,45,105.38
430,46,104.82
430,47,104.18
430,48,103.55
430,49,102.66
430,50,102.24
430,51,101.12
430,52,100.03999999999999
430,53,98.83
430,54,97.97
430,55,96.44
430,56,96
430,57,94.12
430,58,93.96000000000001
430,59,92.18
430,60,91.28
430,61,90.24
430,62,88.52
430,63,87.35
430,64,85.33
430,65,84.71000000000001
430,66,83.08
430,67,81.28
430,68,81.11
430,69,78.87
430,70,77.00999999999999
430,71,76.71000000000001
430,72,75.9
430,73,72.67
430,74,72.28999999999999
430,75,70.88
430,76,69.49000000000001
430,77,67.5
430,78,65.49000000000001
430,79,64.84
430,80,63.73
430,81,61.94
430,82,60.62
430,83,60.41
430,84,57.96
430,85,56.16
430,86,54.96
430,87,54.24
430,88,53.18
430,89,52.05
430,90,49.39
430,91,48.06
430,92,47.14
430,93,47.17
430,94,45.900000000000006
430,95,42.040000000000006
430,96,41.66
430,97,41.55
430,98,40.44
430,99,38.19
430,100,37.510000000000005
430,101,36.72
430,102,34.68000000000001
430,103,32.769999999999996
430,104,33.45
430,105,31.090000000000003
430,106,30.989999999999995
430,107,29.099999999999994
430,108,27.549999999999997
430,109,26.75
430,110,24.450000000000003
430,111,24.67
430,112,23.840000000000003
430,113,21.230000000000004
430,114,21.590000000000003
430,115,20.129999999999995
430,116,20.540000000000006
430,117,18.340000000000003
430,118,17.799999999999997
430,119,16.540000000000006
430,120,16.459999999999994
430,121,15.269999999999996
430,122,13.409999999999997
430,123,11.730000000000004
430,124,11.39
430,125,10.319999999999993
430,126,10.400000000000006
430,127,10.86
430,128,9.379999999999995
430,129,6.5
430,130,4.799999999999997
430,131,5.8799999999999955
430,132,5.989999999999995
430,133,3.9099999999999966
430,134,2.4200000000000017
430,135,1.6400000000000006
430,136,0.6899999999999977
430,137,0.23999999999999488
430,138,0.0799999999999983
430,139,3.4099999999999966
430,140,2.450000000000003
430,141,2.8799999999999955
430,142,4.829999999999998
430,143,4.459999999999994
430,144,6.790000000000006
430,145,5.439999999999998
430,146,7.810000000000002
430,147,8.14
430,148,6.049999999999997
430,149,10.159999999999997
430,150,10.920000000000002
430,151,10.079999999999998
430,152,11.790000000000006
430,153,12.129999999999995
430,154,11.64
430,155,13.790000000000006
430,156,14.129999999999995
430,157,13.379999999999995
430,158,16.840000000000003
430,159,16.010000000000005
430,160,16.939999999999998
430,161,17.939999999999998
430,162,17.739999999999995
430,163,19.060000000000002
430,164,18.30000000000001
430,165,20.400000000000006
430,166,21.19999999999999
430,167,20.419999999999987
430,168,19.650000000000006
430,169,23.05000000000001
430,170,24.189999999999998
430,171,24.370000000000005
430,172,23.180000000000007
430,173,24.370000000000005
430,174,26.00999999999999
430,175,25.25999999999999
430,176,25.960000000000008
430,177,26.110000000000014
430,178,27.389999999999986
430,179,26.80000000000001
430,180,30.24000000000001
431,1,8.060000000000002
431,2,34.94
431,3,33.860000000000014
431,4,28.599999999999994
431,5,24.05000000000001
431,6,19.189999999999998
431,7,11.870000000000005
431,8,7.459999999999994
431,9,0.730000000000004
431,10,4.1200000000000045
431,11,9.459999999999994
431,12,13.280000000000001
431,13,21.33
431,14,25.25
431,15,30.060000000000002
431,16,35.540000000000006
431,17,39.900000000000006
431,18,43.790000000000006
431,19,48.75
431,20,53.24
431,21,56.99
431,22,61.54
431,23,65.62
431,24,71.28999999999999
431,25,75.49000000000001
431,26,79.32
431,27,83.41
431,28,87.38
431,29,89.98
431,30,92.75
431,31,96.61
431,32,98.72
431,33,102.82
431,34,103.34
431,35,104.8
431,36,107.05
431,37,107.52
431,38,107.72
431,39,107.95
431,40,107.92
431,41,107.61
431,42,107.07
431,43,106.36
431,44,106.39
431,45,105.06
431,46,104.87
431,47,104.24
431,48,103.37
431,49,102.52
431,50,101.56
431,51,100.61
431,52,99.52
431,53,98.13
431,54,97.01
431,55,96.72
431,56,95.09
431,57,94.4
431,58,93.13
431,59,91.26
431,60,90.82
431,61,88.68
431,62,88
431,63,86.22
431,64,85.62
431,65,84.25
431,66,81.75
431,67,80.71000000000001
431,68,79.42
431,69,78.17
431,70,75.5
431,71,75.39
431,72,73.34
431,73,72.91
431,74,70.4
431,75,68.27000000000001
431,76,69.44
431,77,66.91
431,78,65.57
431,79,62.72
431,80,62.08
431,81,61.45
431,82,59.23
431,83,58.21
431,84,55.42
431,85,56.23
431,86,52.92
431,87,52.95
431,88,51.01
431,89,51.35
431,90,49.38
431,91,46.81
431,92,44.59
431,93,45.08
431,94,44.81999999999999
431,95,43.230000000000004
431,96,41.129999999999995
431,97,40.150000000000006
431,98,37.8
431,99,37.879999999999995
431,100,36.980000000000004
431,101,36.19
431,102,32.86
431,103,31.959999999999994
431,104,31.099999999999994
431,105,29.980000000000004
431,106,29.67
431,107,28.700000000000003
431,108,27.549999999999997
431,109,25.86
431,110,23.47
431,111,22.870000000000005
431,112,23.61
431,113,21.939999999999998
431,114,19.439999999999998
431,115,19.599999999999994
431,116,17.430000000000007
431,117,17.930000000000007
431,118,14.930000000000007
431,119,15.39
431,120,14.420000000000002
431,121,13.349999999999994
431,122,12.060000000000002
431,123,9.200000000000003
431,124,11.019999999999996
431,125,9.819999999999993
431,126,9.099999999999994
431,127,7.75
431,128,5.8799999999999955
431,129,5.200000000000003
431,130,6.140000000000001
431,131,2.980000000000004
431,132,3.9099999999999966
431,133,2.6899999999999977
431,134,1.6800000000000068
431,135,1.0499999999999972
431,136,0.730000000000004
431,137,1.4099999999999966
431,138,1.4200000000000017
431,139,3.2900000000000063
431,140,3.200000000000003
431,141,3.780000000000001
431,142,5.040000000000006
431,143,7.890000000000001
431,144,6.409999999999997
431,145,6.260000000000005
431,146,8.269999999999996
431,147,9.049999999999997
431,148,8.269999999999996
431,149,9.579999999999998
431,150,12.86
431,151,11.280000000000001
431,152,13.549999999999997
431,153,14.090000000000003
431,154,12.579999999999998
431,155,14.450000000000003
431,156,14.459999999999994
431,157,17
431,158,17.849999999999994
431,159,17.47
431,160,16.769999999999996
431,161,18.169999999999987
431,162,19.02000000000001
431,163,19.560000000000002
431,164,18.610000000000014
431,165,20.52000000000001
431,166,21.080000000000013
431,167,20.849999999999994
431,168,22.710000000000008
431,169,24.460000000000008
431,170,23.44999999999999
431,171,23.900000000000006
431,172,24.319999999999993
431,173,26.210000000000008
431,174,24.379999999999995
431,175,27.689999999999998
431,176,27.319999999999993
431,177,27.400000000000006
431,178,30.409999999999997
431,179,27.349999999999994
431,180,30.28
432,1,12.11
432,2,39.50999999999999
432,3,36.41999999999999
432,4,32.77000000000001
432,5,27.090000000000003
432,6,22.330000000000013
432,7,15.730000000000004
432,8,10.25
432,9,5.150000000000006
432,10,1.3100000000000023
432,11,7.060000000000002
432,12,10.780000000000001
432,13,15.829999999999998
432,14,21.730000000000004
432,15,27.97
432,16,30.86
432,17,37.349999999999994
432,18,42.09
432,19,45.28
432,20,50.89
432,21,52.87
432,22,57.22
432,23,62.88
432,24,67.64
432,25,70.99000000000001
432,26,75.97999999999999
432,27,78.83
432,28,83.6
432,29,86.61
432,30,91.8
432,31,94.17
432,32,97.81
432,33,99.2
432,34,101.4
432,35,103.1
432,36,104.81
432,37,105.96
432,38,107.32
432,39,106.96
432,40,107.28
432,41,106.53
432,42,106.62
432,43,106.28
432,44,105.77
432,45,104.84
432,46,104.37
432,47,103.74
432,48,102.62
432,49,101.72
432,50,101.12
432,51,99.62
432,52,99.01
432,53,98.19
432,54,96.85
432,55,95.61
432,56,95.03
432,57,93.77
432,58,92.49
432,59,89.93
432,60,89.7
432,61,87.78999999999999
432,62,87.2
432,63,85.93
432,64,84.48
432,65,82.3
432,66,80.84
432,67,79.68
432,68,78.78999999999999
432,69,76.59
432,70,74.15
432,71,74.00999999999999
432,72,71.38
432,73,70.25
432,74,69.31
432,75,68.41
432,76,68.16
432,77,65.8
432,78,63.81
432,79,63.17
432,80,59.64
432,81,60.42
432,82,58.01
432,83,56.1
432,84,55.89
432,85,53.93
432,86,53.41
432,87,50.5
432,88,50.64
432,89,48.01
432,90,47.94
432,91,44.900000000000006
432,92,45.34
432,93,42.66
432,94,41.22
432,95,41.16
432,96,38.5
432,97,39.18000000000001
432,98,37.790000000000006
432,99,35.739999999999995
432,100,35.959999999999994
432,101,34.06999999999999
432,102,34.900000000000006
432,103,32.129999999999995
432,104,31.150000000000006
432,105,28.61
432,106,28.349999999999994
432,107,26.560000000000002
432,108,26.22
432,109,25.14
432,110,22.510000000000005
432,111,23.950000000000003
432,112,22
432,113,20.28
432,114,19.260000000000005
432,115,17.730000000000004
432,116,16.58
432,117,17.120000000000005
432,118,14.549999999999997
432,119,12.680000000000007
432,120,14.200000000000003
432,121,13.450000000000003
432,122,11.219999999999999
432,123,9.849999999999994
432,124,9.790000000000006
432,125,7.1299999999999955
432,126,6.659999999999997
432,127,5.030000000000001
432,128,6.640000000000001
432,129,3.019999999999996
432,130,3.980000000000004
432,131,2.719999999999999
432,132,2.819999999999993
432,133,2.1200000000000045
432,134,1.519999999999996
432,135,0.20999999999999375
432,136,1.5999999999999943
432,137,4.75
432,138,4.090000000000003
432,139,5.099999999999994
432,140,3.9599999999999937
432,141,6.349999999999994
432,142,5.8700000000000045
432,143,8.939999999999998
432,144,8.310000000000002
432,145,6.689999999999998
432,146,8.819999999999993
432,147,10.090000000000003
432,148,11.709999999999994
432,149,10.370000000000005
432,150,13.209999999999994
432,151,13.290000000000006
432,152,15.230000000000004
432,153,15.060000000000002
432,154,14.780000000000001
432,155,15.969999999999999
432,156,16.150000000000006
432,157,17.290000000000006
432,158,18.370000000000005
432,159,19.25999999999999
432,160,18.47999999999999
432,161,20.039999999999992
432,162,21.72999999999999
432,163,23.180000000000007
432,164,21.289999999999992
432,165,23.870000000000005
432,166,22.5
432,167,24.5
432,168,24.74000000000001
432,169,25.650000000000006
432,170,24.360000000000014
432,171,24.97
432,172,25.580000000000013
432,173,26.400000000000006
432,174,26.430000000000007
432,175,27.97
432,176,29.639999999999986
432,177,29.139999999999986
432,178,28.680000000000007
432,179,31.210000000000008
432,180,31.069999999999993
433,1,14.959999999999994
433,2,39.94999999999999
433,3,38.94
433,4,35.19999999999999
433,5,29.930000000000007
433,6,24.25
433,7,19.110000000000014
433,8,12.719999999999999
433,9,8.379999999999995
433,10,1.8700000000000045
433,11,3.239999999999995
433,12,8.409999999999997
433,13,14.629999999999995
433,14,18.299999999999997
433,15,23.450000000000003
433,16,29.33
433,17,33.95
433,18,38.040000000000006
433,19,42.5
433,20,48.49
433,21,51.7
433,22,55.45
433,23,60.34
433,24,64.9
433,25,68.03
433,26,69.78999999999999
433,27,77.81
433,28,80.78
433,29,84.76
433,30,87.37
433,31,90.08
433,32,93.3
433,33,97.07
433,34,100.12
433,35,101.63
433,36,103.71
433,37,105.41
433,38,106.33
433,39,106.63
433,40,107.02
433,41,105.93
433,42,106.05
433,43,105.98
433,44,104.87
433,45,105.1
433,46,103.99
433,47,102.88
433,48,102.42
433,49,101.09
433,50,100.32
433,51,99.5
433,52,98.75
433,53,97.33
433,54,96.21000000000001
433,55,95.48
433,56,94.66
433,57,92.13
433,58,91.07
433,59,90.25
433,60,89.01
433,61,87.71000000000001
433,62,86.24
433,63,85.57
433,64,81.96000000000001
433,65,81.69
433,66,80.11
433,67,78.21000000000001
433,68,76.86
433,69,75.72
433,70,74.64
433,71,73.34
433,72,71.58
433,73,70.56
433,74,68.66
433,75,67.49000000000001
433,76,64.81
433,77,64.85
433,78,63.52
433,79,60.08
433,80,60.47
433,81,59.1
433,82,56.18
433,83,56.55
433,84,54.58
433,85,53.13
433,86,52.3
433,87,50.12
433,88,49.31
433,89,47.75
433,90,46.48
433,91,44.400000000000006
433,92,43.06
433,93,42.040000000000006
433,94,43.790000000000006
433,95,39.620000000000005
433,96,38.66
433,97,38.45
433,98,36.269999999999996
433,99,35.66
433,100,33.11
433,101,32.91
433,102,31.349999999999994
433,103,30.349999999999994
433,104,28.739999999999995
433,105,27.159999999999997
433,106,25.870000000000005
433,107,24.870000000000005
433,108,24.189999999999998
433,109,21.900000000000006
433,110,23.58
433,111,20.519999999999996
433,112,21.769999999999996
433,113,19.47
433,114,18.230000000000004
433,115,16.290000000000006
433,116,15.620000000000005
433,117,15.310000000000002
433,118,13.319999999999993
433,119,13.129999999999995
433,120,11.829999999999998
433,121,9.879999999999995
433,122,11.590000000000003
433,123,8.849999999999994
433,124,8.89
433,125,7.849999999999994
433,126,5.8700000000000045
433,127,5.340000000000003
433,128,4.810000000000002
433,129,4.840000000000003
433,130,2.5799999999999983
433,131,1.1599999999999966
433,132,2.4099999999999966
433,133,1.6299999999999955
433,134,0.6800000000000068
433,135,1.480000000000004
433,136,2.019999999999996
433,137,4.439999999999998
433,138,3.739999999999995
433,139,3.6299999999999955
433,140,5.180000000000007
433,141,6.769999999999996
433,142,6.590000000000003
433,143,7.590000000000003
433,144,9.170000000000002
433,145,9.89
433,146,11.11
433,147,10.150000000000006
433,148,8.530000000000001
433,149,13.040000000000006
433,150,13.829999999999998
433,151,14.620000000000005
433,152,14.64
433,153,15
433,154,16.89
433,155,17
433,156,15.959999999999994
433,157,17.680000000000007
433,158,19.080000000000013
433,159,19.379999999999995
433,160,19.47999999999999
433,161,21.610000000000014
433,162,21.840000000000003
433,163,20.47
433,164,23.620000000000005
433,165,23.349999999999994
433,166,23.129999999999995
433,167,24.169999999999987
433,168,26.610000000000014
433,169,25.610000000000014
433,170,25.439999999999998
433,171,26.379999999999995
433,172,27.50999999999999
433,173,28.620000000000005
433,174,27.379999999999995
433,175,29.400000000000006
433,176,29.47999999999999
433,177,28.120000000000005
433,178,31.599999999999994
433,179,32.120000000000005
433,180,32.66999999999999
434,1,17.28
434,2,45.08000000000001
434,3,43.389999999999986
434,4,37.56999999999999
434,5,34.25
434,6,28.330000000000013
434,7,22.47
434,8,16.049999999999997
434,9,9.659999999999997
434,10,5.159999999999997
434,11,0.4300000000000068
434,12,5.769999999999996
434,13,10.950000000000003
434,14,17.189999999999998
434,15,21.010000000000005
434,16,24.930000000000007
434,17,30.790000000000006
434,18,34.650000000000006
434,19,39.78
434,20,43.900000000000006
434,21,48.17
434,22,51.78
434,23,56.68
434,24,60.85
434,25,65.58
434,26,69.35
434,27,74.45
434,28,77.44
434,29,82.26
434,30,84.53
434,31,88.81
434,32,91.39
434,33,92.15
434,34,97.94
434,35,100.1
434,36,101.16
434,37,103.24
434,38,104.54
434,39,105.4
434,40,106.19
434,41,105.8
434,42,105.95
434,43,105.61
434,44,104.93
434,45,104.27
434,46,103.37
434,47,102.93
434,48,101.34
434,49,101.72
434,50,100.11
434,51,98.5
434,52,98.01
434,53,96.26
434,54,94.87
434,55,94.08
434,56,93.09
434,57,91.55
434,58,90.27
434,59,88.97
434,60,88.41
434,61,87.15
434,62,85.89
434,63,83.56
434,64,82.09
434,65,80.3
434,66,78.96000000000001
434,67,77.61
434,68,76.94
434,69,74.74000000000001
434,70,74.06
434,71,72.55
434,72,71.22999999999999
434,73,68.65
434,74,67.44
434,75,65.68
434,76,63.9
434,77,63.81
434,78,61.86
434,79,60.29
434,80,59.94
434,81,57.83
434,82,56.33
434,83,55.63
434,84,53.43
434,85,52.35
434,86,50.12
434,87,49.58
434,88,48.24
434,89,46.39
434,90,45.269999999999996
434,91,43.72
434,92,42.56
434,93,42.39
434,94,38.81999999999999
434,95,38.43000000000001
434,96,37.379999999999995
434,97,36.709999999999994
434,98,34.47
434,99,32.760000000000005
434,100,33.129999999999995
434,101,31.5
434,102,30.33
434,103,28.78
434,104,27.200000000000003
434,105,26.33
434,106,23.28
434,107,23.879999999999995
434,108,23.730000000000004
434,109,22.450000000000003
434,110,20.590000000000003
434,111,20.47
434,112,19.72
434,113,17.439999999999998
434,114,16.97
434,115,15.280000000000001
434,116,14.930000000000007
434,117,14.239999999999995
434,118,13.519999999999996
434,119,10.89
434,120,10.549999999999997
434,121,9.329999999999998
434,122,9.519999999999996
434,123,6.239999999999995
434,124,5.400000000000006
434,125,5.760000000000005
434,126,4.069999999999993
434,127,3.1700000000000017
434,128,2.930000000000007
434,129,2.9099999999999966
434,130,1.7199999999999989
434,131,2.219999999999999
434,132,0.3199999999999932
434,133,1.1099999999999994
434,134,2.980000000000004
434,135,2.730000000000004
434,136,3.680000000000007
434,137,2.760000000000005
434,138,5.3799999999999955
434,139,4.790000000000006
434,140,6.989999999999995
434,141,6.819999999999993
434,142,8.909999999999997
434,143,9.439999999999998
434,144,9.430000000000007
434,145,11.510000000000005
434,146,11.11
434,147,10.650000000000006
434,148,10.409999999999997
434,149,14.849999999999994
434,150,13.769999999999996
434,151,15.269999999999996
434,152,13.86
434,153,17.439999999999998
434,154,17.340000000000003
434,155,15.980000000000004
434,156,18.810000000000002
434,157,17.97
434,158,20.370000000000005
434,159,20.72999999999999
434,160,22.129999999999995
434,161,21.460000000000008
434,162,21.439999999999998
434,163,23.900000000000006
434,164,23.72999999999999
434,165,23.310000000000002
434,166,25.879999999999995
434,167,24.44999999999999
434,168,26.870000000000005
434,169,27.539999999999992
434,170,28.24000000000001
434,171,27.819999999999993
434,172,29.379999999999995
434,173,30.370000000000005
434,174,28.379999999999995
434,175,29.340000000000003
434,176,30.75999999999999
434,177,31.069999999999993
434,178,30.159999999999997
434,179,32.650000000000006
434,180,31.69999999999999
435,1,20.099999999999994
435,2,46.620000000000005
435,3,44.78999999999999
435,4,41.610000000000014
435,5,36
435,6,31.159999999999997
435,7,25.080000000000013
435,8,19.960000000000008
435,9,12.739999999999995
435,10,8.090000000000003
435,11,1.9000000000000057
435,12,1.4599999999999937
435,13,7.780000000000001
435,14,13.719999999999999
435,15,17.849999999999994
435,16,22.769999999999996
435,17,28.72
435,18,30.459999999999994
435,19,37.510000000000005
435,20,40.370000000000005
435,21,45.739999999999995
435,22,50.1
435,23,54.37
435,24,58.19
435,25,62.67
435,26,66.74000000000001
435,27,69.63
435,28,73.83
435,29,78.8
435,30,80.93
435,31,84.91
435,32,88.31
435,33,92.75
435,34,95.83
435,35,97.33
435,36,99.38
435,37,101.53999999999999
435,38,103.77
435,39,105.36
435,40,105.87
435,41,105
435,42,105.35
435,43,104.9
435,44,104.72
435,45,104.26
435,46,102.91
435,47,102.57
435,48,101.28
435,49,100.58
435,50,99.36
435,51,98.22
435,52,96.62
435,53,96.07
435,54,94.92
435,55,93.22
435,56,92.39
435,57,90.69
435,58,89.6
435,59,88.6
435,60,87.01
435,61,85.74
435,62,83.64
435,63,82.76
435,64,82.03
435,65,80.46000000000001
435,66,78.01
435,67,76.93
435,68,74.95
435,69,72.94
435,70,72.85
435,71,70.56
435,72,69.22
435,73,67.52000000000001
435,74,67.44
435,75,65.02000000000001
435,76,63.93
435,77,61.51
435,78,60.5
435,79,58.38
435,80,58.67
435,81,55.81
435,82,56.36
435,83,54.02
435,84,52.6
435,85,50.58
435,86,49.8
435,87,47.57
435,88,46.42
435,89,45.519999999999996
435,90,43.540000000000006
435,91,41.94
435,92,41.7
435,93,40.69
435,94,38.400000000000006
435,95,36.980000000000004
435,96,36.41
435,97,35.08
435,98,33.650000000000006
435,99,32.989999999999995
435,100,31.08
435,101,30.090000000000003
435,102,28.870000000000005
435,103,25.489999999999995
435,104,25.870000000000005
435,105,25.67
435,106,23.39
435,107,22.86
435,108,22.239999999999995
435,109,20.519999999999996
435,110,19.230000000000004
435,111,18.86
435,112,18.799999999999997
435,113,17.659999999999997
435,114,16.909999999999997
435,115,15.040000000000006
435,116,11.810000000000002
435,117,13.730000000000004
435,118,11.36
435,119,11.060000000000002
435,120,9.819999999999993
435,121,9.060000000000002
435,122,8.829999999999998
435,123,5.349999999999994
435,124,5.519999999999996
435,125,5.019999999999996
435,126,2.7099999999999937
435,127,2.0400000000000063
435,128,1.6700000000000017
435,129,1.2099999999999937
435,130,1.6700000000000017
435,131,1.8499999999999943
435,132,1.5
435,133,2
435,134,2.739999999999995
435,135,2.7099999999999937
435,136,3.980000000000004
435,137,4.390000000000001
435,138,7.609999999999999
435,139,6.109999999999999
435,140,8.599999999999994
435,141,7.920000000000002
435,142,9.200000000000003
435,143,10.079999999999998
435,144,9.099999999999994
435,145,10.010000000000005
435,146,12.560000000000002
435,147,12.680000000000007
435,148,12.290000000000006
435,149,13.489999999999995
435,150,16.459999999999994
435,151,16.97
435,152,16.64
435,153,17.14
435,154,18.189999999999998
435,155,18.389999999999986
435,156,20.090000000000003
435,157,19.80000000000001
435,158,19.150000000000006
435,159,20.810000000000002
435,160,23.419999999999987
435,161,23.710000000000008
435,162,23.860000000000014
435,163,23.189999999999998
435,164,24.810000000000002
435,165,25.680000000000007
435,166,25.879999999999995
435,167,26.430000000000007
435,168,27.53
435,169,28.00999999999999
435,170,26.349999999999994
435,171,28.620000000000005
435,172,28.919999999999987
435,173,30.189999999999998
435,174,31
435,175,30.49000000000001
435,176,29.72
435,177,30.860000000000014
435,178,34.150000000000006
435,179,31.72999999999999
435,180,32.47999999999999
436,1,23.72999999999999
436,2,51.03
436,3,49.19
436,4,44.52000000000001
436,5,38.5
436,6,33.360000000000014
436,7,28.139999999999986
436,8,21.659999999999997
436,9,18.370000000000005
436,10,11.760000000000005
436,11,5.420000000000002
436,12,0.6400000000000006
436,13,4.650000000000006
436,14,9.329999999999998
436,15,14.560000000000002
436,16,19.510000000000005
436,17,24.189999999999998
436,18,29.47
436,19,33.47
436,20,39.480000000000004
436,21,42.18000000000001
436,22,46.91
436,23,50.71
436,24,54.66
436,25,57.75
436,26,63.59
436,27,67.87
436,28,70.97
436,29,74.1
436,30,79
436,31,83.25
436,32,87.71000000000001
436,33,87.62
436,34,92.66
436,35,95.45
436,36,97.28
436,37,99.48
436,38,101.73
436,39,102.78
436,40,103.65
436,41,104.41
436,42,104.06
436,43,103.74
436,44,103.41
436,45,102.9
436,46,102.7
436,47,102.09
436,48,100.62
436,49,99.5
436,50,98.91
436,51,97.72
436,52,96.32
436,53,95.77
436,54,95
436,55,92.58
436,56,91.66
436,57,89.84
436,58,88.76
436,59,87.59
436,60,85.21000000000001
436,61,83.96000000000001
436,62,83.45
436,63,80.74
436,64,80.59
436,65,80.2
436,66,77.36
436,67,76.02000000000001
436,68,74.47999999999999
436,69,72.64
436,70,71.41
436,71,70.14
436,72,68.03999999999999
436,73,67.59
436,74,66.1
436,75,62.94
436,76,62.85
436,77,61.61
436,78,57.95
436,79,57.71
436,80,56.34
436,81,56.45
436,82,53.16
436,83,52.92
436,84,51.79
436,85,49.41
436,86,47.07
436,87,47.68
436,88,45.519999999999996
436,89,42.61
436,90,42.879999999999995
436,91,42.44
436,92,41.58
436,93,39.91
436,94,37.209999999999994
436,95,36.980000000000004
436,96,34.709999999999994
436,97,33.03
436,98,34.269999999999996
436,99,31.47
436,100,30.599999999999994
436,101,29.060000000000002
436,102,26.769999999999996
436,103,27.61
436,104,24.849999999999994
436,105,23.810000000000002
436,106,24.319999999999993
436,107,20.83
436,108,20.5
436,109,21.08
436,110,19.989999999999995
436,111,17.260000000000005
436,112,16.209999999999994
436,113,16.870000000000005
436,114,14.290000000000006
436,115,14.75
436,116,12.280000000000001
436,117,11.010000000000005
436,118,10.230000000000004
436,119,8.629999999999995
436,120,8.790000000000006
436,121,6.099999999999994
436,122,6.040000000000006
436,123,4.969999999999999
436,124,4.459999999999994
436,125,4.230000000000004
436,126,3.2900000000000063
436,127,1.3599999999999994
436,128,0.12000000000000455
436,129,1.3700000000000045
436,130,1.5499999999999972
436,131,2.180000000000007
436,132,1.3400000000000034
436,133,1.8400000000000034
436,134,3.9000000000000057
436,135,5.150000000000006
436,136,5.739999999999995
436,137,6.489999999999995
436,138,6.560000000000002
436,139,7.400000000000006
436,140,9.489999999999995
436,141,11.430000000000007
436,142,9.790000000000006
436,143,11.670000000000002
436,144,10.849999999999994
436,145,10.319999999999993
436,146,13.189999999999998
436,147,14.819999999999993
436,148,14.549999999999997
436,149,15.64
436,150,14.870000000000005
436,151,18.22
436,152,17.180000000000007
436,153,19.060000000000002
436,154,17.319999999999993
436,155,19.120000000000005
436,156,20.689999999999998
436,157,21.370000000000005
436,158,19.22999999999999
436,159,21.72999999999999
436,160,22.97999999999999
436,161,23.430000000000007
436,162,23.169999999999987
436,163,25.28
436,164,24.5
436,165,27.289999999999992
436,166,27.069999999999993
436,167,26.74000000000001
436,168,27.75
436,169,27.99000000000001
436,170,26.94999999999999
436,171,29.75999999999999
436,172,29.919999999999987
436,173,30.22999999999999
436,174,29.840000000000003
436,175,32.620000000000005
436,176,34.52000000000001
436,177,33.56
436,178,32.889999999999986
436,179,33.53999999999999
436,180,35.91999999999999
437,1,29.039999999999992
437,2,54.83000000000001
437,3,51.56
437,4,47.03
437,5,42.94999999999999
437,6,36.81
437,7,32.870000000000005
437,8,24.789999999999992
437,9,19.539999999999992
437,10,13.510000000000005
437,11,7.590000000000003
437,12,3.739999999999995
437,13,1.3900000000000006
437,14,6.730000000000004
437,15,11.75
437,16,15.650000000000006
437,17,21.67
437,18,23.840000000000003
437,19,30.519999999999996
437,20,35.150000000000006
437,21,38.870000000000005
437,22,44.849999999999994
437,23,47.26
437,24,52.17
437,25,54.49
437,26,58.2
437,27,63.94
437,28,68.37
437,29,72.49000000000001
437,30,74.9
437,31,78.11
437,32,82.88
437,33,84.96000000000001
437,34,89.44
437,35,92.31
437,36,96.3
437,37,97.55
437,38,99.56
437,39,101.36
437,40,103.31
437,41,103.13
437,42,103.54
437,43,103.64
437,44,102.68
437,45,102.28
437,46,102.09
437,47,101.36
437,48,100.01
437,49,99.12
437,50,98.31
437,51,97.6
437,52,96.84
437,53,94.85
437,54,93.55
437,55,92.65
437,56,91.1
437,57,88.85
437,58,89.03999999999999
437,59,86.31
437,60,85.27
437,61,83.52
437,62,82.43
437,63,81.26
437,64,79.53999999999999
437,65,78.03999999999999
437,66,76.3
437,67,75.4
437,68,73.97999999999999
437,69,71.72
437,70,70.57
437,71,69.31
437,72,67.25
437,73,65.66
437,74,63.78
437,75,62.86
437,76,63.13
437,77,59.98
437,78,58.52
437,79,56.66
437,80,56.32
437,81,53.91
437,82,52.78
437,83,50.29
437,84,49.81
437,85,47.78
437,86,47.32
437,87,45.95
437,88,45.34
437,89,42.540000000000006
437,90,40.3
437,91,41.150000000000006
437,92,39.56
437,93,36.510000000000005
437,94,36.849999999999994
437,95,34.69
437,96,32.980000000000004
437,97,32.42
437,98,31.689999999999998
437,99,30.83
437,100,28.620000000000005
437,101,27.89
437,102,26.629999999999995
437,103,25.5
437,104,24.47
437,105,23.61
437,106,22.03
437,107,19.459999999999994
437,108,21.22
437,109,18.680000000000007
437,110,17.909999999999997
437,111,15.590000000000003
437,112,15.370000000000005
437,113,12.569999999999993
437,114,11.730000000000004
437,115,11.540000000000006
437,116,11.650000000000006
437,117,10.700000000000003
437,118,10.579999999999998
437,119,5.969999999999999
437,120,6.459999999999994
437,121,6.060000000000002
437,122,5.510000000000005
437,123,4.200000000000003
437,124,3.969999999999999
437,125,2.569999999999993
437,126,2.510000000000005
437,127,0.6899999999999977
437,128,0.01999999999999602
437,129,2.930000000000007
437,130,0.519999999999996
437,131,2.980000000000004
437,132,3.7099999999999937
437,133,4.730000000000004
437,134,6.109999999999999
437,135,5.950000000000003
437,136,5.280000000000001
437,137,7.640000000000001
437,138,8.219999999999999
437,139,7.930000000000007
437,140,10.060000000000002
437,141,11.170000000000002
437,142,9.680000000000007
437,143,11.689999999999998
437,144,14.379999999999995
437,145,13.180000000000007
437,146,13.319999999999993
437,147,14.739999999999995
437,148,15.400000000000006
437,149,17.599999999999994
437,150,17.810000000000002
437,151,16.989999999999995
437,152,19.44999999999999
437,153,19.590000000000003
437,154,20.789999999999992
437,155,19.30000000000001
437,156,20.789999999999992
437,157,22.72
437,158,23.789999999999992
437,159,24.150000000000006
437,160,25.650000000000006
437,161,24.460000000000008
437,162,25.19999999999999
437,163,26.25
437,164,26.120000000000005
437,165,27.789999999999992
437,166,28.830000000000013
437,167,28.03
437,168,31.610000000000014
437,169,29.55000000000001
437,170,30.330000000000013
437,171,30.960000000000008
437,172,30.860000000000014
437,173,31.090000000000003
437,174,32.18000000000001
437,175,33.22999999999999
437,176,32.400000000000006
437,177,33.74000000000001
437,178,35.08000000000001
437,179,33.97999999999999
437,180,36.879999999999995
438,1,29.74000000000001
438,2,57.03999999999999
438,3,55.68000000000001
438,4,50.66999999999999
438,5,45.97
438,6,40.389999999999986
438,7,33.53999999999999
438,8,28.25999999999999
438,9,22.289999999999992
438,10,17.090000000000003
438,11,11.560000000000002
438,12,6.6200000000000045
438,13,2.299999999999997
438,14,3.230000000000004
438,15,8.569999999999993
438,16,13.030000000000001
438,17,17.42
438,18,21.150000000000006
438,19,26.870000000000005
438,20,31.689999999999998
438,21,36.53
438,22,40.120000000000005
438,23,45.58
438,24,49.19
438,25,53.48
438,26,57.99
438,27,61.4
438,28,63.96
438,29,67.81
438,30,72.05
438,31,75.42
438,32,80.09
438,33,80.74
438,34,86.31
438,35,87.82
438,36,91.6
438,37,94.15
438,38,96.82
438,39,98.92
438,40,100.95
438,41,101
438,42,101.42
438,43,102.52
438,44,102.43
438,45,101.38
438,46,101.58
438,47,100.61
438,48,100.71000000000001
438,49,98.55
438,50,97.84
438,51,96.91
438,52,95.08
438,53,93.69
438,54,92.56
438,55,91.05
438,56,89.53
438,57,89.38
438,58,87.47
438,59,85.9
438,60,84.53
438,61,82.65
438,62,81.41
438,63,79.89
438,64,77.99000000000001
438,65,75.75999999999999
438,66,76.44
438,67,74.22999999999999
438,68,72.81
438,69,70.74000000000001
438,70,68.75
438,71,66.71000000000001
438,72,66.28999999999999
438,73,64.68
438,74,63.86
438,75,62.09
438,76,60.14
438,77,59.23
438,78,56.54
438,79,55.69
438,80,53.99
438,81,53.87
438,82,50.32
438,83,49.88
438,84,49.12
438,85,46.93
438,86,46.68
438,87,45.83
438,88,42.34
438,89,40.67
438,90,40.370000000000005
438,91,39.41
438,92,37.16
438,93,36.41
438,94,34.95
438,95,33.75
438,96,31.560000000000002
438,97,30.299999999999997
438,98,29.78
438,99,27.22
438,100,27.17
438,101,26.989999999999995
438,102,25.86
438,103,23.840000000000003
438,104,23.090000000000003
438,105,21.42
438,106,21.099999999999994
438,107,19.120000000000005
438,108,18.299999999999997
438,109,16.540000000000006
438,110,16.400000000000006
438,111,14.39
438,112,15.75
438,113,13.469999999999999
438,114,13.049999999999997
438,115,10.980000000000004
438,116,10.159999999999997
438,117,7.719999999999999
438,118,9.269999999999996
438,119,7.430000000000007
438,120,6.099999999999994
438,121,5.25
438,122,4.030000000000001
438,123,3.969999999999999
438,124,2.3100000000000023
438,125,1.0799999999999983
438,126,0.730000000000004
438,127,0.7800000000000011
438,128,1.25
438,129,0.8400000000000034
438,130,4.810000000000002
438,131,3.6299999999999955
438,132,2.780000000000001
438,133,6.510000000000005
438,134,6.709999999999994
438,135,7.760000000000005
438,136,7.3799999999999955
438,137,10.370000000000005
438,138,9.959999999999994
438,139,11.120000000000005
438,140,12.659999999999997
438,141,10.930000000000007
438,142,12.620000000000005
438,143,13.739999999999995
438,144,13.780000000000001
438,145,13.719999999999999
438,146,15.280000000000001
438,147,16.939999999999998
438,148,17.28
438,149,17.950000000000003
438,150,17.709999999999994
438,151,17.760000000000005
438,152,19.960000000000008
438,153,20.069999999999993
438,154,21.5
438,155,22
438,156,21.129999999999995
438,157,19.840000000000003
438,158,23.710000000000008
438,159,25.060000000000002
438,160,24.580000000000013
438,161,24.590000000000003
438,162,26.210000000000008
438,163,26.5
438,164,28.650000000000006
438,165,25.939999999999998
438,166,30.629999999999995
438,167,28.099999999999994
438,168,29.860000000000014
438,169,30.340000000000003
438,170,31.860000000000014
438,171,28.72999999999999
438,172,31.560000000000002
438,173,33.25
438,174,33.370000000000005
438,175,34.33000000000001
438,176,34.31999999999999
438,177,36.56
438,178,36.34
438,179,35.69
438,180,37.5
439,1,35.03
439,2,60.94
439,3,58.28999999999999
439,4,53.599999999999994
439,5,48.19
439,6,43.629999999999995
439,7,37.129999999999995
439,8,32.05000000000001
439,9,26.5
439,10,18.430000000000007
439,11,13.540000000000006
439,12,8.930000000000007
439,13,4.689999999999998
439,14,0.5699999999999932
439,15,6.069999999999993
439,16,10
439,17,15.629999999999995
439,18,21.790000000000006
439,19,25.25
439,20,29.370000000000005
439,21,32.099999999999994
439,22,36.84
439,23,41.92
439,24,46.97
439,25,48.62
439,26,54.39
439,27,59.56
439,28,61.15
439,29,65.34
439,30,68.82
439,31,70.59
439,32,76.08
439,33,79.62
439,34,83.19
439,35,84.06
439,36,89.21000000000001
439,37,90.32
439,38,95.08
439,39,96.8
439,40,99.74
439,41,100.94
439,42,101.14
439,43,101.47
439,44,101.91
439,45,101.98
439,46,100.66
439,47,99.37
439,48,98.64
439,49,98.43
439,50,96.78999999999999
439,51,96.15
439,52,94.3
439,53,93.11
439,54,91.52
439,55,91.12
439,56,89.67
439,57,87.23
439,58,87.28
439,59,85.23
439,60,83.53999999999999
439,61,81.41
439,62,80.35
439,63,78.64
439,64,77.57
439,65,75.53999999999999
439,66,73.87
439,67,73.07
439,68,70.75999999999999
439,69,69.72999999999999
439,70,68.27000000000001
439,71,65.93
439,72,65.43
439,73,62.69
439,74,61.38
439,75,60.74
439,76,58.87
439,77,56.36
439,78,55.32
439,79,54.2
439,80,52.59
439,81,51.52
439,82,51.24
439,83,48.6
439,84,48.43
439,85,45.230000000000004
439,86,42.95
439,87,43.129999999999995
439,88,39.790000000000006
439,89,39.56
439,90,38.66
439,91,37.66
439,92,38.36
439,93,36.08
439,94,34.94
439,95,31.459999999999994
439,96,32.150000000000006
439,97,30.680000000000007
439,98,28.379999999999995
439,99,26.83
439,100,25.97
439,101,23.849999999999994
439,102,24.849999999999994
439,103,21.290000000000006
439,104,20.849999999999994
439,105,21.209999999999994
439,106,19.260000000000005
439,107,18.409999999999997
439,108,17.08
439,109,15.670000000000002
439,110,15.560000000000002
439,111,14.219999999999999
439,112,12.400000000000006
439,113,10.980000000000004
439,114,10.36
439,115,10.64
439,116,8.780000000000001
439,117,6.959999999999994
439,118,6.560000000000002
439,119,5.3700000000000045
439,120,5.230000000000004
439,121,4.010000000000005
439,122,2.1899999999999977
439,123,2.010000000000005
439,124,0.37999999999999545
439,125,0.9500000000000028
439,126,1.0100000000000051
439,127,1.1599999999999966
439,128,0.9300000000000068
439,129,2.4099999999999966
439,130,3.6299999999999955
439,131,4.739999999999995
439,132,5.709999999999994
439,133,7.170000000000002
439,134,8.019999999999996
439,135,8.969999999999999
439,136,9.319999999999993
439,137,11.150000000000006
439,138,10.329999999999998
439,139,13.650000000000006
439,140,12.239999999999995
439,141,13.170000000000002
439,142,15.209999999999994
439,143,13.840000000000003
439,144,15.930000000000007
439,145,17
439,146,16.909999999999997
439,147,18.00999999999999
439,148,17.799999999999997
439,149,18.460000000000008
439,150,19.629999999999995
439,151,20.439999999999998
439,152,22.689999999999998
439,153,22.819999999999993
439,154,23.55000000000001
439,155,22.69999999999999
439,156,23.319999999999993
439,157,22.789999999999992
439,158,24.370000000000005
439,159,23.680000000000007
439,160,25.5
439,161,27.289999999999992
439,162,28.310000000000002
439,163,28.889999999999986
439,164,27.580000000000013
439,165,29.210000000000008
439,166,29.25
439,167,30.900000000000006
439,168,29.789999999999992
439,169,32.31999999999999
439,170,32.349999999999994
439,171,33.099999999999994
439,172,32.97
439,173,34.900000000000006
439,174,34.30000000000001
439,175,35.05000000000001
439,176,35.24000000000001
439,177,36.44999999999999
439,178,36.5
439,179,36.56999999999999
439,180,36.43000000000001
440,1,37.16999999999999
440,2,64.12
440,3,61.33000000000001
440,4,56.41
440,5,51.72999999999999
440,6,46.77000000000001
440,7,39.80000000000001
440,8,34.25999999999999
440,9,28.44999999999999
440,10,23.75999999999999
440,11,19.24000000000001
440,12,12.819999999999993
440,13,8.530000000000001
440,14,2.5799999999999983
440,15,2.5799999999999983
440,16,6.719999999999999
440,17,11.519999999999996
440,18,16.64
440,19,20.89
440,20,26.230000000000004
440,21,31.189999999999998
440,22,33.879999999999995
440,23,36.84
440,24,42.08
440,25,45.599999999999994
440,26,51.71
440,27,54.48
440,28,58.7
440,29,62.68
440,30,65.95
440,31,69.28999999999999
440,32,73.72
440,33,77.33
440,34,81.06
440,35,84.87
440,36,87.09
440,37,89.76
440,38,92.36
440,39,94.17
440,40,96.78
440,41,98.06
440,42,98.78999999999999
440,43,99.57
440,44,100.27
440,45,99.73
440,46,99.74
440,47,98.97
440,48,97.82
440,49,97.55
440,50,96.06
440,51,95
440,52,94.11
440,53,92.46000000000001
440,54,91.59
440,55,90.15
440,56,88.65
440,57,86.41
440,58,86.27
440,59,84.02
440,60,83.24
440,61,80.65
440,62,79.82
440,63,76.83
440,64,76.55
440,65,74.58
440,66,73.49000000000001
440,67,69.75
440,68,70.09
440,69,69.00999999999999
440,70,66.78
440,71,65.3
440,72,64.11
440,73,62.38
440,74,61.73
440,75,59.16
440,76,58.77
440,77,56.04
440,78,53.59
440,79,54.27
440,80,51.62
440,81,50.77
440,82,49.33
440,83,47.58
440,84,45.540000000000006
440,85,43.06
440,86,42.7
440,87,40.650000000000006
440,88,41.42
440,89,38.05
440,90,37.900000000000006
440,91,36.18000000000001
440,92,35.650000000000006
440,93,35.879999999999995
440,94,31.939999999999998
440,95,31.17
440,96,30.78
440,97,29.11
440,98,27.159999999999997
440,99,26.159999999999997
440,100,23.450000000000003
440,101,24.930000000000007
440,102,21.799999999999997
440,103,22.590000000000003
440,104,19.400000000000006
440,105,19.400000000000006
440,106,17.72
440,107,16.549999999999997
440,108,16.64
440,109,14.049999999999997
440,110,13.530000000000001
440,111,13.489999999999995
440,112,10.959999999999994
440,113,10.909999999999997
440,114,10.459999999999994
440,115,7.579999999999998
440,116,7.5
440,117,5.890000000000001
440,118,5.790000000000006
440,119,4.040000000000006
440,120,3.469999999999999
440,121,1.5799999999999983
440,122,1.0900000000000034
440,123,0.7999999999999972
440,124,0.3100000000000023
440,125,0.01999999999999602
440,126,3.269999999999996
440,127,2.480000000000004
440,128,2.280000000000001
440,129,5.209999999999994
440,130,5.799999999999997
440,131,6.689999999999998
440,132,5.099999999999994
440,133,6
440,134,7.659999999999997
440,135,10.439999999999998
440,136,9.540000000000006
440,137,10.810000000000002
440,138,12.969999999999999
440,139,12.209999999999994
440,140,12.409999999999997
440,141,14.469999999999999
440,142,14.89
440,143,16.900000000000006
440,144,16.260000000000005
440,145,17.25
440,146,18.639999999999986
440,147,16.760000000000005
440,148,18.460000000000008
440,149,19.139999999999986
440,150,20.840000000000003
440,151,20.75999999999999
440,152,22.150000000000006
440,153,21.49000000000001
440,154,23.069999999999993
440,155,24.099999999999994
440,156,23.03
440,157,25.840000000000003
440,158,26.78
440,159,26.289999999999992
440,160,27.069999999999993
440,161,28.25
440,162,28.05000000000001
440,163,28.860000000000014
440,164,29.69999999999999
440,165,31.330000000000013
440,166,30.349999999999994
440,167,29.340000000000003
440,168,32.03
440,169,34.03
440,170,34.72999999999999
440,171,32.78
440,172,34.08000000000001
440,173,34.25
440,174,36.889999999999986
440,175,35.03999999999999
440,176,35.860000000000014
440,177,36.610000000000014
440,178,36.72999999999999
440,179,38.599999999999994
440,180,39.30000000000001
441,1,41.099999999999994
441,2,66.46000000000001
441,3,64.86000000000001
441,4,60.06
441,5,53.91999999999999
441,6,49.47999999999999
441,7,44.110000000000014
441,8,36.94
441,9,32.370000000000005
441,10,26.30000000000001
441,11,21.370000000000005
441,12,16.120000000000005
441,13,11.180000000000007
441,14,5.810000000000002
441,15,0.5400000000000063
441,16,3.7099999999999937
441,17,9.170000000000002
441,18,14.090000000000003
441,19,18.439999999999998
441,20,23.450000000000003
441,21,27.58
441,22,31.78
441,23,35.59
441,24,39.68000000000001
441,25,43.84
441,26,49.2
441,27,52.49
441,28,55.6
441,29,58.17
441,30,63.24
441,31,65.11
441,32,70.64
441,33,72.47999999999999
441,34,73.91
441,35,79.39
441,36,83.58
441,37,86
441,38,88.91
441,39,91.25
441,40,92.57
441,41,96.47
441,42,97.19
441,43,98.77
441,44,98.87
441,45,99.07
441,46,98.44
441,47,98.38
441,48,97.13
441,49,96.26
441,50,95.89
441,51,93.53
441,52,92.65
441,53,92.46000000000001
441,54,90.51
441,55,89.11
441,56,86.87
441,57,86.78
441,58,84.37
441,59,83.08
441,60,81.41
441,61,80.7
441,62,78.4
441,63,77.63
441,64,74.50999999999999
441,65,74.37
441,66,72.35
441,67,70.28999999999999
441,68,69.07
441,69,67.97999999999999
441,70,65.46000000000001
441,71,64.17
441,72,62.98
441,73,62
441,74,60.08
441,75,59.26
441,76,56.55
441,77,56.28
441,78,53.16
441,79,52.98
441,80,50.87
441,81,49.84
441,82,47.28
441,83,45.879999999999995
441,84,45.25
441,85,45.730000000000004
441,86,42.379999999999995
441,87,40.209999999999994
441,88,39
441,89,37.620000000000005
441,90,37.290000000000006
441,91,34.18000000000001
441,92,32.94
441,93,32.900000000000006
441,94,30.75
441,95,31.230000000000004
441,96,28.700000000000003
441,97,26.86
441,98,25.549999999999997
441,99,25.97
441,100,24.159999999999997
441,101,23.010000000000005
441,102,21.209999999999994
441,103,20.209999999999994
441,104,20.049999999999997
441,105,19.150000000000006
441,106,16.409999999999997
441,107,16.049999999999997
441,108,15.200000000000003
441,109,13.439999999999998
441,110,13.870000000000005
441,111,10.89
441,112,9.36
441,113,9.120000000000005
441,114,7.730000000000004
441,115,6.6200000000000045
441,116,6.25
441,117,4.230000000000004
441,118,4.3700000000000045
441,119,3.680000000000007
441,120,2.7900000000000063
441,121,3.969999999999999
441,122,0.7399999999999949
441,123,1.3400000000000034
441,124,2.0400000000000063
441,125,0.9899999999999949
441,126,2.0799999999999983
441,127,3.8599999999999994
441,128,6.450000000000003
441,129,5.230000000000004
441,130,6.540000000000006
441,131,7.349999999999994
441,132,8.540000000000006
441,133,10.090000000000003
441,134,8.909999999999997
441,135,11.689999999999998
441,136,10.829999999999998
441,137,11.180000000000007
441,138,13.090000000000003
441,139,13.900000000000006
441,140,14.420000000000002
441,141,14.379999999999995
441,142,16.430000000000007
441,143,18.30000000000001
441,144,18.889999999999986
441,145,19.159999999999997
441,146,19.090000000000003
441,147,20.080000000000013
441,148,21.05000000000001
441,149,19.840000000000003
441,150,23.069999999999993
441,151,22.370000000000005
441,152,23.74000000000001
441,153,23.25
441,154,23.849999999999994
441,155,25.860000000000014
441,156,25.319999999999993
441,157,24.900000000000006
441,158,27.460000000000008
441,159,28.810000000000002
441,160,26.930000000000007
441,161,28.060000000000002
441,162,29.099999999999994
441,163,28.830000000000013
441,164,31.75
441,165,30.099999999999994
441,166,31.97999999999999
441,167,34.139999999999986
441,168,31.460000000000008
441,169,32.41999999999999
441,170,34.02000000000001
441,171,34.849999999999994
441,172,34.59
441,173,34.97
441,174,37.389999999999986
441,175,37.44999999999999
441,176,37.5
441,177,36.74000000000001
441,178,36.56
441,179,38.25
441,180,40.31
442,1,45.27000000000001
442,2,70.66999999999999
442,3,67.38999999999999
442,4,63.47999999999999
442,5,58.379999999999995
442,6,51.05000000000001
442,7,46.41
442,8,41.25
442,9,34.75
442,10,29.22999999999999
442,11,26.310000000000002
442,12,17.950000000000003
442,13,13.959999999999994
442,14,9.290000000000006
442,15,3.3100000000000023
442,16,1.0100000000000051
442,17,4.730000000000004
442,18,10.14
442,19,15.450000000000003
442,20,19.36
442,21,22.870000000000005
442,22,28.450000000000003
442,23,32.459999999999994
442,24,37.650000000000006
442,25,41.650000000000006
442,26,44.41
442,27,49.36
442,28,52.49
442,29,56.09
442,30,61.22
442,31,62.52
442,32,66.74000000000001
442,33,70.67
442,34,76.06
442,35,79.1
442,36,79.61
442,37,82.49
442,38,86.43
442,39,89.24
442,40,90.47
442,41,92.53999999999999
442,42,94.88
442,43,96.7
442,44,97.17
442,45,98.47
442,46,97.53
442,47,97.1
442,48,96.14
442,49,95.63
442,50,94.26
442,51,93.21000000000001
442,52,92.53999999999999
442,53,90.47
442,54,89.37
442,55,88.49
442,56,86.32
442,57,85.5
442,58,83.9
442,59,82.53999999999999
442,60,80.9
442,61,78.52
442,62,77.64
442,63,76.12
442,64,74.11
442,65,72.27000000000001
442,66,70.96000000000001
442,67,69.53
442,68,68.16
442,69,66.41
442,70,64.7
442,71,63.18
442,72,61.93
442,73,60.18
442,74,57.44
442,75,57.01
442,76,55.45
442,77,53.53
442,78,53.43
442,79,52.18
442,80,49.67
442,81,48.77
442,82,45.8
442,83,45.39
442,84,42.790000000000006
442,85,42.91
442,86,39.790000000000006
442,87,39.209999999999994
442,88,38.120000000000005
442,89,36.44
442,90,35
442,91,34.06999999999999
442,92,32.540000000000006
442,93,31.78
442,94,30.849999999999994
442,95,28.099999999999994
442,96,27.89
442,97,25.42
442,98,24.180000000000007
442,99,24.209999999999994
442,100,23.28
442,101,22.53
442,102,19.11
442,103,19.980000000000004
442,104,16.67
442,105,15.450000000000003
442,106,14.549999999999997
442,107,15.719999999999999
442,108,14.599999999999994
442,109,10.86
442,110,10.530000000000001
442,111,9.909999999999997
442,112,7.439999999999998
442,113,9.430000000000007
442,114,7.140000000000001
442,115,6.810000000000002
442,116,5.030000000000001
442,117,4.230000000000004
442,118,3.180000000000007
442,119,2.200000000000003
442,120,1.9300000000000068
442,121,1.0999999999999943
442,122,0.9300000000000068
442,123,2.3799999999999955
442,124,1
442,125,3.4399999999999977
442,126,3.200000000000003
442,127,5.950000000000003
442,128,7.090000000000003
442,129,6.900000000000006
442,130,7.420000000000002
442,131,8.079999999999998
442,132,9.14
442,133,10.079999999999998
442,134,10.590000000000003
442,135,12.420000000000002
442,136,11.209999999999994
442,137,13.969999999999999
442,138,14.36
442,139,13.969999999999999
442,140,14.760000000000005
442,141,18.340000000000003
442,142,16.840000000000003
442,143,20.330000000000013
442,144,19.879999999999995
442,145,17.239999999999995
442,146,19.72
442,147,19.379999999999995
442,148,22.50999999999999
442,149,21.069999999999993
442,150,23.69999999999999
442,151,24.090000000000003
442,152,23.150000000000006
442,153,26.599999999999994
442,154,25.669999999999987
442,155,25.24000000000001
442,156,26.710000000000008
442,157,28.150000000000006
442,158,28.24000000000001
442,159,29.560000000000002
442,160,30.77000000000001
442,161,29.870000000000005
442,162,30.069999999999993
442,163,31.379999999999995
442,164,29.75999999999999
442,165,32.379999999999995
442,166,31.419999999999987
442,167,32.72999999999999
442,168,34.31
442,169,34.27000000000001
442,170,34.879999999999995
442,171,36.77000000000001
442,172,35.58000000000001
442,173,36.28999999999999
442,174,37.75999999999999
442,175,37.620000000000005
442,176,37.02000000000001
442,177,40.83000000000001
442,178,40.150000000000006
442,179,39.56999999999999
442,180,40.25999999999999
443,1,45.50999999999999
443,2,72.18
443,3,69.69999999999999
443,4,65.97999999999999
443,5,60.49000000000001
443,6,55.400000000000006
443,7,49.47999999999999
443,8,45.129999999999995
443,9,37.16
443,10,32.99000000000001
443,11,27.810000000000002
443,12,21.930000000000007
443,13,15.620000000000005
443,14,11.540000000000006
443,15,6.719999999999999
443,16,2.5799999999999983
443,17,2.25
443,18,7.180000000000007
443,19,11.909999999999997
443,20,17.040000000000006
443,21,21.840000000000003
443,22,25.299999999999997
443,23,28.58
443,24,32.91
443,25,38.93000000000001
443,26,41.06
443,27,45.629999999999995
443,28,47.5
443,29,54.09
443,30,56.51
443,31,60.4
443,32,63.69
443,33,69.22
443,34,71.97
443,35,72.92
443,36,76.43
443,37,79.88
443,38,83.65
443,39,85.63
443,40,89.47
443,41,90.42
443,42,91.81
443,43,94.07
443,44,94.94
443,45,96.9
443,46,96.87
443,47,96.58
443,48,95.25
443,49,94.65
443,50,93.78
443,51,91.69
443,52,90.77
443,53,90.82
443,54,88.41
443,55,86.66
443,56,84.47
443,57,83.91
443,58,82.09
443,59,81.16
443,60,79.01
443,61,77.27000000000001
443,62,76.12
443,63,75.12
443,64,73.1
443,65,72.00999999999999
443,66,70.02000000000001
443,67,67.92
443,68,64.77000000000001
443,69,64.7
443,70,63.14
443,71,61.46
443,72,59.83
443,73,58.93
443,74,57.08
443,75,55.72
443,76,53.54
443,77,52.06
443,78,49.18
443,79,49.63
443,80,48.06
443,81,46.7
443,82,43.879999999999995
443,83,43.67
443,84,42.769999999999996
443,85,41.519999999999996
443,86,38.95
443,87,36.69
443,88,36.730000000000004
443,89,33.53
443,90,33.620000000000005
443,91,31.5
443,92,30.22
443,93,30.090000000000003
443,94,29.200000000000003
443,95,28.709999999999994
443,96,25.689999999999998
443,97,23.939999999999998
443,98,23.239999999999995
443,99,21.099999999999994
443,100,20.78
443,101,21.269999999999996
443,102,17.450000000000003
443,103,16.64
443,104,15.989999999999995
443,105,16.36
443,106,13.760000000000005
443,107,13.290000000000006
443,108,11.150000000000006
443,109,8.89
443,110,8.260000000000005
443,111,9.579999999999998
443,112,6.810000000000002
443,113,5.760000000000005
443,114,7.069999999999993
443,115,5.6200000000000045
443,116,4.180000000000007
443,117,3.1700000000000017
443,118,0.3400000000000034
443,119,0.8799999999999955
443,120,0.6599999999999966
443,121,1.5300000000000011
443,122,1.3700000000000045
443,123,1.0900000000000034
443,124,3.260000000000005
443,125,4.099999999999994
443,126,3.980000000000004
443,127,5.920000000000002
443,128,8.829999999999998
443,129,8.579999999999998
443,130,8.909999999999997
443,131,10.280000000000001
443,132,11.069999999999993
443,133,11.510000000000005
443,134,12.709999999999994
443,135,12.879999999999995
443,136,15.420000000000002
443,137,14.569999999999993
443,138,13.849999999999994
443,139,17.120000000000005
443,140,17.03
443,141,17.299999999999997
443,142,17.290000000000006
443,143,19.419999999999987
443,144,21.159999999999997
443,145,21
443,146,21.03
443,147,22.03
443,148,22.159999999999997
443,149,24.860000000000014
443,150,24.22
443,151,24.039999999999992
443,152,25.689999999999998
443,153,25.960000000000008
443,154,26.379999999999995
443,155,28.94999999999999
443,156,27.27000000000001
443,157,28.060000000000002
443,158,29.900000000000006
443,159,31.330000000000013
443,160,30.939999999999998
443,161,30.22
443,162,32.53
443,163,31.75
443,164,32.860000000000014
443,165,32.72999999999999
443,166,32.25999999999999
443,167,33.75
443,168,34.860000000000014
443,169,34.30000000000001
443,170,35.77000000000001
443,171,37.349999999999994
443,172,38.28999999999999
443,173,36.31
443,174,38.43000000000001
443,175,38.16
443,176,38.25
443,177,37.599999999999994
443,178,38.06999999999999
443,179,40.52000000000001
443,180,40.30000000000001
444,1,54.639999999999986
444,2,74.63999999999999
444,3,74.03
444,4,70.27000000000001
444,5,63.900000000000006
444,6,58.66999999999999
444,7,52.77000000000001
444,8,45.47999999999999
444,9,41.599999999999994
444,10,35.59
444,11,30.22
444,12,24.590000000000003
444,13,20.430000000000007
444,14,14.89
444,15,7.8799999999999955
444,16,4.6200000000000045
444,17,0.5
444,18,6.219999999999999
444,19,9.540000000000006
444,20,13.170000000000002
444,21,17.510000000000005
444,22,20.790000000000006
444,23,24.560000000000002
444,24,29.709999999999994
444,25,34.05
444,26,37.14
444,27,40.66
444,28,47.65
444,29,50.57
444,30,52.58
444,31,56.28
444,32,60.31
444,33,64.36
444,34,68.75
444,35,71.75999999999999
444,36,73.11
444,37,76.03
444,38,80.62
444,39,83.13
444,40,85.39
444,41,88.96000000000001
444,42,90.85
444,43,91.44
444,44,93.3
444,45,94.63
444,46,95.07
444,47,95.44
444,48,94.24
444,49,93.27
444,50,93.33
444,51,92.46000000000001
444,52,90.87
444,53,88.62
444,54,87.81
444,55,86.58
444,56,84.34
444,57,83.32
444,58,82.26
444,59,79.5
444,60,79.05
444,61,77.16
444,62,74.28
444,63,74.15
444,64,71.65
444,65,69.75999999999999
444,66,68.28
444,67,65.31
444,68,65.67
444,69,64.22
444,70,61.45
444,71,60.78
444,72,58.45
444,73,58.13
444,74,56.07
444,75,55.18
444,76,51.83
444,77,51.5
444,78,49.22
444,79,47.26
444,80,47.61
444,81,45
444,82,44.18000000000001
444,83,41.870000000000005
444,84,39.629999999999995
444,85,39.06999999999999
444,86,36.68000000000001
444,87,37.120000000000005
444,88,34.93000000000001
444,89,35.44
444,90,32.94
444,91,32.010000000000005
444,92,31.97
444,93,29.799999999999997
444,94,26.950000000000003
444,95,25.159999999999997
444,96,25.5
444,97,22.489999999999995
444,98,21.680000000000007
444,99,21.86
444,100,18.58
444,101,17.840000000000003
444,102,18.86
444,103,15.219999999999999
444,104,16.049999999999997
444,105,14.459999999999994
444,106,12.489999999999995
444,107,11.340000000000003
444,108,10.400000000000006
444,109,8.89
444,110,7.920000000000002
444,111,8.689999999999998
444,112,6.1200000000000045
444,113,5.989999999999995
444,114,5.739999999999995
444,115,3.9599999999999937
444,116,3.760000000000005
444,117,1.9000000000000057
444,118,1.7399999999999949
444,119,1.4200000000000017
444,120,1.9200000000000017
444,121,2.2900000000000063
444,122,2.8799999999999955
444,123,5.709999999999994
444,124,7.109999999999999
444,125,7.5
444,126,7.230000000000004
444,127,6.959999999999994
444,128,7.689999999999998
444,129,10.680000000000007
444,130,10.849999999999994
444,131,10.079999999999998
444,132,12.430000000000007
444,133,12.400000000000006
444,134,12.739999999999995
444,135,14.090000000000003
444,136,15.480000000000004
444,137,16.08
444,138,16.97
444,139,17.659999999999997
444,140,16.83
444,141,19.30000000000001
444,142,19.039999999999992
444,143,19.830000000000013
444,144,20.039999999999992
444,145,21.53
444,146,21.97
444,147,23.139999999999986
444,148,22.669999999999987
444,149,24.840000000000003
444,150,24.5
444,151,24.409999999999997
444,152,26.00999999999999
444,153,26.060000000000002
444,154,27.919999999999987
444,155,28.180000000000007
444,156,29.120000000000005
444,157,28.69999999999999
444,158,30.25
444,159,31.319999999999993
444,160,31.879999999999995
444,161,32.620000000000005
444,162,32.860000000000014
444,163,34.52000000000001
444,164,32.849999999999994
444,165,34.33000000000001
444,166,34.55000000000001
444,167,34.370000000000005
444,168,36.110000000000014
444,169,35.56
444,170,37.50999999999999
444,171,38.53
444,172,38.91999999999999
444,173,40.110000000000014
444,174,38.66
444,175,37.74000000000001
444,176,42.43000000000001
444,177,39.52000000000001
444,178,42.34
444,179,42.18000000000001
444,180,42.150000000000006
445,1,56.06
445,2,79.02000000000001
445,3,77.6
445,4,72.03
445,5,66.94999999999999
445,6,61.47
445,7,55.94999999999999
445,8,49.75999999999999
445,9,45.28
445,10,37.83000000000001
445,11,34.43000000000001
445,12,29.370000000000005
445,13,21.77000000000001
445,14,17.97
445,15,13.230000000000004
445,16,8.819999999999993
445,17,2.25
445,18,0.010000000000005116
445,19,7.709999999999994
445,20,10.599999999999994
445,21,14.040000000000006
445,22,19.459999999999994
445,23,23.89
445,24,27.909999999999997
445,25,32.709999999999994
445,26,36.349999999999994
445,27,40.8
445,28,43.459999999999994
445,29,46.05
445,30,52.24
445,31,54.07
445,32,56.7
445,33,62.28
445,34,65.00999999999999
445,35,66.99000000000001
445,36,70.86
445,37,76.05
445,38,77.74000000000001
445,39,79.62
445,40,81.48
445,41,85.1
445,42,88.16
445,43,89.65
445,44,91.45
445,45,91.95
445,46,92.71000000000001
445,47,92.98
445,48,92.51
445,49,92.31
445,50,91.24
445,51,90.51
445,52,89.46000000000001
445,53,88.35
445,54,86.87
445,55,85.17
445,56,83.06
445,57,81.77
445,58,80.58
445,59,79.5
445,60,77.17
445,61,75.36
445,62,73.78999999999999
445,63,71.83
445,64,70.24000000000001
445,65,70.03999999999999
445,66,66.57
445,67,64.12
445,68,64.8
445,69,61.79
445,70,61.38
445,71,58.53
445,72,56.19
445,73,55.83
445,74,54.23
445,75,52.39
445,76,51.55
445,77,50.1
445,78,48.78
445,79,47.67
445,80,46.29
445,81,42.81999999999999
445,82,42.68000000000001
445,83,40.56999999999999
445,84,39.25
445,85,37.980000000000004
445,86,36.629999999999995
445,87,33.93000000000001
445,88,33.510000000000005
445,89,32.739999999999995
445,90,32.53
445,91,30.180000000000007
445,92,29.14
445,93,28.069999999999993
445,94,23.629999999999995
445,95,24.58
445,96,20.849999999999994
445,97,21.260000000000005
445,98,20.450000000000003
445,99,19.03
445,100,16.930000000000007
445,101,17.14
445,102,15.900000000000006
445,103,13.870000000000005
445,104,13.920000000000002
445,105,14.829999999999998
445,106,10.730000000000004
445,107,10.89
445,108,7.319999999999993
445,109,7.489999999999995
445,110,8.36
445,111,5.6200000000000045
445,112,6.040000000000006
445,113,3.280000000000001
445,114,2.8700000000000045
445,115,3.769999999999996
445,116,1.7600000000000051
445,117,0.8499999999999943
445,118,0.9599999999999937
445,119,0.9599999999999937
445,120,3.6200000000000045
445,121,3.0400000000000063
445,122,5.579999999999998
445,123,5.030000000000001
445,124,7.659999999999997
445,125,6.6200000000000045
445,126,7.510000000000005
445,127,9.099999999999994
445,128,10.75
445,129,10.61
445,130,12.64
445,131,12.019999999999996
445,132,14.120000000000005
445,133,13.159999999999997
445,134,13.920000000000002
445,135,14.269999999999996
445,136,15.209999999999994
445,137,17.239999999999995
445,138,15.829999999999998
445,139,20.00999999999999
445,140,18.439999999999998
445,141,20.539999999999992
445,142,21.389999999999986
445,143,22.139999999999986
445,144,23.75999999999999
445,145,21.25999999999999
445,146,23.139999999999986
445,147,23.789999999999992
445,148,23.960000000000008
445,149,25.02000000000001
445,150,28.849999999999994
445,151,28.77000000000001
445,152,28.28
445,153,27.55000000000001
445,154,29.180000000000007
445,155,27.94999999999999
445,156,29.78
445,157,30.900000000000006
445,158,31.319999999999993
445,159,33.599999999999994
445,160,32.860000000000014
445,161,32.78
445,162,33.69999999999999
445,163,34.91999999999999
445,164,34.53
445,165,36.28
445,166,35.94
445,167,35.80000000000001
445,168,36.97999999999999
445,169,38.24000000000001
445,170,36.55000000000001
445,171,38.03999999999999
445,172,38.56999999999999
445,173,40.78
445,174,41.33000000000001
445,175,39.28999999999999
445,176,40.96000000000001
445,177,41.44999999999999
445,178,42.120000000000005
445,179,43.879999999999995
445,180,42.77000000000001
446,1,57.389999999999986
446,2,80.5
446,3,79.13
446,4,74.38999999999999
446,5,69.91999999999999
446,6,65.46000000000001
446,7,58.91
446,8,53.129999999999995
446,9,47.97
446,10,42.44999999999999
446,11,36.31
446,12,31.580000000000013
446,13,26.620000000000005
446,14,20.689999999999998
446,15,15.400000000000006
446,16,10.769999999999996
446,17,5.3700000000000045
446,18,1.0400000000000063
446,19,2.0999999999999943
446,20,6.019999999999996
446,21,12.849999999999994
446,22,16.75
446,23,20.42
446,24,24.430000000000007
446,25,27.47
446,26,32.019999999999996
446,27,36.989999999999995
446,28,39.18000000000001
446,29,44.34
446,30,47.05
446,31,52.67
446,32,53.38
446,33,58.68
446,34,61.46
446,35,64.03
446,36,67.75
446,37,71.24000000000001
446,38,74.28
446,39,77.62
446,40,80.37
446,41,83.24
446,42,85.33
446,43,87.61
446,44,90.91
446,45,89.83
446,46,91.26
446,47,90.86
446,48,91.27
446,49,90.52
446,50,90.24
446,51,88.26
446,52,88.37
446,53,87.28999999999999
446,54,85.02
446,55,83.36
446,56,82.07
446,57,80.52
446,58,80.21000000000001
446,59,77.58
446,60,76.08
446,61,74.57
446,62,72.74000000000001
446,63,71.77000000000001
446,64,69.08
446,65,66.61
446,66,66.53999999999999
446,67,64.00999999999999
446,68,63.39
446,69,61.54
446,70,59.27
446,71,57.39
446,72,55.8
446,73,54.94
446,74,51.55
446,75,51.07
446,76,50.39
446,77,49.23
446,78,47.14
446,79,45.28
446,80,44.900000000000006
446,81,42.790000000000006
446,82,42.16
446,83,38.870000000000005
446,84,37.849999999999994
446,85,36.09
446,86,35.69
446,87,32.099999999999994
446,88,33.83
446,89,28.159999999999997
446,90,29.08
446,91,29.180000000000007
446,92,28.03
446,93,27
446,94,24.08
446,95,23.959999999999994
446,96,20.689999999999998
446,97,22.64
446,98,19.189999999999998
446,99,18.36
446,100,17.099999999999994
446,101,17.239999999999995
446,102,15.790000000000006
446,103,14.810000000000002
446,104,12.939999999999998
446,105,11.150000000000006
446,106,9.430000000000007
446,107,8.230000000000004
446,108,8.629999999999995
446,109,6.730000000000004
446,110,5.890000000000001
446,111,4.349999999999994
446,112,3.8499999999999943
446,113,3.7099999999999937
446,114,2.260000000000005
446,115,1.7000000000000028
446,116,0.7199999999999989
446,117,1.0900000000000034
446,118,2.030000000000001
446,119,4.019999999999996
446,120,2.0900000000000034
446,121,4.409999999999997
446,122,6.280000000000001
446,123,6.959999999999994
446,124,7.280000000000001
446,125,7
446,126,8.969999999999999
446,127,11.480000000000004
446,128,10.599999999999994
446,129,12.719999999999999
446,130,11.310000000000002
446,131,14.86
446,132,14.879999999999995
446,133,15.599999999999994
446,134,15.75
446,135,18.560000000000002
446,136,16.760000000000005
446,137,16.599999999999994
446,138,18.02000000000001
446,139,18.879999999999995
446,140,20.599999999999994
446,141,20.090000000000003
446,142,20.629999999999995
446,143,22.72999999999999
446,144,23.169999999999987
446,145,24.419999999999987
446,146,24.49000000000001
446,147,27.310000000000002
446,148,25.430000000000007
446,149,26.789999999999992
446,150,26.080000000000013
446,151,28.409999999999997
446,152,26.22999999999999
446,153,28.22
446,154,29.659999999999997
446,155,30.900000000000006
446,156,30.650000000000006
446,157,30.710000000000008
446,158,32.47999999999999
446,159,34.99000000000001
446,160,31.97
446,161,35.629999999999995
446,162,35.58000000000001
446,163,35.66
446,164,36.22999999999999
446,165,34.41999999999999
446,166,36.46000000000001
446,167,38.19
446,168,35.77000000000001
446,169,37.83000000000001
446,170,40.94
446,171,39.629999999999995
446,172,40.75
446,173,41.08000000000001
446,174,42.96000000000001
446,175,40.93000000000001
446,176,42.68000000000001
446,177,42.66
446,178,44.53
446,179,43.06
446,180,43.03999999999999
447,1,64.37
447,2,84.4
447,3,82.63
447,4,77.16
447,5,73.44999999999999
447,6,67.31
447,7,60.900000000000006
447,8,56.06999999999999
447,9,50.5
447,10,45.05000000000001
447,11,38.41
447,12,34.31999999999999
447,13,29.47999999999999
447,14,25.090000000000003
447,15,19.25
447,16,15.370000000000005
447,17,9.560000000000002
447,18,4.390000000000001
447,19,1.0999999999999943
447,20,5.030000000000001
447,21,10.319999999999993
447,22,11.400000000000006
447,23,18.090000000000003
447,24,20.819999999999993
447,25,24.019999999999996
447,26,29.86
447,27,32.730000000000004
447,28,38.31999999999999
447,29,42.39
447,30,46.01
447,31,48.74
447,32,53.14
447,33,54.78
447,34,57.74
447,35,61.54
447,36,66.59
447,37,68.6
447,38,71.42
447,39,74.7
447,40,76.87
447,41,78.94
447,42,83.12
447,43,84.53
447,44,86.68
447,45,87.48
447,46,89.03999999999999
447,47,89.14
447,48,89.9
447,49,90
447,50,88.64
447,51,88.77
447,52,86.83
447,53,85.36
447,54,84.85
447,55,83.09
447,56,81.5
447,57,79.82
447,58,78.2
447,59,76.65
447,60,74.46000000000001
447,61,71.86
447,62,71.47
447,63,70.53999999999999
447,64,67.67
447,65,66.53
447,66,64.4
447,67,62.53
447,68,61.85
447,69,59.34
447,70,57.75
447,71,56.52
447,72,54.02
447,73,52.88
447,74,51.3
447,75,49.98
447,76,48.16
447,77,48.7
447,78,45.040000000000006
447,79,43.620000000000005
447,80,42.68000000000001
447,81,41.16
447,82,40.2
447,83,37.92
447,84,38.129999999999995
447,85,35.25
447,86,33.620000000000005
447,87,30.299999999999997
447,88,31.25
447,89,28.64
447,90,27.75
447,91,25.379999999999995
447,92,24.040000000000006
447,93,24.730000000000004
447,94,23.47
447,95,22.67
447,96,20.92
447,97,18.819999999999993
447,98,18.340000000000003
447,99,15.739999999999995
447,100,17.040000000000006
447,101,15.180000000000007
447,102,12.799999999999997
447,103,11.450000000000003
447,104,10.719999999999999
447,105,9.599999999999994
447,106,9.230000000000004
447,107,7.3700000000000045
447,108,6.790000000000006
447,109,5.349999999999994
447,110,6.709999999999994
447,111,3.969999999999999
447,112,3.4599999999999937
447,113,1.230000000000004
447,114,0.5
447,115,1.8499999999999943
447,116,0.37000000000000455
447,117,3.5
447,118,3.8400000000000034
447,119,4.799999999999997
447,120,4.930000000000007
447,121,3.9000000000000057
447,122,6.310000000000002
447,123,8.090000000000003
447,124,8.590000000000003
447,125,8.489999999999995
447,126,10.090000000000003
447,127,11.200000000000003
447,128,12.61
447,129,12.019999999999996
447,130,13.920000000000002
447,131,14.810000000000002
447,132,15.620000000000005
447,133,15.879999999999995
447,134,16.760000000000005
447,135,17.269999999999996
447,136,16.950000000000003
447,137,20.25999999999999
447,138,19.919999999999987
447,139,22.330000000000013
447,140,21.52000000000001
447,141,23.960000000000008
447,142,22.94999999999999
447,143,24.819999999999993
447,144,23.370000000000005
447,145,24.919999999999987
447,146,26.650000000000006
447,147,26.680000000000007
447,148,26.060000000000002
447,149,26.02000000000001
447,150,28.930000000000007
447,151,29.05000000000001
447,152,28.69999999999999
447,153,27.590000000000003
447,154,32.370000000000005
447,155,31.319999999999993
447,156,32.72999999999999
447,157,33.27000000000001
447,158,32.69
447,159,34.99000000000001
447,160,36.69
447,161,34.849999999999994
447,162,35.81
447,163,35.74000000000001
447,164,35.860000000000014
447,165,36.66
447,166,37.47
447,167,37.02000000000001
447,168,40.94
447,169,40.389999999999986
447,170,40.28999999999999
447,171,39.91
447,172,40.56999999999999
447,173,41.99000000000001
447,174,41.46000000000001
447,175,42.03999999999999
447,176,42.099999999999994
447,177,42.74000000000001
447,178,44.629999999999995
447,179,43.94999999999999
447,180,44.68000000000001
448,1,66.72
448,2,89.15
448,3,85.34
448,4,82.22
448,5,76.63
448,6,72.38
448,7,65.63999999999999
448,8,59.94
448,9,55.41999999999999
448,10,48.19999999999999
448,11,42.74000000000001
448,12,36.80000000000001
448,13,32.25
448,14,26.97999999999999
448,15,23.289999999999992
448,16,17.650000000000006
448,17,11.870000000000005
448,18,7.819999999999993
448,19,2.5
448,20,0.4000000000000057
448,21,4.75
448,22,8.870000000000005
448,23,14.980000000000004
448,24,17.159999999999997
448,25,22.700000000000003
448,26,28.099999999999994
448,27,30.790000000000006
448,28,34.849999999999994
448,29,36
448,30,41.72
448,31,43.61
448,32,47.28
448,33,52.77
448,34,55.84
448,35,59.24
448,36,62.69
448,37,65.99000000000001
448,38,69.50999999999999
448,39,72.37
448,40,72.14
448,41,77.11
448,42,80.38
448,43,81.96000000000001
448,44,83.05
448,45,85.43
448,46,87.73
448,47,89
448,48,89.27
448,49,87.78999999999999
448,50,86.89
448,51,87.43
448,52,86.31
448,53,84.75
448,54,82.98
448,55,81.57
448,56,79.92
448,57,79.27
448,58,77.5
448,59,76.47999999999999
448,60,72.77000000000001
448,61,71.59
448,62,70.59
448,63,68.25999999999999
448,64,66.25
448,65,66.35
448,66,63.24
448,67,62.41
448,68,60.28
448,69,59.74
448,70,56.89
448,71,54.54
448,72,53.17
448,73,51.03
448,74,48.82
448,75,48.34
448,76,48.87
448,77,43.91
448,78,44.22
448,79,42.34
448,80,39.69
448,81,40.95
448,82,38.67
448,83,35.14
448,84,37.05
448,85,34.290000000000006
448,86,31.64
448,87,31.86
448,88,29.739999999999995
448,89,27.75
448,90,27.370000000000005
448,91,24.019999999999996
448,92,24
448,93,23.090000000000003
448,94,22.150000000000006
448,95,20.78
448,96,19.700000000000003
448,97,17.260000000000005
448,98,17.010000000000005
448,99,15.969999999999999
448,100,14.090000000000003
448,101,13
448,102,11.909999999999997
448,103,12.420000000000002
448,104,9.010000000000005
448,105,7.769999999999996
448,106,7.140000000000001
448,107,5.400000000000006
448,108,4.819999999999993
448,109,3.9099999999999966
448,110,3.180000000000007
448,111,1.8599999999999994
448,112,0.7600000000000051
448,113,0.4399999999999977
448,114,0.6400000000000006
448,115,0.9000000000000057
448,116,3.200000000000003
448,117,3.8599999999999994
448,118,4.730000000000004
448,119,3.1700000000000017
448,120,6.060000000000002
448,121,7.1200000000000045
448,122,8.209999999999994
448,123,9.629999999999995
448,124,8.930000000000007
448,125,11.049999999999997
448,126,11.239999999999995
448,127,12.540000000000006
448,128,14.400000000000006
448,129,14.219999999999999
448,130,15.209999999999994
448,131,15.170000000000002
448,132,16.980000000000004
448,133,18.340000000000003
448,134,16.53
448,135,19.080000000000013
448,136,19.189999999999998
448,137,19.349999999999994
448,138,22.400000000000006
448,139,22.650000000000006
448,140,24.180000000000007
448,141,23.180000000000007
448,142,25.120000000000005
448,143,25.49000000000001
448,144,25.03
448,145,26.599999999999994
448,146,25.580000000000013
448,147,27.139999999999986
448,148,28.77000000000001
448,149,27.580000000000013
448,150,28.889999999999986
448,151,30.039999999999992
448,152,28.28
448,153,31.150000000000006
448,154,31.860000000000014
448,155,32.34
448,156,32.52000000000001
448,157,34.47
448,158,34.94999999999999
448,159,34.18000000000001
448,160,35.08000000000001
448,161,36.69999999999999
448,162,34.94999999999999
448,163,37.900000000000006
448,164,37.629999999999995
448,165,39.25999999999999
448,166,41.110000000000014
448,167,41.24000000000001
448,168,39.53
448,169,40.44999999999999
448,170,42.139999999999986
448,171,43
448,172,42.30000000000001
448,173,41.69
448,174,42.56999999999999
448,175,41.78
448,176,42.43000000000001
448,177,44.16999999999999
448,178,44.69999999999999
448,179,46.900000000000006
448,180,46.879999999999995
449,1,69.11000000000001
449,2,91.35
449,3,89.19
449,4,84.97
449,5,79.58000000000001
449,6,74.24000000000001
449,7,69.63999999999999
449,8,62.900000000000006
449,9,56.849999999999994
449,10,50.56999999999999
449,11,45.55000000000001
449,12,40.620000000000005
449,13,35.46000000000001
449,14,30.400000000000006
449,15,24.870000000000005
449,16,20.870000000000005
449,17,16.099999999999994
449,18,10.379999999999995
449,19,7.159999999999997
449,20,1.5999999999999943
449,21,2.3799999999999955
449,22,7.549999999999997
449,23,11.75
449,24,14.64
449,25,19.620000000000005
449,26,23.489999999999995
449,27,26.519999999999996
449,28,31.069999999999993
449,29,35.17
449,30,38.43000000000001
449,31,42.97
449,32,45.290000000000006
449,33,49.35
449,34,53.51
449,35,55.86
449,36,59.72
449,37,61.71
449,38,66.27000000000001
449,39,67.14
449,40,71.43
449,41,73.67
449,42,76.85
449,43,81.73
449,44,78.9
449,45,81.42
449,46,83.56
449,47,86.11
449,48,85.71000000000001
449,49,87.24
449,50,86.23
449,51,86.73
449,52,83.97
449,53,82.69
449,54,82.08
449,55,80.13
449,56,78.91
449,57,76.71000000000001
449,58,75.4
449,59,74.58
449,60,72.78
449,61,70.3
449,62,67.97
449,63,66.81
449,64,64.93
449,65,64.13
449,66,62.8
449,67,60.05
449,68,58.4
449,69,56.84
449,70,55.11
449,71,52.5
449,72,51.07
449,73,52.14
449,74,48.6
449,75,47.51
449,76,45.900000000000006
449,77,44.11
449,78,42.95
449,79,42.43000000000001
449,80,38.89
449,81,37.44
449,82,36.75
449,83,34.519999999999996
449,84,33.31999999999999
449,85,33.06999999999999
449,86,31.230000000000004
449,87,29.510000000000005
449,88,28.14
449,89,27.629999999999995
449,90,26.569999999999993
449,91,22.900000000000006
449,92,21.53
449,93,21.689999999999998
449,94,20.650000000000006
449,95,19.97
449,96,17.930000000000007
449,97,15.64
449,98,16.540000000000006
449,99,14.349999999999994
449,100,10.650000000000006
449,101,12.019999999999996
449,102,10
449,103,8.620000000000005
449,104,7.989999999999995
449,105,6.670000000000002
449,106,6.359999999999999
449,107,5.319999999999993
449,108,4.280000000000001
449,109,3.549999999999997
449,110,2.8599999999999994
449,111,1.7000000000000028
449,112,0.04999999999999716
449,113,2.319999999999993
449,114,2.9200000000000017
449,115,3.5799999999999983
449,116,4.3700000000000045
449,117,4.409999999999997
449,118,4.579999999999998
449,119,6.859999999999999
449,120,7.439999999999998
449,121,9.469999999999999
449,122,11.319999999999993
449,123,9.450000000000003
449,124,10.530000000000001
449,125,10.560000000000002
449,126,12.420000000000002
449,127,13.719999999999999
449,128,14.150000000000006
449,129,15.459999999999994
449,130,17.269999999999996
449,131,16.5
449,132,18.620000000000005
449,133,17.650000000000006
449,134,17.689999999999998
449,135,20.47999999999999
449,136,20.24000000000001
449,137,21.879999999999995
449,138,22.44999999999999
449,139,22.629999999999995
449,140,25.680000000000007
449,141,24.099999999999994
449,142,25.930000000000007
449,143,24.680000000000007
449,144,25.620000000000005
449,145,27.50999999999999
449,146,28.879999999999995
449,147,29.860000000000014
449,148,30.150000000000006
449,149,28.330000000000013
449,150,30.879999999999995
449,151,32.139999999999986
449,152,31.52000000000001
449,153,33.150000000000006
449,154,33.03
449,155,33.68000000000001
449,156,36.50999999999999
449,157,35.81
449,158,36.77000000000001
449,159,36.21000000000001
449,160,37.72
449,161,36.77000000000001
449,162,37.69999999999999
449,163,37.58000000000001
449,164,39.25999999999999
449,165,39.77000000000001
449,166,40.47
449,167,40.93000000000001
449,168,40.31
449,169,42.03
449,170,41.81999999999999
449,171,42.03999999999999
449,172,45.349999999999994
449,173,44.08000000000001
449,174,42.03999999999999
449,175,44.08000000000001
449,176,45.129999999999995
449,177,44.72999999999999
449,178,47.94999999999999
449,179,46.41
449,180,47.56999999999999
450,1,72.55000000000001
450,2,96.31
450,3,93.19999999999999
450,4,88.9
450,5,82.15
450,6,76.97
450,7,70.5
450,8,64.15
450,9,59.28
450,10,55.91999999999999
450,11,49.370000000000005
450,12,43.03999999999999
450,13,38.16999999999999
450,14,32.66999999999999
450,15,29.05000000000001
450,16,22.50999999999999
450,17,18.69999999999999
450,18,13.75
450,19,9.86
450,20,5.3700000000000045
450,21,0.5300000000000011
450,22,2.6599999999999966
450,23,9.060000000000002
450,24,12.430000000000007
450,25,15.530000000000001
450,26,19.209999999999994
450,27,23.090000000000003
450,28,28.180000000000007
450,29,32.19
450,30,35.379999999999995
450,31,38.349999999999994
450,32,41.92
450,33,44.900000000000006
450,34,47.42
450,35,51.69
450,36,55.79
450,37,57.58
450,38,62.77
450,39,64.55
450,40,67.82
450,41,70.97999999999999
450,42,74.09
450,43,75.75999999999999
450,44,77.05
450,45,79.23
450,46,82.3
450,47,83.72
450,48,83.25
450,49,84.97
450,50,85.14
450,51,83.01
450,52,82.55
450,53,82.44
450,54,81.45
450,55,79.72
450,56,77.75999999999999
450,57,77.18
450,58,74.78
450,59,71.92
450,60,70.61
450,61,68.97
450,62,68.95
450,63,65.93
450,64,63.28
450,65,62.42
450,66,60.29
450,67,59.13
450,68,56.81
450,69,56.25
450,70,54.09
450,71,52.91
450,72,50.4
450,73,46.64
450,74,47.18
450,75,46.59
450,76,44.41
450,77,42.08
450,78,40.209999999999994
450,79,40.010000000000005
450,80,38.43000000000001
450,81,37.78
450,82,36.870000000000005
450,83,32.5
450,84,31.810000000000002
450,85,30.870000000000005
450,86,30.36
450,87,27.959999999999994
450,88,26.519999999999996
450,89,25.129999999999995
450,90,24.39
450,91,21.739999999999995
450,92,22.489999999999995
450,93,19.799999999999997
450,94,18.819999999999993
450,95,16.560000000000002
450,96,18.370000000000005
450,97,15.319999999999993
450,98,14.209999999999994
450,99,12.280000000000001
450,100,11.64
450,101,12.39
450,102,9.459999999999994
450,103,7.5
450,104,8.11
450,105,3.6700000000000017
450,106,4.5
450,107,4.030000000000001
450,108,3.3799999999999955
450,109,2.0400000000000063
450,110,0.3299999999999983
450,111,0.8799999999999955
450,112,0.9200000000000017
450,113,3.019999999999996
450,114,2.9200000000000017
450,115,3.700000000000003
450,116,6.200000000000003
450,117,4.810000000000002
450,118,7.560000000000002
450,119,8.900000000000006
450,120,7.400000000000006
450,121,8.909999999999997
450,122,9.680000000000007
450,123,11.64
450,124,13.25
450,125,10.879999999999995
450,126,14.040000000000006
450,127,14.180000000000007
450,128,15.280000000000001
450,129,17.480000000000004
450,130,18.169999999999987
450,131,19.389999999999986
450,132,21.870000000000005
450,133,19.27000000000001
450,134,21.00999999999999
450,135,22.28
450,136,22.620000000000005
450,137,24.360000000000014
450,138,23.99000000000001
450,139,24.69999999999999
450,140,24.22
450,141,26.05000000000001
450,142,26.340000000000003
450,143,26.819999999999993
450,144,28.25999999999999
450,145,27.789999999999992
450,146,29.909999999999997
450,147,31.069999999999993
450,148,30.900000000000006
450,149,31.47999999999999
450,150,29.22
450,151,31.639999999999986
450,152,31.620000000000005
450,153,33.18000000000001
450,154,34.03999999999999
450,155,36.59
450,156,35.620000000000005
450,157,36.02000000000001
450,158,36.31999999999999
450,159,34.879999999999995
450,160,34.84
450,161,40.610000000000014
450,162,40.44999999999999
450,163,38.21000000000001
450,164,40.94
450,165,40.55000000000001
450,166,41.59
450,167,41.83000000000001
450,168,42.69
450,169,43.870000000000005
450,170,44.56
450,171,40.91999999999999
450,172,42.28
450,173,43.349999999999994
450,174,45.349999999999994
450,175,45.77000000000001
450,176,45.99000000000001
450,177,48.620000000000005
450,178,45.91
450,179,46.43000000000001
450,180,49.31
451,1,74.81
451,2,98.22
451,3,94.85
451,4,91.18
451,5,85.13
451,6,80.43
451,7,74.28
451,8,67.84
451,9,61.879999999999995
451,10,56.28
451,11,52.25
451,12,44.84
451,13,41.150000000000006
451,14,36.610000000000014
451,15,30.639999999999986
451,16,26.75999999999999
451,17,22.340000000000003
451,18,16.680000000000007
451,19,14.25
451,20,7.780000000000001
451,21,3.5
451,22,1.5600000000000023
451,23,3.6299999999999955
451,24,9.060000000000002
451,25,11.969999999999999
451,26,15.64
451,27,20.480000000000004
451,28,24.909999999999997
451,29,26.760000000000005
451,30,31.36
451,31,36.86
451,32,39.25
451,33,43.75
451,34,47.4
451,35,49.26
451,36,52.31
451,37,56
451,38,60.12
451,39,61.71
451,40,64.43
451,41,65.99000000000001
451,42,71.37
451,43,72.18
451,44,74.45
451,45,78.73
451,46,80.72
451,47,81.64
451,48,81.92
451,49,82.32
451,50,83.72
451,51,82.74
451,52,81.16
451,53,80.7
451,54,78.73
451,55,77.8
451,56,75.84
451,57,74.74000000000001
451,58,73.55
451,59,71.09
451,60,69.77000000000001
451,61,67.63
451,62,67.52000000000001
451,63,63.7
451,64,62.35
451,65,60.76
451,66,60.47
451,67,56.83
451,68,55.51
451,69,53.86
451,70,51.99
451,71,49.93
451,72,49.47
451,73,47.2
451,74,46.38
451,75,45.459999999999994
451,76,42.08
451,77,40.519999999999996
451,78,40.510000000000005
451,79,37.489999999999995
451,80,36.379999999999995
451,81,34.480000000000004
451,82,33.59
451,83,31.75
451,84,30
451,85,29.689999999999998
451,86,28.739999999999995
451,87,27.150000000000006
451,88,24.340000000000003
451,89,23.599999999999994
451,90,21.590000000000003
451,91,22.769999999999996
451,92,21.319999999999993
451,93,19.400000000000006
451,94,16.799999999999997
451,95,15.780000000000001
451,96,15.75
451,97,14.780000000000001
451,98,12.780000000000001
451,99,11.790000000000006
451,100,11.569999999999993
451,101,10.010000000000005
451,102,8.099999999999994
451,103,6.310000000000002
451,104,4.290000000000006
451,105,2.0900000000000034
451,106,2.8100000000000023
451,107,2.3599999999999994
451,108,1.8199999999999932
451,109,3
451,110,0.5100000000000051
451,111,1.4099999999999966
451,112,2.4000000000000057
451,113,2.030000000000001
451,114,2.239999999999995
451,115,4.560000000000002
451,116,7.719999999999999
451,117,6.859999999999999
451,118,9.280000000000001
451,119,7.150000000000006
451,120,10.409999999999997
451,121,11.790000000000006
451,122,13.099999999999994
451,123,12.709999999999994
451,124,15.730000000000004
451,125,15.090000000000003
451,126,16.22
451,127,16.730000000000004
451,128,18.28
451,129,18.819999999999993
451,130,19.569999999999993
451,131,19.139999999999986
451,132,19.189999999999998
451,133,24.360000000000014
451,134,21.24000000000001
451,135,23.379999999999995
451,136,22.919999999999987
451,137,24.870000000000005
451,138,24.75999999999999
451,139,25.389999999999986
451,140,27.22999999999999
451,141,28.72999999999999
451,142,25.680000000000007
451,143,28.689999999999998
451,144,29.5
451,145,28.310000000000002
451,146,30.039999999999992
451,147,31.900000000000006
451,148,30.930000000000007
451,149,32.99000000000001
451,150,34.44999999999999
451,151,31.49000000000001
451,152,35.44
451,153,35.66999999999999
451,154,34.83000000000001
451,155,36.43000000000001
451,156,37.00999999999999
451,157,36.68000000000001
451,158,38.599999999999994
451,159,39.620000000000005
451,160,38.97999999999999
451,161,39.879999999999995
451,162,39.06999999999999
451,163,42.41
451,164,42.389999999999986
451,165,41.389999999999986
451,166,42.349999999999994
451,167,42.860000000000014
451,168,40.74000000000001
451,169,43.31999999999999
451,170,42.77000000000001
451,171,44.31999999999999
451,172,44.81999999999999
451,173,45.72999999999999
451,174,45.72
451,175,48.71000000000001
451,176,47.34
451,177,48.849999999999994
451,178,49.25
451,179,47.22999999999999
451,180,48.379999999999995
452,1,80.56
452,2,101.03999999999999
452,3,97.72999999999999
452,4,94.52000000000001
452,5,88.36000000000001
452,6,83.4
452,7,77.72
452,8,70.30000000000001
452,9,65.87
452,10,61.05000000000001
452,11,55.03999999999999
452,12,50.22
452,13,44.379999999999995
452,14,39.09
452,15,33.56999999999999
452,16,30
452,17,25.49000000000001
452,18,20.80000000000001
452,19,15.469999999999999
452,20,10.61
452,21,6.739999999999995
452,22,3.8700000000000045
452,23,1.2199999999999989
452,24,6.140000000000001
452,25,10.519999999999996
452,26,14.349999999999994
452,27,17.370000000000005
452,28,21.769999999999996
452,29,25.75
452,30,29.519999999999996
452,31,34.980000000000004
452,32,36.11
452,33,39.379999999999995
452,34,42.16
452,35,45.56
452,36,49.68
452,37,54.32
452,38,56.3
452,39,60.06
452,40,60.04
452,41,66.15
452,42,66.85
452,43,70.45
452,44,71.06
452,45,75.84
452,46,77.32
452,47,79.08
452,48,79.49
452,49,80.74
452,50,81.63
452,51,81.03999999999999
452,52,79.66
452,53,79.47
452,54,77.39
452,55,76.34
452,56,74.96000000000001
452,57,72.91
452,58,72
452,59,70.39
452,60,69.06
452,61,66.88
452,62,63.8
452,63,62.82
452,64,61.14
452,65,59.86
452,66,58.12
452,67,55.54
452,68,54.62
452,69,53.22
452,70,51.42
452,71,49.44
452,72,47.83
452,73,45.620000000000005
452,74,43.75
452,75,42.42
452,76,40.53
452,77,38.489999999999995
452,78,38.67
452,79,36.28
452,80,35.540000000000006
452,81,34.43000000000001
452,82,33.010000000000005
452,83,30.989999999999995
452,84,28.5
452,85,28.230000000000004
452,86,25.989999999999995
452,87,25.78
452,88,24.019999999999996
452,89,21.909999999999997
452,90,20.83
452,91,19.549999999999997
452,92,19.22
452,93,16.28
452,94,16.150000000000006
452,95,13.25
452,96,12.650000000000006
452,97,12.549999999999997
452,98,9.920000000000002
452,99,10.239999999999995
452,100,7.980000000000004
452,101,8.230000000000004
452,102,7.079999999999998
452,103,4.989999999999995
452,104,2.719999999999999
452,105,2.6500000000000057
452,106,0.8100000000000023
452,107,1.8199999999999932
452,108,1.3799999999999955
452,109,1.8299999999999983
452,110,2.489999999999995
452,111,3.0400000000000063
452,112,4.900000000000006
452,113,5.420000000000002
452,114,6.060000000000002
452,115,8.280000000000001
452,116,8.219999999999999
452,117,7.700000000000003
452,118,10.920000000000002
452,119,11.480000000000004
452,120,11.519999999999996
452,121,12.060000000000002
452,122,13.409999999999997
452,123,14.239999999999995
452,124,14.730000000000004
452,125,13.879999999999995
452,126,16.17
452,127,17.340000000000003
452,128,19.639999999999986
452,129,19.819999999999993
452,130,22.389999999999986
452,131,20.47
452,132,20.379999999999995
452,133,20.919999999999987
452,134,23.74000000000001
452,135,21.610000000000014
452,136,24.05000000000001
452,137,26.110000000000014
452,138,25.49000000000001
452,139,26.319999999999993
452,140,28.590000000000003
452,141,26.789999999999992
452,142,27.789999999999992
452,143,29.27000000000001
452,144,31.159999999999997
452,145,30.69999999999999
452,146,32.22
452,147,32.860000000000014
452,148,33.31
452,149,34.879999999999995
452,150,34.22999999999999
452,151,34.78
452,152,36.06999999999999
452,153,35.52000000000001
452,154,36.44999999999999
452,155,36.72999999999999
452,156,37.81
452,157,39.91
452,158,38.28999999999999
452,159,40.31999999999999
452,160,40.19999999999999
452,161,42
452,162,42.31
452,163,40.900000000000006
452,164,43.31999999999999
452,165,44.75
452,166,44.16999999999999
452,167,44.71000000000001
452,168,43.22
452,169,43.81
452,170,44.139999999999986
452,171,46.620000000000005
452,172,44.33000000000001
452,173,48.599999999999994
452,174,46.860000000000014
452,175,47.91999999999999
452,176,49.56
452,177,49.69999999999999
452,178,48.30000000000001
452,179,50.28
452,180,51.56999999999999
453,1,85.09
453,2,105.44999999999999
453,3,102.06
453,4,97.31
453,5,92.69999999999999
453,6,85.68
453,7,81.38999999999999
453,8,74.93
453,9,70.31
453,10,63.28
453,11,57.879999999999995
453,12,52.27000000000001
453,13,47.389999999999986
453,14,42.120000000000005
453,15,38.41
453,16,33.78
453,17,28.840000000000003
453,18,23.080000000000013
453,19,18.75999999999999
453,20,13.790000000000006
453,21,8.939999999999998
453,22,5.150000000000006
453,23,0.06999999999999318
453,24,3.6700000000000017
453,25,7.299999999999997
453,26,11.730000000000004
453,27,14.489999999999995
453,28,17.950000000000003
453,29,21.909999999999997
453,30,25.86
453,31,29.28
453,32,32.75
453,33,36.43000000000001
453,34,40.239999999999995
453,35,44.34
453,36,47.02
453,37,49.5
453,38,51.72
453,39,55.85
453,40,58.67
453,41,62.58
453,42,62.99
453,43,66.46000000000001
453,44,68.22999999999999
453,45,72.45
453,46,74.97999999999999
453,47,76.97999999999999
453,48,78.64
453,49,77.95
453,50,78.84
453,51,78.82
453,52,78.81
453,53,76.58
453,54,76.14
453,55,75.61
453,56,74.03999999999999
453,57,73.52000000000001
453,58,71.14
453,59,68.45
453,60,66.89
453,61,65
453,62,62.82
453,63,62.45
453,64,59.72
453,65,57.69
453,66,55.14
453,67,55.38
453,68,53.41
453,69,50.74
453,70,50.5
453,71,47.92
453,72,44.75
453,73,45.45
453,74,43.989999999999995
453,75,41.39
453,76,39.59
453,77,36.86
453,78,35.43000000000001
453,79,35.11
453,80,33.56999999999999
453,81,31.010000000000005
453,82,30.709999999999994
453,83,29.269999999999996
453,84,26.840000000000003
453,85,25.400000000000006
453,86,24.819999999999993
453,87,22.700000000000003
453,88,22
453,89,22.560000000000002
453,90,19.939999999999998
453,91,20.120000000000005
453,92,17.03
453,93,14.280000000000001
453,94,15.129999999999995
453,95,11.439999999999998
453,96,12.819999999999993
453,97,10.659999999999997
453,98,9.409999999999997
453,99,8.409999999999997
453,100,6.290000000000006
453,101,6.900000000000006
453,102,5.560000000000002
453,103,2.1099999999999994
453,104,3.219999999999999
453,105,3.530000000000001
453,106,0.28000000000000114
453,107,1.3900000000000006
453,108,3.1400000000000006
453,109,2.700000000000003
453,110,5.060000000000002
453,111,3.3900000000000006
453,112,5.150000000000006
453,113,5.819999999999993
453,114,7.3799999999999955
453,115,8.659999999999997
453,116,10.89
453,117,10.670000000000002
453,118,11.519999999999996
453,119,12.11
453,120,12.959999999999994
453,121,14.189999999999998
453,122,15.060000000000002
453,123,15.75
453,124,17.819999999999993
453,125,18.75
453,126,18.810000000000002
453,127,18.159999999999997
453,128,20.889999999999986
453,129,19.409999999999997
453,130,22.560000000000002
453,131,20.74000000000001
453,132,22.120000000000005
453,133,24.47
453,134,25
453,135,25.349999999999994
453,136,25.419999999999987
453,137,24.94999999999999
453,138,26.539999999999992
453,139,28.22999999999999
453,140,30.099999999999994
453,141,28.310000000000002
453,142,29.810000000000002
453,143,29.580000000000013
453,144,30.810000000000002
453,145,32.860000000000014
453,146,32.849999999999994
453,147,33.379999999999995
453,148,33.28
453,149,33.21000000000001
453,150,33
453,151,36.78999999999999
453,152,36.83000000000001
453,153,36.370000000000005
453,154,37.849999999999994
453,155,39.72999999999999
453,156,37.610000000000014
453,157,37.52000000000001
453,158,40.349999999999994
453,159,40.879999999999995
453,160,41.75999999999999
453,161,39.50999999999999
453,162,41.53999999999999
453,163,43.47
453,164,42.129999999999995
453,165,43.379999999999995
453,166,43.879999999999995
453,167,43.93000000000001
453,168,46.41999999999999
453,169,44.49000000000001
453,170,45.860000000000014
453,171,46.139999999999986
453,172,45.77000000000001
453,173,47.94
453,174,47
453,175,49.91999999999999
453,176,50.84
453,177,49.00999999999999
453,178,51.24000000000001
453,179,50.27000000000001
453,180,50.96000000000001
454,1,88.38
454,2,106.84
454,3,104.75
454,4,100.86000000000001
454,5,96.50999999999999
454,6,88.69999999999999
454,7,82.63
454,8,77.87
454,9,72.44999999999999
454,10,66.43
454,11,60.97
454,12,56.08000000000001
454,13,50.56999999999999
454,14,44.41999999999999
454,15,42.53
454,16,35.56
454,17,30.19999999999999
454,18,26.210000000000008
454,19,20.53
454,20,17.78
454,21,12.780000000000001
454,22,8.239999999999995
454,23,4.409999999999997
454,24,0.4000000000000057
454,25,3.430000000000007
454,26,8.049999999999997
454,27,11.590000000000003
454,28,16.370000000000005
454,29,19.47
454,30,22.909999999999997
454,31,24.909999999999997
454,32,32.150000000000006
454,33,32.68000000000001
454,34,34.89
454,35,40.17
454,36,44.980000000000004
454,37,49.14
454,38,50.32
454,39,52.31
454,40,56.66
454,41,58.87
454,42,60.64
454,43,64.92
454,44,65.72
454,45,70.39
454,46,71.53
454,47,72.97
454,48,74.25999999999999
454,49,77.56
454,50,76.38
454,51,77.34
454,52,76.95
454,53,76.03
454,54,74.63
454,55,73.93
454,56,71.72
454,57,69.78999999999999
454,58,69.36
454,59,68.36
454,60,64.66
454,61,63.04
454,62,61.12
454,63,60.46
454,64,58.3
454,65,56.96
454,66,56.8
454,67,52.39
454,68,50.99
454,69,51.18
454,70,48.73
454,71,46.07
454,72,45.099999999999994
454,73,41.84
454,74,40.959999999999994
454,75,39.239999999999995
454,76,38.67
454,77,36.370000000000005
454,78,34.980000000000004
454,79,35.53
454,80,31.819999999999993
454,81,29.760000000000005
454,82,28.840000000000003
454,83,28.5
454,84,27.370000000000005
454,85,24.39
454,86,24.439999999999998
454,87,22.819999999999993
454,88,19.549999999999997
454,89,20.5
454,90,17.400000000000006
454,91,17.42
454,92,13.670000000000002
454,93,13.920000000000002
454,94,13.730000000000004
454,95,12.049999999999997
454,96,10.180000000000007
454,97,8.959999999999994
454,98,7.8799999999999955
454,99,6.6200000000000045
454,100,6
454,101,6.689999999999998
454,102,3.8799999999999955
454,103,2.719999999999999
454,104,0.4399999999999977
454,105,0.7900000000000063
454,106,0.12000000000000455
454,107,2.0799999999999983
454,108,2.980000000000004
454,109,4.689999999999998
454,110,4.3799999999999955
454,111,4.689999999999998
454,112,8.200000000000003
454,113,7.060000000000002
454,114,10.280000000000001
454,115,10.120000000000005
454,116,10.269999999999996
454,117,12.489999999999995
454,118,12.430000000000007
454,119,13.959999999999994
454,120,12.519999999999996
454,121,16.409999999999997
454,122,18.319999999999993
454,123,15.75
454,124,16.650000000000006
454,125,18.25
454,126,19.78
454,127,20.460000000000008
454,128,21.169999999999987
454,129,22.319999999999993
454,130,23.129999999999995
454,131,24.05000000000001
454,132,24.460000000000008
454,133,24.669999999999987
454,134,25.28
454,135,26.19999999999999
454,136,26.129999999999995
454,137,28.27000000000001
454,138,29.659999999999997
454,139,30.370000000000005
454,140,29.650000000000006
454,141,30.150000000000006
454,142,31.289999999999992
454,143,33.21000000000001
454,144,34.129999999999995
454,145,32.879999999999995
454,146,35.78
454,147,34.41999999999999
454,148,34.22999999999999
454,149,35.91999999999999
454,150,35.77000000000001
454,151,37.81999999999999
454,152,38.610000000000014
454,153,39.08000000000001
454,154,38.49000000000001
454,155,39.24000000000001
454,156,41.22999999999999
454,157,40.49000000000001
454,158,40.22
454,159,43.25999999999999
454,160,41.81
454,161,43.59
454,162,41.84
454,163,44.44999999999999
454,164,44.31999999999999
454,165,44.55000000000001
454,166,44.379999999999995
454,167,46.03999999999999
454,168,44.56
454,169,47.129999999999995
454,170,47.120000000000005
454,171,46.860000000000014
454,172,48.47999999999999
454,173,51.28
454,174,49.31
454,175,49.75999999999999
454,176,50.25
454,177,51.33000000000001
454,178,52.74000000000001
454,179,49.44999999999999
454,180,51.110000000000014
455,1,91.47999999999999
455,2,110.91
455,3,108.88
455,4,104.43
455,5,97.43
455,6,93.12
455,7,86.62
455,8,81.37
455,9,75.47
455,10,70.19
455,11,63.03
455,12,58.71000000000001
455,13,53.94999999999999
455,14,49.650000000000006
455,15,43.72
455,16,39.03
455,17,34.68000000000001
455,18,30.25999999999999
455,19,25.52000000000001
455,20,19.77000000000001
455,21,15.379999999999995
455,22,11.019999999999996
455,23,8.290000000000006
455,24,2.8299999999999983
455,25,1.75
455,26,4.840000000000003
455,27,8.670000000000002
455,28,12.459999999999994
455,29,17.39
455,30,20.209999999999994
455,31,22.730000000000004
455,32,27.769999999999996
455,33,29.97
455,34,34.2
455,35,36.86
455,36,40.019999999999996
455,37,43.97
455,38,46.47
455,39,49.77
455,40,52.17
455,41,55.32
455,42,59.62
455,43,62.07
455,44,63.71
455,45,63.95
455,46,67.75999999999999
455,47,69.69
455,48,70.15
455,49,72.62
455,50,74.66
455,51,74.38
455,52,75.39
455,53,73.49000000000001
455,54,74.05
455,55,71.25999999999999
455,56,70.87
455,57,69.03999999999999
455,58,68.59
455,59,65.83
455,60,64.75999999999999
455,61,61.27
455,62,61.41
455,63,58.81
455,64,56.7
455,65,54.74
455,66,53.92
455,67,52.49
455,68,49.3
455,69,48.02
455,70,46.55
455,71,45.81
455,72,43.28
455,73,40.129999999999995
455,74,40.39
455,75,38.56
455,76,37.41
455,77,36.09
455,78,33.18000000000001
455,79,30.58
455,80,31.930000000000007
455,81,29.36
455,82,27.790000000000006
455,83,27.64
455,84,25.060000000000002
455,85,24.42
455,86,22.260000000000005
455,87,21.5
455,88,19.040000000000006
455,89,17.680000000000007
455,90,17.260000000000005
455,91,14.709999999999994
455,92,14.930000000000007
455,93,13.670000000000002
455,94,11.939999999999998
455,95,11.239999999999995
455,96,8.469999999999999
455,97,8.900000000000006
455,98,5.480000000000004
455,99,4.599999999999994
455,100,5.609999999999999
455,101,4.140000000000001
455,102,1.3700000000000045
455,103,1.730000000000004
455,104,0.9599999999999937
455,105,1.2999999999999972
455,106,2.4399999999999977
455,107,3.0799999999999983
455,108,4.260000000000005
455,109,5.230000000000004
455,110,7.450000000000003
455,111,7.969999999999999
455,112,6.439999999999998
455,113,10.769999999999996
455,114,11.459999999999994
455,115,10.829999999999998
455,116,9.950000000000003
455,117,13.480000000000004
455,118,13.540000000000006
455,119,16.64
455,120,15.950000000000003
455,121,18.060000000000002
455,122,18.819999999999993
455,123,19.349999999999994
455,124,19.409999999999997
455,125,20.659999999999997
455,126,22.03
455,127,21.24000000000001
455,128,22.080000000000013
455,129,23.97999999999999
455,130,26.060000000000002
455,131,23.680000000000007
455,132,25.060000000000002
455,133,25.72999999999999
455,134,26.120000000000005
455,135,27.099999999999994
455,136,26.560000000000002
455,137,28.360000000000014
455,138,29.849999999999994
455,139,30.110000000000014
455,140,29.97
455,141,31.55000000000001
455,142,33.72999999999999
455,143,33.110000000000014
455,144,33.41
455,145,34.83000000000001
455,146,33.97999999999999
455,147,35.94
455,148,34.860000000000014
455,149,38.72999999999999
455,150,37.00999999999999
455,151,37.639999999999986
455,152,39.620000000000005
455,153,40.69999999999999
455,154,40.78
455,155,38.639999999999986
455,156,39.78
455,157,41.94
455,158,42.43000000000001
455,159,42.629999999999995
455,160,43.84
455,161,45.00999999999999
455,162,46.22999999999999
455,163,45.16
455,164,44.71000000000001
455,165,46.33000000000001
455,166,45.370000000000005
455,167,48.08000000000001
455,168,48.16999999999999
455,169,46.53
455,170,49.28
455,171,48.52000000000001
455,172,49.78999999999999
455,173,50.120000000000005
455,174,50.099999999999994
455,175,51.08000000000001
455,176,49.849999999999994
455,177,51.96000000000001
455,178,52.360000000000014
455,179,52.53
455,180,53.139999999999986
456,1,96.66999999999999
456,2,115.30000000000001
456,3,112.18
456,4,106.41999999999999
456,5,100.85
456,6,96
456,7,89.81
456,8,85.1
456,9,78.81
456,10,71.44999999999999
456,11,67.75
456,12,60.889999999999986
456,13,56.81999999999999
456,14,53.03
456,15,48.639999999999986
456,16,41.099999999999994
456,17,37.360000000000014
456,18,31.78
456,19,27.879999999999995
456,20,22.909999999999997
456,21,18.080000000000013
456,22,15.379999999999995
456,23,9.909999999999997
456,24,5
456,25,2.5600000000000023
456,26,2.469999999999999
456,27,4.3799999999999955
456,28,9.579999999999998
456,29,12.14
456,30,18.209999999999994
456,31,20.78
456,32,23.319999999999993
456,33,27.83
456,34,29.989999999999995
456,35,34.95
456,36,36.03
456,37,40.44
456,38,42.370000000000005
456,39,46.63
456,40,50
456,41,50.39
456,42,55.84
456,43,58.35
456,44,59.08
456,45,62.86
456,46,65.12
456,47,66.75
456,48,70.89
456,49,70.12
456,50,71.71000000000001
456,51,72.21000000000001
456,52,71.44
456,53,71.14
456,54,70.36
456,55,70.94
456,56,68.93
456,57,68.05
456,58,65.92
456,59,64.93
456,60,62.6
456,61,60.53
456,62,58.28
456,63,56.61
456,64,54.45
456,65,52.88
456,66,52.49
456,67,50.06
456,68,49.17
456,69,46.49
456,70,44.84
456,71,42.099999999999994
456,72,41.66
456,73,40.620000000000005
456,74,39.260000000000005
456,75,36.86
456,76,34.05
456,77,33.18000000000001
456,78,32.31
456,79,29.680000000000007
456,80,28.209999999999994
456,81,27.83
456,82,25.989999999999995
456,83,26.239999999999995
456,84,23.230000000000004
456,85,21.930000000000007
456,86,18.72
456,87,19.319999999999993
456,88,18.560000000000002
456,89,16.010000000000005
456,90,14.719999999999999
456,91,13.799999999999997
456,92,13.260000000000005
456,93,10.840000000000003
456,94,11.430000000000007
456,95,8.269999999999996
456,96,8.400000000000006
456,97,6.25
456,98,4.689999999999998
456,99,4.489999999999995
456,100,3.8499999999999943
456,101,2.519999999999996
456,102,1.8499999999999943
456,103,1.7999999999999972
456,104,2.0900000000000034
456,105,5.010000000000005
456,106,2.510000000000005
456,107,5.299999999999997
456,108,5.579999999999998
456,109,7.109999999999999
456,110,7.109999999999999
456,111,8.709999999999994
456,112,11.549999999999997
456,113,10.700000000000003
456,114,11.950000000000003
456,115,12.950000000000003
456,116,14.170000000000002
456,117,14.079999999999998
456,118,16.870000000000005
456,119,17.480000000000004
456,120,18.80000000000001
456,121,17.290000000000006
456,122,17.150000000000006
456,123,18.75
456,124,20.650000000000006
456,125,19.849999999999994
456,126,21.840000000000003
456,127,22.77000000000001
456,128,24.97999999999999
456,129,24.44999999999999
456,130,24.840000000000003
456,131,24.99000000000001
456,132,26.379999999999995
456,133,26.94999999999999
456,134,27.939999999999998
456,135,28.669999999999987
456,136,29.97999999999999
456,137,29.560000000000002
456,138,31.139999999999986
456,139,31.789999999999992
456,140,33.16999999999999
456,141,32.05000000000001
456,142,35.03
456,143,35.18000000000001
456,144,34.639999999999986
456,145,34.25999999999999
456,146,34.44999999999999
456,147,38.53999999999999
456,148,37.900000000000006
456,149,39.93000000000001
456,150,37.22999999999999
456,151,39.68000000000001
456,152,39.360000000000014
456,153,39.849999999999994
456,154,38.860000000000014
456,155,44.120000000000005
456,156,43.21000000000001
456,157,41.49000000000001
456,158,43.78
456,159,44.22999999999999
456,160,45.08000000000001
456,161,45.33000000000001
456,162,45.49000000000001
456,163,46.25999999999999
456,164,48.06999999999999
456,165,47.91
456,166,47.83000000000001
456,167,48.78999999999999
456,168,47.19999999999999
456,169,47.50999999999999
456,170,49.02000000000001
456,171,50.22
456,172,49.629999999999995
456,173,51.22999999999999
456,174,52.06999999999999
456,175,52.66
456,176,51.02000000000001
456,177,52.27000000000001
456,178,52.860000000000014
456,179,54.58000000000001
456,180,55.370000000000005
457,1,98.69999999999999
457,2,116.41
457,3,114.12
457,4,109.19999999999999
457,5,104.21000000000001
457,6,97.50999999999999
457,7,92.82
457,8,87.53999999999999
457,9,80.94
457,10,76.13999999999999
457,11,69.96000000000001
457,12,64.94
457,13,60.53
457,14,54.620000000000005
457,15,49.639999999999986
457,16,45.22999999999999
457,17,39.24000000000001
457,18,35.68000000000001
457,19,29.99000000000001
457,20,25.75999999999999
457,21,22.610000000000014
457,22,18.00999999999999
457,23,13.840000000000003
457,24,8.879999999999995
457,25,5.1200000000000045
457,26,2.030000000000001
457,27,1.7399999999999949
457,28,7.090000000000003
457,29,10.560000000000002
457,30,14.030000000000001
457,31,15.459999999999994
457,32,20.120000000000005
457,33,24.36
457,34,27.989999999999995
457,35,32
457,36,34.44
457,37,38.599999999999994
457,38,41.260000000000005
457,39,44
457,40,46.06
457,41,50.67
457,42,51.59
457,43,53.53
457,44,56.26
457,45,59.17
457,46,62.58
457,47,64.62
457,48,66.03
457,49,68.55
457,50,68.32
457,51,70.88
457,52,69.97
457,53,70.62
457,54,69.5
457,55,68.55
457,56,67.69
457,57,66.69
457,58,65.05
457,59,62.43
457,60,60.78
457,61,59.13
457,62,58.42
457,63,56.29
457,64,54.38
457,65,52.53
457,66,51.51
457,67,49.16
457,68,46.18
457,69,46.85
457,70,43.03
457,71,39.39
457,72,39.56
457,73,37.989999999999995
457,74,35.55
457,75,35.019999999999996
457,76,33.849999999999994
457,77,30.92
457,78,30.519999999999996
457,79,28.379999999999995
457,80,26.53
457,81,24.75
457,82,24.959999999999994
457,83,24.120000000000005
457,84,21.700000000000003
457,85,19.239999999999995
457,86,20.049999999999997
457,87,18.180000000000007
457,88,15.280000000000001
457,89,14.510000000000005
457,90,13.86
457,91,10.280000000000001
457,92,11.719999999999999
457,93,9.370000000000005
457,94,5.590000000000003
457,95,7.25
457,96,5.849999999999994
457,97,5.400000000000006
457,98,2.9200000000000017
457,99,2.8700000000000045
457,100,1.2999999999999972
457,101,0.060000000000002274
457,102,1.2800000000000011
457,103,2.239999999999995
457,104,2.3900000000000006
457,105,3.799999999999997
457,106,6.099999999999994
457,107,6.180000000000007
457,108,6.349999999999994
457,109,7.459999999999994
457,110,10.459999999999994
457,111,9.950000000000003
457,112,12.049999999999997
457,113,10.760000000000005
457,114,12.239999999999995
457,115,13.560000000000002
457,116,13.700000000000003
457,117,17.099999999999994
457,118,17.069999999999993
457,119,18.03
457,120,17.480000000000004
457,121,19.669999999999987
457,122,17.930000000000007
457,123,20.889999999999986
457,124,21.849999999999994
457,125,21.939999999999998
457,126,23.900000000000006
457,127,23.5
457,128,26.74000000000001
457,129,26.00999999999999
457,130,26.72
457,131,27.30000000000001
457,132,28.129999999999995
457,133,28.400000000000006
457,134,28.810000000000002
457,135,29.75
457,136,30.900000000000006
457,137,31.960000000000008
457,138,33.21000000000001
457,139,31.689999999999998
457,140,31.370000000000005
457,141,35.09
457,142,34.08000000000001
457,143,36.349999999999994
457,144,35
457,145,36.44999999999999
457,146,39.02000000000001
457,147,38.639999999999986
457,148,37.34
457,149,39.59
457,150,40.05000000000001
457,151,43.50999999999999
457,152,39.25
457,153,41.05000000000001
457,154,42.05000000000001
457,155,42.94
457,156,44.69999999999999
457,157,43.389999999999986
457,158,45.05000000000001
457,159,43.06999999999999
457,160,47.06
457,161,46.77000000000001
457,162,45.19
457,163,48.66999999999999
457,164,46.41
457,165,48.360000000000014
457,166,47.47
457,167,49.400000000000006
457,168,51.349999999999994
457,169,48.69999999999999
457,170,49.889999999999986
457,171,50.31
457,172,53.860000000000014
457,173,52.610000000000014
457,174,53.02000000000001
457,175,53.78999999999999
457,176,53.18000000000001
457,177,54.49000000000001
457,178,54.870000000000005
457,179,52.99000000000001
457,180,54.59
458,1,102.27000000000001
458,2,120.41
458,3,118.75
458,4,113.28999999999999
458,5,107.77000000000001
458,6,102.62
458,7,96.22999999999999
458,8,90.18
458,9,84.08000000000001
458,10,77.96000000000001
458,11,73.78999999999999
458,12,67.75999999999999
458,13,63.55000000000001
458,14,58.47
458,15,53.66999999999999
458,16,48.93000000000001
458,17,43.05000000000001
458,18,39.16
458,19,34.150000000000006
458,20,30.389999999999986
458,21,24.569999999999993
458,22,21.25
458,23,16.709999999999994
458,24,13.120000000000005
458,25,7.159999999999997
458,26,5.219999999999999
458,27,0.37999999999999545
458,28,2.3700000000000045
458,29,6.519999999999996
458,30,9.790000000000006
458,31,14.930000000000007
458,32,17.89
458,33,21.799999999999997
458,34,24.379999999999995
458,35,28.39
458,36,32.06
458,37,33.81999999999999
458,38,37.730000000000004
458,39,39.519999999999996
458,40,44.81
458,41,45.91
458,42,47.9
458,43,50.57
458,44,52.66
458,45,56.53
458,46,60.1
458,47,60.61
458,48,62.75
458,49,64.15
458,50,65.6
458,51,67.22
458,52,68.46000000000001
458,53,68.17
458,54,67.85
458,55,66.72
458,56,65.97999999999999
458,57,64.27000000000001
458,58,62.98
458,59,62.19
458,60,58.99
458,61,57.99
458,62,55.83
458,63,53.89
458,64,52.29
458,65,50.52
458,66,48.52
458,67,46.94
458,68,45.03
458,69,42.86
458,70,42.489999999999995
458,71,38.709999999999994
458,72,39.290000000000006
458,73,37.459999999999994
458,74,35.629999999999995
458,75,32.739999999999995
458,76,31.86
458,77,29.480000000000004
458,78,29.5
458,79,27.560000000000002
458,80,25.129999999999995
458,81,23.03
458,82,23.540000000000006
458,83,21.040000000000006
458,84,19.480000000000004
458,85,17.36
458,86,16.730000000000004
458,87,15.950000000000003
458,88,12.579999999999998
458,89,12.969999999999999
458,90,11.670000000000002
458,91,11.319999999999993
458,92,10.310000000000002
458,93,7.560000000000002
458,94,8.530000000000001
458,95,5.200000000000003
458,96,4.349999999999994
458,97,1.4699999999999989
458,98,1.4300000000000068
458,99,1.2199999999999989
458,100,1.0499999999999972
458,101,1.7800000000000011
458,102,2.730000000000004
458,103,4.260000000000005
458,104,4.540000000000006
458,105,4.439999999999998
458,106,7.599999999999994
458,107,7.290000000000006
458,108,6.670000000000002
458,109,9.719999999999999
458,110,8.790000000000006
458,111,12.11
458,112,13.069999999999993
458,113,13.180000000000007
458,114,15.25
458,115,13.739999999999995
458,116,13.439999999999998
458,117,16.340000000000003
458,118,18.620000000000005
458,119,19.539999999999992
458,120,20.120000000000005
458,121,18.97999999999999
458,122,20.349999999999994
458,123,23.460000000000008
458,124,24.22999999999999
458,125,23.55000000000001
458,126,24.819999999999993
458,127,26.409999999999997
458,128,26.94999999999999
458,129,26.430000000000007
458,130,27.05000000000001
458,131,29.840000000000003
458,132,32.120000000000005
458,133,30.349999999999994
458,134,29.310000000000002
458,135,31.75999999999999
458,136,32.599999999999994
458,137,33.91
458,138,33.91999999999999
458,139,35.400000000000006
458,140,35.56999999999999
458,141,35.02000000000001
458,142,36.71000000000001
458,143,36.650000000000006
458,144,35.55000000000001
458,145,36.78999999999999
458,146,38.94999999999999
458,147,38.68000000000001
458,148,39.50999999999999
458,149,39.94999999999999
458,150,43.69
458,151,40.97999999999999
458,152,43.75
458,153,41.30000000000001
458,154,41.110000000000014
458,155,42.83000000000001
458,156,44.96000000000001
458,157,46.50999999999999
458,158,44.150000000000006
458,159,45.21000000000001
458,160,46.33000000000001
458,161,47.900000000000006
458,162,48.16999999999999
458,163,48.28999999999999
458,164,48.56
458,165,50.610000000000014
458,166,50.629999999999995
458,167,49.43000000000001
458,168,50.28999999999999
458,169,52.34
458,170,51.75999999999999
458,171,50.31999999999999
458,172,51.72
458,173,52.96000000000001
458,174,54.22999999999999
458,175,53.150000000000006
458,176,54.09
458,177,55.21000000000001
458,178,54.56
458,179,55.83000000000001
458,180,55.53
459,1,102.68
459,2,122.30000000000001
459,3,118.68
459,4,115.44999999999999
459,5,109.88999999999999
459,6,104.97999999999999
459,7,98.69
459,8,93.97
459,9,87.84
459,10,83.28999999999999
459,11,77.41
459,12,70.78
459,13,66.16999999999999
459,14,61.72
459,15,55.68000000000001
459,16,51.34
459,17,45.879999999999995
459,18,43.52000000000001
459,19,37.889999999999986
459,20,31.409999999999997
459,21,28.539999999999992
459,22,23.53
459,23,19.139999999999986
459,24,17.019999999999996
459,25,11.849999999999994
459,26,7.829999999999998
459,27,4.590000000000003
459,28,0.6500000000000057
459,29,6.209999999999994
459,30,5.939999999999998
459,31,11.739999999999995
459,32,14.650000000000006
459,33,19.409999999999997
459,34,22.200000000000003
459,35,23.760000000000005
459,36,26.17
459,37,32.239999999999995
459,38,33.980000000000004
459,39,36.28
459,40,41.33
459,41,43.620000000000005
459,42,47.26
459,43,49.97
459,44,49.99
459,45,53.2
459,46,55.41
459,47,58.42
459,48,61.55
459,49,60.96
459,50,64.8
459,51,64.34
459,52,66.61
459,53,65.22
459,54,64.86
459,55,64.52000000000001
459,56,64.92
459,57,63.24
459,58,60.28
459,59,59.19
459,60,59.08
459,61,56.89
459,62,54.06
459,63,51.87
459,64,50.27
459,65,48.43
459,66,47.03
459,67,45.34
459,68,43.53
459,69,42.599999999999994
459,70,41.08
459,71,38.33
459,72,38.400000000000006
459,73,34.34
459,74,34.290000000000006
459,75,31.310000000000002
459,76,29.019999999999996
459,77,28.310000000000002
459,78,26.159999999999997
459,79,26.53
459,80,25.040000000000006
459,81,22.319999999999993
459,82,21.370000000000005
459,83,18.620000000000005
459,84,18.319999999999993
459,85,17.86
459,86,15.89
459,87,13.370000000000005
459,88,11.680000000000007
459,89,12.659999999999997
459,90,10.159999999999997
459,91,8.349999999999994
459,92,7.969999999999999
459,93,6.340000000000003
459,94,5.769999999999996
459,95,4.480000000000004
459,96,4.019999999999996
459,97,3.8599999999999994
459,98,0.6299999999999955
459,99,1.5100000000000051
459,100,1.8400000000000034
459,101,2.569999999999993
459,102,4
459,103,4.560000000000002
459,104,4.760000000000005
459,105,7.650000000000006
459,106,7.510000000000005
459,107,10.909999999999997
459,108,11.170000000000002
459,109,10.129999999999995
459,110,12.450000000000003
459,111,14.349999999999994
459,112,13.450000000000003
459,113,13.86
459,114,16.310000000000002
459,115,16.459999999999994
459,116,15.299999999999997
459,117,18.919999999999987
459,118,19.97
459,119,19.409999999999997
459,120,21
459,121,21.22999999999999
459,122,22.689999999999998
459,123,24.110000000000014
459,124,23.810000000000002
459,125,27.069999999999993
459,126,25.30000000000001
459,127,27.539999999999992
459,128,27.819999999999993
459,129,27.02000000000001
459,130,27.460000000000008
459,131,30.370000000000005
459,132,30.680000000000007
459,133,31.25999999999999
459,134,32.19999999999999
459,135,32.370000000000005
459,136,34.610000000000014
459,137,34.620000000000005
459,138,34.53
459,139,35.71000000000001
459,140,35.41
459,141,36.25999999999999
459,142,37.34
459,143,37.97999999999999
459,144,38.650000000000006
459,145,39.58000000000001
459,146,40.46000000000001
459,147,39.91999999999999
459,148,40.96000000000001
459,149,41.72
459,150,42.81
459,151,42.889999999999986
459,152,43.00999999999999
459,153,44.16
459,154,42.77000000000001
459,155,43.91999999999999
459,156,46.16999999999999
459,157,46.66
459,158,47.41
459,159,47.02000000000001
459,160,46.5
459,161,48.49000000000001
459,162,48.16
459,163,47.97999999999999
459,164,47.650000000000006
459,165,50.120000000000005
459,166,51.56
459,167,51.66999999999999
459,168,51.74000000000001
459,169,51.43000000000001
459,170,50.49000000000001
459,171,55.47999999999999
459,172,52.129999999999995
459,173,55.25
459,174,52.66999999999999
459,175,54.610000000000014
459,176,54.84
459,177,55.78
459,178,54.43000000000001
459,179,56.49000000000001
459,180,57.400000000000006
460,1,108.97
460,2,125.19999999999999
460,3,123.28999999999999
460,4,117.93
460,5,113.33000000000001
460,6,107.44
460,7,102.43
460,8,96.6
460,9,89.78
460,10,84.63
460,11,79.27000000000001
460,12,74.59
460,13,70.06
460,14,63.97
460,15,59.50999999999999
460,16,54.81999999999999
460,17,49.55000000000001
460,18,45.889999999999986
460,19,40.94999999999999
460,20,35.44999999999999
460,21,31.900000000000006
460,22,25.580000000000013
460,23,22.120000000000005
460,24,18.669999999999987
460,25,12.829999999999998
460,26,9.790000000000006
460,27,6.950000000000003
460,28,1.8799999999999955
460,29,0.5400000000000063
460,30,3.989999999999995
460,31,8.379999999999995
460,32,12.280000000000001
460,33,15.810000000000002
460,34,16.489999999999995
460,35,20.900000000000006
460,36,24.349999999999994
460,37,29.129999999999995
460,38,32.010000000000005
460,39,33.400000000000006
460,40,39.05
460,41,41.120000000000005
460,42,43.010000000000005
460,43,44.769999999999996
460,44,48.82
460,45,49.4
460,46,52.62
460,47,54.8
460,48,55.79
460,49,57.81
460,50,62.25
460,51,62.78
460,52,64.62
460,53,63.44
460,54,63.14
460,55,62.92
460,56,61.74
460,57,60.68
460,58,59.02
460,59,58.3
460,60,56.92
460,61,54.48
460,62,52.17
460,63,50
460,64,47.99
460,65,46.54
460,66,44.36
460,67,44.209999999999994
460,68,42.39
460,69,41.58
460,70,37.7
460,71,37.629999999999995
460,72,36.47
460,73,32.25
460,74,32.19
460,75,29.310000000000002
460,76,29.120000000000005
460,77,26.22
460,78,25.049999999999997
460,79,24.209999999999994
460,80,21.620000000000005
460,81,22.209999999999994
460,82,19.959999999999994
460,83,18.08
460,84,17.629999999999995
460,85,14.549999999999997
460,86,13.030000000000001
460,87,12.799999999999997
460,88,11.450000000000003
460,89,9.14
460,90,10.200000000000003
460,91,7.739999999999995
460,92,6.299999999999997
460,93,5.290000000000006
460,94,4.790000000000006
460,95,2.239999999999995
460,96,1.5699999999999932
460,97,0.480000000000004
460,98,1.7600000000000051
460,99,3.819999999999993
460,100,3.769999999999996
460,101,4
460,102,6.859999999999999
460,103,7.150000000000006
460,104,6.950000000000003
460,105,8.579999999999998
460,106,9.700000000000003
460,107,10.379999999999995
460,108,11.939999999999998
460,109,13.680000000000007
460,110,13.11
460,111,13.209999999999994
460,112,15.700000000000003
460,113,15.189999999999998
460,114,16.189999999999998
460,115,17.400000000000006
460,116,18.870000000000005
460,117,20.159999999999997
460,118,20.090000000000003
460,119,21.840000000000003
460,120,22.139999999999986
460,121,21.430000000000007
460,122,25.069999999999993
460,123,25.900000000000006
460,124,26.24000000000001
460,125,27.78
460,126,28.680000000000007
460,127,27.460000000000008
460,128,29.55000000000001
460,129,29.650000000000006
460,130,29.210000000000008
460,131,31.97
460,132,32.94
460,133,31.289999999999992
460,134,32.72
460,135,34.47
460,136,36.43000000000001
460,137,37.5
460,138,35.05000000000001
460,139,34.94
460,140,38.78
460,141,38.120000000000005
460,142,37.099999999999994
460,143,37.639999999999986
460,144,40.43000000000001
460,145,40.44
460,146,40.47999999999999
460,147,39.55000000000001
460,148,44.25999999999999
460,149,43.099999999999994
460,150,44.27000000000001
460,151,46.139999999999986
460,152,44.44999999999999
460,153,44.00999999999999
460,154,45.81
460,155,45.650000000000006
460,156,46.18000000000001
460,157,47.19999999999999
460,158,49.91999999999999
460,159,48.25
460,160,48.099999999999994
460,161,50.05000000000001
460,162,50.21000000000001
460,163,48.21000000000001
460,164,49.81999999999999
460,165,49.16999999999999
460,166,51.97
460,167,52.650000000000006
460,168,51.44999999999999
460,169,54.22999999999999
460,170,53.69
460,171,55.53999999999999
460,172,54.02000000000001
460,173,53.80000000000001
460,174,56.02000000000001
460,175,57.78999999999999
460,176,54.25
460,177,57.389999999999986
460,178,57.96000000000001
460,179,57.31999999999999
460,180,57.129999999999995
461,1,113.61000000000001
461,2,128.95
461,3,126.50999999999999
461,4,121.66999999999999
461,5,115.82
461,6,110.41
461,7,105.09
461,8,98.12
461,9,94.09
461,10,88.32
461,11,82.43
461,12,78.47
461,13,72.4
461,14,68.22999999999999
461,15,62.150000000000006
461,16,57.16
461,17,52.5
461,18,47.66
461,19,42.360000000000014
461,20,37.97
461,21,34.650000000000006
461,22,30.389999999999986
461,23,24.74000000000001
461,24,19.909999999999997
461,25,16.060000000000002
461,26,13.629999999999995
461,27,10.090000000000003
461,28,6.6200000000000045
461,29,3.069999999999993
461,30,1.0100000000000051
461,31,4.519999999999996
461,32,8.670000000000002
461,33,12.790000000000006
461,34,14.900000000000006
461,35,17.409999999999997
461,36,21.64
461,37,24.89
461,38,29.019999999999996
461,39,30.819999999999993
461,40,33.739999999999995
461,41,35.67
461,42,40.06
461,43,41.19
461,44,43.58
461,45,47.19
461,46,49.03
461,47,49.71
461,48,54.61
461,49,54.67
461,50,57.77
461,51,58.33
461,52,60.96
461,53,60.9
461,54,59.44
461,55,61.27
461,56,59.85
461,57,58.39
461,58,57.28
461,59,56.2
461,60,53.96
461,61,53.94
461,62,50.62
461,63,49.66
461,64,47.29
461,65,46.72
461,66,45
461,67,41.06
461,68,40.41
461,69,38.25
461,70,36.150000000000006
461,71,35.25
461,72,32.75
461,73,31.86
461,74,30.849999999999994
461,75,28
461,76,27.72
461,77,26.049999999999997
461,78,23.11
461,79,22.430000000000007
461,80,19.200000000000003
461,81,18.47
461,82,19.430000000000007
461,83,15.239999999999995
461,84,15.530000000000001
461,85,15.159999999999997
461,86,11.739999999999995
461,87,11.61
461,88,9.969999999999999
461,89,9.86
461,90,7.989999999999995
461,91,4.75
461,92,5.049999999999997
461,93,2.7099999999999937
461,94,1.519999999999996
461,95,0.480000000000004
461,96,0.4399999999999977
461,97,0.010000000000005116
461,98,2.8599999999999994
461,99,5.340000000000003
461,100,4.549999999999997
461,101,4.25
461,102,6.719999999999999
461,103,9.120000000000005
461,104,9.620000000000005
461,105,11.450000000000003
461,106,10.810000000000002
461,107,12.299999999999997
461,108,11.61
461,109,13.310000000000002
461,110,13.819999999999993
461,111,15.349999999999994
461,112,17.480000000000004
461,113,16.33
461,114,19.580000000000013
461,115,19.120000000000005
461,116,19.689999999999998
461,117,20.97999999999999
461,118,21.639999999999986
461,119,24.27000000000001
461,120,24.189999999999998
461,121,26
461,122,25.870000000000005
461,123,26.840000000000003
461,124,26.909999999999997
461,125,29.25999999999999
461,126,30.330000000000013
461,127,29.930000000000007
461,128,29.319999999999993
461,129,30.400000000000006
461,130,32.55000000000001
461,131,33.389999999999986
461,132,33.650000000000006
461,133,32.870000000000005
461,134,34.33000000000001
461,135,33.75
461,136,36.19
461,137,35.349999999999994
461,138,36.69
461,139,37.52000000000001
461,140,38.349999999999994
461,141,37.19
461,142,39.900000000000006
461,143,38.56
461,144,40.03
461,145,40.97999999999999
461,146,44.72
461,147,43.49000000000001
461,148,43.77000000000001
461,149,43.870000000000005
461,150,43.96000000000001
461,151,45.24000000000001
461,152,45.53999999999999
461,153,46.44999999999999
461,154,45.639999999999986
461,155,48.58000000000001
461,156,47.27000000000001
461,157,46.08000000000001
461,158,48.72999999999999
461,159,50.19999999999999
461,160,50.59
461,161,48.71000000000001
461,162,50.21000000000001
461,163,51.75999999999999
461,164,51.370000000000005
461,165,54.120000000000005
461,166,52.83000000000001
461,167,53.879999999999995
461,168,54.75999999999999
461,169,54.53
461,170,53.72999999999999
461,171,53.53999999999999
461,172,55.360000000000014
461,173,56.44
461,174,57.110000000000014
461,175,58.08000000000001
461,176,58.83000000000001
461,177,55.58000000000001
461,178,59.52000000000001
461,179,57.78
461,180,58.53
462,1,115.22999999999999
462,2,131.55
462,3,128.86
462,4,124.77000000000001
462,5,119.19999999999999
462,6,114.35
462,7,107.85
462,8,101.15
462,9,96.13
462,10,91.4
462,11,84.86000000000001
462,12,80.44999999999999
462,13,75.69999999999999
462,14,71.33000000000001
462,15,64.52000000000001
462,16,61.120000000000005
462,17,56.44
462,18,50.25999999999999
462,19,46.72999999999999
462,20,41.25999999999999
462,21,38.870000000000005
462,22,33.05000000000001
462,23,28.50999999999999
462,24,24.889999999999986
462,25,20.99000000000001
462,26,16.519999999999996
462,27,13.060000000000002
462,28,9.810000000000002
462,29,5.700000000000003
462,30,0.1599999999999966
462,31,0.5999999999999943
462,32,3.6299999999999955
462,33,9.239999999999995
462,34,13.209999999999994
462,35,15.159999999999997
462,36,18.290000000000006
462,37,21.790000000000006
462,38,26.099999999999994
462,39,29.349999999999994
462,40,28.599999999999994
462,41,32.84
462,42,36.42
462,43,40.870000000000005
462,44,40.18000000000001
462,45,43.69
462,46,46.73
462,47,49.21
462,48,49.68
462,49,51.34
462,50,54.79
462,51,57.42
462,52,57.88
462,53,59.25
462,54,58.75
462,55,56.94
462,56,58.6
462,57,56.91
462,58,55.61
462,59,54.53
462,60,52.22
462,61,51.95
462,62,48.98
462,63,48.32
462,64,45.290000000000006
462,65,43.230000000000004
462,66,40.739999999999995
462,67,41.67
462,68,38.06999999999999
462,69,34.730000000000004
462,70,35.620000000000005
462,71,32.239999999999995
462,72,31.989999999999995
462,73,29.930000000000007
462,74,29.819999999999993
462,75,27.069999999999993
462,76,25.290000000000006
462,77,23.53
462,78,22.930000000000007
462,79,21.019999999999996
462,80,18.439999999999998
462,81,17.930000000000007
462,82,16.439999999999998
462,83,12.379999999999995
462,84,13.510000000000005
462,85,13.040000000000006
462,86,11.549999999999997
462,87,10.11
462,88,7.569999999999993
462,89,5.450000000000003
462,90,6.829999999999998
462,91,5.219999999999999
462,92,3.469999999999999
462,93,1.1099999999999994
462,94,1.0900000000000034
462,95,0.6400000000000006
462,96,1.480000000000004
462,97,1.7600000000000051
462,98,4.640000000000001
462,99,6.079999999999998
462,100,6.069999999999993
462,101,7.280000000000001
462,102,9.459999999999994
462,103,10.5
462,104,9.439999999999998
462,105,10.930000000000007
462,106,12.090000000000003
462,107,13.510000000000005
462,108,14.579999999999998
462,109,15.189999999999998
462,110,18.460000000000008
462,111,16.67
462,112,17.849999999999994
462,113,17.599999999999994
462,114,21.03
462,115,19.789999999999992
462,116,22.620000000000005
462,117,23.129999999999995
462,118,21.389999999999986
462,119,23.460000000000008
462,120,22.810000000000002
462,121,26.710000000000008
462,122,26.870000000000005
462,123,27.78
462,124,27.389999999999986
462,125,28.610000000000014
462,126,31.69999999999999
462,127,31.460000000000008
462,128,31.789999999999992
462,129,32.78999999999999
462,130,30.49000000000001
462,131,33.72
462,132,34.900000000000006
462,133,33.44999999999999
462,134,34.41999999999999
462,135,36.80000000000001
462,136,38.599999999999994
462,137,37.25
462,138,37.83000000000001
462,139,39.55000000000001
462,140,39.53
462,141,40.97999999999999
462,142,40.28
462,143,41.91
462,144,43.28999999999999
462,145,42.150000000000006
462,146,42.639999999999986
462,147,44.44
462,148,43.849999999999994
462,149,44.44999999999999
462,150,47.24000000000001
462,151,45.91
462,152,46.139999999999986
462,153,47.09
462,154,46.22999999999999
462,155,47.80000000000001
462,156,50.610000000000014
462,157,47.99000000000001
462,158,50.610000000000014
462,159,52.43000000000001
462,160,52.08000000000001
462,161,50.650000000000006
462,162,51.97999999999999
462,163,50.93000000000001
462,164,53.66999999999999
462,165,53.25
462,166,54.349999999999994
462,167,53.870000000000005
462,168,54.19999999999999
462,169,55.02000000000001
462,170,55.24000000000001
462,171,57.94
462,172,56.69
462,173,57.77000000000001
462,174,57.72999999999999
462,175,59.08000000000001
462,176,59.650000000000006
462,177,59.06
462,178,60.389999999999986
462,179,58.139999999999986
462,180,59.19
463,1,121.85
463,2,137.62
463,3,132.69
463,4,127.6
463,5,121.87
463,6,116.78
463,7,111.41
463,8,105.4
463,9,99.65
463,10,94.25
463,11,88.12
463,12,83.72999999999999
463,13,78.99000000000001
463,14,72.12
463,15,69.49000000000001
463,16,64.52000000000001
463,17,58.610000000000014
463,18,53.55000000000001
463,19,50.120000000000005
463,20,45.129999999999995
463,21,41.69
463,22,36.28
463,23,30.47
463,24,27.120000000000005
463,25,23.860000000000014
463,26,20.47
463,27,14.540000000000006
463,28,11.280000000000001
463,29,9.069999999999993
463,30,4.019999999999996
463,31,2.519999999999996
463,32,2.980000000000004
463,33,5.219999999999999
463,34,9.040000000000006
463,35,12.239999999999995
463,36,15.939999999999998
463,37,17.709999999999994
463,38,21.769999999999996
463,39,25.17
463,40,29.549999999999997
463,41,31.53
463,42,34.730000000000004
463,43,35.84
463,44,40.09
463,45,40.56999999999999
463,46,42.84
463,47,46.83
463,48,48.52
463,49,50.09
463,50,50.86
463,51,54.69
463,52,54.06
463,53,56.23
463,54,57.43
463,55,55.91
463,56,55.6
463,57,55.56
463,58,53.5
463,59,51.84
463,60,50.05
463,61,49.09
463,62,47.72
463,63,45.56999999999999
463,64,43.400000000000006
463,65,41.650000000000006
463,66,38.83
463,67,37.519999999999996
463,68,36.370000000000005
463,69,33.900000000000006
463,70,34.47
463,71,32.22
463,72,29.25
463,73,28.78
463,74,26.310000000000002
463,75,25.129999999999995
463,76,23.97
463,77,22.069999999999993
463,78,20.099999999999994
463,79,20.22
463,80,16.260000000000005
463,81,17.36
463,82,14.099999999999994
463,83,14.810000000000002
463,84,11.590000000000003
463,85,10.400000000000006
463,86,8.219999999999999
463,87,7.819999999999993
463,88,8.819999999999993
463,89,6.709999999999994
463,90,2.819999999999993
463,91,2.450000000000003
463,92,1.4300000000000068
463,93,0.4399999999999977
463,94,1.3400000000000034
463,95,1.6700000000000017
463,96,3.7900000000000063
463,97,4.8799999999999955
463,98,6.640000000000001
463,99,5.8799999999999955
463,100,7.560000000000002
463,101,10.11
463,102,9.780000000000001
463,103,10.590000000000003
463,104,11
463,105,12.769999999999996
463,106,15.11
463,107,13.939999999999998
463,108,14.579999999999998
463,109,17.22
463,110,19.569999999999993
463,111,19.180000000000007
463,112,20.22
463,113,19.849999999999994
463,114,21.900000000000006
463,115,23.150000000000006
463,116,24.53
463,117,24.78
463,118,26.129999999999995
463,119,25.080000000000013
463,120,26.97
463,121,28.5
463,122,29.210000000000008
463,123,26.539999999999992
463,124,29.72999999999999
463,125,29.539999999999992
463,126,30.879999999999995
463,127,31.44999999999999
463,128,32.80000000000001
463,129,34.71000000000001
463,130,35.08000000000001
463,131,33.94
463,132,35.94
463,133,35.360000000000014
463,134,36.47
463,135,38.06999999999999
463,136,38.379999999999995
463,137,38.639999999999986
463,138,39.52000000000001
463,139,42.18000000000001
463,140,41.09
463,141,40.849999999999994
463,142,43.41999999999999
463,143,42.16
463,144,43.25
463,145,43.93000000000001
463,146,44.74000000000001
463,147,45.02000000000001
463,148,46.08000000000001
463,149,45.849999999999994
463,150,46.150000000000006
463,151,47.610000000000014
463,152,48.28999999999999
463,153,49.41
463,154,48.53
463,155,49.22
463,156,50.099999999999994
463,157,50.19999999999999
463,158,51.80000000000001
463,159,51.47
463,160,53.47999999999999
463,161,52.21000000000001
463,162,53.33000000000001
463,163,53.620000000000005
463,164,51.91999999999999
463,165,55.05000000000001
463,166,55.91
463,167,55.349999999999994
463,168,57.25999999999999
463,169,56.81999999999999
463,170,57.72
463,171,58.27000000000001
463,172,57.49000000000001
463,173,56.59
463,174,59.16
463,175,60.03999999999999
463,176,60.28
463,177,61.06999999999999
463,178,58.06999999999999
463,179,62.21000000000001
463,180,59.650000000000006
464,1,123.06
464,2,140.75
464,3,135.79
464,4,130.97
464,5,125.18
464,6,120.41999999999999
464,7,113.86000000000001
464,8,108.13999999999999
464,9,104.05000000000001
464,10,97.24000000000001
464,11,91.82
464,12,86.13999999999999
464,13,82.25999999999999
464,14,75.44999999999999
464,15,71.91
464,16,67.19999999999999
464,17,61.400000000000006
464,18,57.34
464,19,52.849999999999994
464,20,48.08000000000001
464,21,45.25
464,22,38.53
464,23,34.34
464,24,29.310000000000002
464,25,27.379999999999995
464,26,22.189999999999998
464,27,18.129999999999995
464,28,14.950000000000003
464,29,10.430000000000007
464,30,8.349999999999994
464,31,4.5
464,32,1.5499999999999972
464,33,2.950000000000003
464,34,4.430000000000007
464,35,9.049999999999997
464,36,14.170000000000002
464,37,15.870000000000005
464,38,18.42
464,39,21.040000000000006
464,40,25.569999999999993
464,41,28.450000000000003
464,42,31.120000000000005
464,43,32.68000000000001
464,44,35.34
464,45,38.69
464,46,40.33
464,47,42.7
464,48,44.730000000000004
464,49,45.58
464,50,50.2
464,51,52.35
464,52,51.74
464,53,53.74
464,54,53.18
464,55,53.6
464,56,52.81
464,57,52.07
464,58,49.97
464,59,50.16
464,60,48.98
464,61,46.75
464,62,46.01
464,63,45.14
464,64,42.379999999999995
464,65,39.81
464,66,38.650000000000006
464,67,36.120000000000005
464,68,35.599999999999994
464,69,34.230000000000004
464,70,30.840000000000003
464,71,30.650000000000006
464,72,28.870000000000005
464,73,27.290000000000006
464,74,23.840000000000003
464,75,22.819999999999993
464,76,22.42
464,77,21.25
464,78,20.799999999999997
464,79,17.049999999999997
464,80,16
464,81,14.180000000000007
464,82,12.200000000000003
464,83,11.400000000000006
464,84,9.120000000000005
464,85,7.6299999999999955
464,86,7.700000000000003
464,87,4.560000000000002
464,88,3.5400000000000063
464,89,3.5400000000000063
464,90,3.0600000000000023
464,91,1.1299999999999955
464,92,0.29000000000000625
464,93,0.18999999999999773
464,94,1.1599999999999966
464,95,5.069999999999993
464,96,3.8799999999999955
464,97,7.079999999999998
464,98,6.950000000000003
464,99,9.730000000000004
464,100,10.159999999999997
464,101,9.840000000000003
464,102,11.689999999999998
464,103,10.760000000000005
464,104,12.540000000000006
464,105,14.439999999999998
464,106,16.840000000000003
464,107,18.210000000000008
464,108,17.92
464,109,18.580000000000013
464,110,21
464,111,20.419999999999987
464,112,22.639999999999986
464,113,21.669999999999987
464,114,23.689999999999998
464,115,25.210000000000008
464,116,24.710000000000008
464,117,24.860000000000014
464,118,25.25
464,119,27.860000000000014
464,120,28.069999999999993
464,121,27.629999999999995
464,122,29.639999999999986
464,123,30.879999999999995
464,124,30.930000000000007
464,125,31.69999999999999
464,126,32.21000000000001
464,127,32.56
464,128,35.06999999999999
464,129,36
464,130,33.84
464,131,34.99000000000001
464,132,36.06
464,133,37.27000000000001
464,134,38.06
464,135,38.5
464,136,39.900000000000006
464,137,39.16
464,138,39.650000000000006
464,139,43.02000000000001
464,140,42.370000000000005
464,141,42.84
464,142,43.870000000000005
464,143,41.78999999999999
464,144,44.66
464,145,46.120000000000005
464,146,44.58000000000001
464,147,46.68000000000001
464,148,44.19
464,149,47.50999999999999
464,150,49.03
464,151,49.44
464,152,48.120000000000005
464,153,50.68000000000001
464,154,51.97999999999999
464,155,50.96000000000001
464,156,52.56999999999999
464,157,52.00999999999999
464,158,51.56
464,159,52.78
464,160,52.91
464,161,53.18000000000001
464,162,54.96000000000001
464,163,53.19999999999999
464,164,56.33000000000001
464,165,56.120000000000005
464,166,56.59
464,167,56.900000000000006
464,168,57.58000000000001
464,169,57.05000000000001
464,170,59.56
464,171,56.96000000000001
464,172,58.78
464,173,59.25
464,174,58.66
464,175,60.56999999999999
464,176,60.400000000000006
464,177,60.30000000000001
464,178,63.91999999999999
464,179,61.21000000000001
464,180,61.81999999999999
465,1,126.57
465,2,141.85
465,3,138.93
465,4,134.06
465,5,129.39
465,6,124.34
465,7,117.78
465,8,112.25999999999999
465,9,106.80000000000001
465,10,100.59
465,11,93.97999999999999
465,12,89.06
465,13,86.11000000000001
465,14,81.18
465,15,74.61000000000001
465,16,69.15
465,17,65.82
465,18,60.139999999999986
465,19,55.139999999999986
465,20,51.16
465,21,48.28999999999999
465,22,41.55000000000001
465,23,37.93000000000001
465,24,34.47
465,25,29.139999999999986
465,26,26.580000000000013
465,27,22.150000000000006
465,28,17.180000000000007
465,29,15.299999999999997
465,30,11.189999999999998
465,31,6.510000000000005
465,32,3.6599999999999966
465,33,0.8900000000000006
465,34,4.560000000000002
465,35,7.019999999999996
465,36,8.25
465,37,12.61
465,38,15.739999999999995
465,39,19.709999999999994
465,40,22.260000000000005
465,41,24.5
465,42,26.459999999999994
465,43,29.959999999999994
465,44,32.31999999999999
465,45,35.900000000000006
465,46,38.2
465,47,40.31
465,48,41.22
465,49,44.040000000000006
465,50,45.17
465,51,47.72
465,52,49.92
465,53,50.53
465,54,50.67
465,55,51.63
465,56,50.53
465,57,50.28
465,58,49.5
465,59,49.11
465,60,46.75
465,61,45.61
465,62,43.870000000000005
465,63,41.16
465,64,41.39
465,65,39.739999999999995
465,66,36.95
465,67,33.459999999999994
465,68,34.42
465,69,30.83
465,70,28.459999999999994
465,71,29.290000000000006
465,72,25.989999999999995
465,73,24.150000000000006
465,74,23.379999999999995
465,75,21.370000000000005
465,76,20.519999999999996
465,77,18.17
465,78,16.36
465,79,15.430000000000007
465,80,14.030000000000001
465,81,11.25
465,82,10.200000000000003
465,83,10.010000000000005
465,84,8.39
465,85,8.280000000000001
465,86,5.170000000000002
465,87,3.3900000000000006
465,88,4.439999999999998
465,89,0.0799999999999983
465,90,0.45999999999999375
465,91,0.09000000000000341
465,92,0.8100000000000023
465,93,3.5999999999999943
465,94,2.299999999999997
465,95,5.689999999999998
465,96,8.480000000000004
465,97,8.719999999999999
465,98,9.230000000000004
465,99,9.75
465,100,12.680000000000007
465,101,11.969999999999999
465,102,14.049999999999997
465,103,12.849999999999994
465,104,16.510000000000005
465,105,13.620000000000005
465,106,17.879999999999995
465,107,20.150000000000006
465,108,19.22999999999999
465,109,20.909999999999997
465,110,21.330000000000013
465,111,20.710000000000008
465,112,21.72
465,113,23.080000000000013
465,114,24.5
465,115,24.99000000000001
465,116,26.610000000000014
465,117,27.340000000000003
465,118,28.360000000000014
465,119,27.379999999999995
465,120,28.47999999999999
465,121,30.789999999999992
465,122,31.25999999999999
465,123,32.75
465,124,32.889999999999986
465,125,34.099999999999994
465,126,35.69999999999999
465,127,33.75999999999999
465,128,36.47999999999999
465,129,35.84
465,130,36.78999999999999
465,131,38.06999999999999
465,132,37.629999999999995
465,133,37.81999999999999
465,134,39.55000000000001
465,135,41.30000000000001
465,136,40.870000000000005
465,137,40.19999999999999
465,138,42.34
465,139,42.94
465,140,44.75999999999999
465,141,44.74000000000001
465,142,44.19999999999999
465,143,46.18000000000001
465,144,47.150000000000006
465,145,46.41
465,146,48.99000000000001
465,147,47.31
465,148,46.610000000000014
465,149,47.72
465,150,50.96000000000001
465,151,50.03
465,152,52.099999999999994
465,153,50.06
465,154,50.18000000000001
465,155,51.18000000000001
465,156,51.629999999999995
465,157,53.94999999999999
465,158,52.81
465,159,54.870000000000005
465,160,51.91999999999999
465,161,53.44999999999999
465,162,56.00999999999999
465,163,56.16
465,164,57.08000000000001
465,165,57.44
465,166,57.97999999999999
465,167,56.110000000000014
465,168,55.46000000000001
465,169,58.72999999999999
465,170,59.06999999999999
465,171,61.50999999999999
465,172,61.47
465,173,60.97999999999999
465,174,58.56
465,175,61.47
465,176,60.41999999999999
465,177,61.49000000000001
465,178,61.94999999999999
465,179,61.41
465,180,62.72
466,1,129.72
466,2,146.04000000000002
466,3,142.93
466,4,137.22
466,5,132.91
466,6,126.05000000000001
466,7,120.75999999999999
466,8,114.44
466,9,109.16999999999999
466,10,103.59
466,11,98.09
466,12,92.72999999999999
466,13,87.50999999999999
466,14,83.16
466,15,78.27000000000001
466,16,73.71000000000001
466,17,67.38999999999999
466,18,62.56999999999999
466,19,59.08000000000001
466,20,55.879999999999995
466,21,50.19
466,22,44.96000000000001
466,23,40.06999999999999
466,24,35.80000000000001
466,25,32.80000000000001
466,26,28.139999999999986
466,27,24.5
466,28,21.669999999999987
466,29,17.64
466,30,15.340000000000003
466,31,10.930000000000007
466,32,5.530000000000001
466,33,5.459999999999994
466,34,0.15000000000000568
466,35,4.290000000000006
466,36,5.709999999999994
466,37,9.75
466,38,14.670000000000002
466,39,15.700000000000003
466,40,19.42
466,41,19.150000000000006
466,42,24.549999999999997
466,43,26.400000000000006
466,44,28.459999999999994
466,45,31.78
466,46,32.599999999999994
466,47,36.989999999999995
466,48,39.18000000000001
466,49,42.33
466,50,43.2
466,51,42.730000000000004
466,52,46.5
466,53,47.9
466,54,47.95
466,55,48.65
466,56,46.89
466,57,47.58
466,58,46.31
466,59,46.45
466,60,46.22
466,61,43.91
466,62,42.010000000000005
466,63,41.72
466,64,37.5
466,65,37.14
466,66,35.349999999999994
466,67,31.569999999999993
466,68,31.680000000000007
466,69,29.180000000000007
466,70,28.150000000000006
466,71,25.349999999999994
466,72,23.67
466,73,21.810000000000002
466,74,21.980000000000004
466,75,18.97
466,76,16.819999999999993
466,77,16.790000000000006
466,78,16.480000000000004
466,79,14.489999999999995
466,80,11.819999999999993
466,81,10.89
466,82,9.379999999999995
466,83,6.549999999999997
466,84,5.590000000000003
466,85,4.489999999999995
466,86,3.1700000000000017
466,87,2.6599999999999966
466,88,1.7000000000000028
466,89,0.769999999999996
466,90,1.980000000000004
466,91,3.0600000000000023
466,92,3.4000000000000057
466,93,5.849999999999994
466,94,6.230000000000004
466,95,5.450000000000003
466,96,6.469999999999999
466,97,11.790000000000006
466,98,11.5
466,99,9.969999999999999
466,100,11.769999999999996
466,101,12.700000000000003
466,102,14.86
466,103,13.620000000000005
466,104,15.39
466,105,17.430000000000007
466,106,17.849999999999994
466,107,18.830000000000013
466,108,21.22
466,109,21.97
466,110,22.090000000000003
466,111,22.409999999999997
466,112,24.659999999999997
466,113,26.319999999999993
466,114,25.189999999999998
466,115,26.840000000000003
466,116,28.159999999999997
466,117,28.870000000000005
466,118,29.360000000000014
466,119,28.090000000000003
466,120,32.91999999999999
466,121,30.75
466,122,35.18000000000001
466,123,32.19999999999999
466,124,33.94
466,125,32.84
466,126,34.84
466,127,35.889999999999986
466,128,38.09
466,129,38.78
466,130,39.360000000000014
466,131,40.599999999999994
466,132,39.77000000000001
466,133,40.44
466,134,39.889999999999986
466,135,42.93000000000001
466,136,41.43000000000001
466,137,42.74000000000001
466,138,43.16999999999999
466,139,43.879999999999995
466,140,44.80000000000001
466,141,47.099999999999994
466,142,44.03999999999999
466,143,49.27000000000001
466,144,45.94
466,145,48.03999999999999
466,146,47.22999999999999
466,147,47.75999999999999
466,148,49.33000000000001
466,149,48.900000000000006
466,150,51.44999999999999
466,151,49.59
466,152,49.06999999999999
466,153,53.66
466,154,53.400000000000006
466,155,52.71000000000001
466,156,53.91
466,157,53
466,158,55.52000000000001
466,159,53.94
466,160,56.43000000000001
466,161,56.849999999999994
466,162,57.75
466,163,57.879999999999995
466,164,58.09
466,165,59.08000000000001
466,166,60.25
466,167,59.09
466,168,57.72
466,169,58.21000000000001
466,170,59.16
466,171,60.22999999999999
466,172,60.06
466,173,59.389999999999986
466,174,61.58000000000001
466,175,64.25
466,176,63.50999999999999
466,177,61.129999999999995
466,178,60.72999999999999
466,179,64.53
466,180,62.81999999999999
467,1,132.87
467,2,149.42000000000002
467,3,145.41
467,4,140.5
467,5,136.04
467,6,128.95
467,7,124.32
467,8,117.77000000000001
467,9,112.36000000000001
467,10,107.24000000000001
467,11,102.62
467,12,96.28999999999999
467,13,91.03
467,14,85.75
467,15,81.37
467,16,76.38999999999999
467,17,70.37
467,18,65.25
467,19,61.41
467,20,58.150000000000006
467,21,53.16999999999999
467,22,48.91999999999999
467,23,46.16999999999999
467,24,40.139999999999986
467,25,35.69
467,26,32.139999999999986
467,27,28.52000000000001
467,28,23.97999999999999
467,29,20.97
467,30,17.680000000000007
467,31,13.760000000000005
467,32,11.299999999999997
467,33,5.200000000000003
467,34,2.469999999999999
467,35,0.9599999999999937
467,36,3.269999999999996
467,37,5.590000000000003
467,38,11.799999999999997
467,39,11.510000000000005
467,40,15.230000000000004
467,41,17.159999999999997
467,42,23.480000000000004
467,43,22.86
467,44,24.64
467,45,27.549999999999997
467,46,30.349999999999994
467,47,31.450000000000003
467,48,35.650000000000006
467,49,36.44
467,50,41.739999999999995
467,51,41.349999999999994
467,52,41.239999999999995
467,53,44.28
467,54,46.13
467,55,46.02
467,56,46.93
467,57,45.379999999999995
467,58,45.83
467,59,44.790000000000006
467,60,41.540000000000006
467,61,40.28
467,62,39.900000000000006
467,63,37.75
467,64,36.849999999999994
467,65,35.05
467,66,33.099999999999994
467,67,31.040000000000006
467,68,29.299999999999997
467,69,27.560000000000002
467,70,25.230000000000004
467,71,25.08
467,72,22.92
467,73,21.620000000000005
467,74,19.78
467,75,17.409999999999997
467,76,16.260000000000005
467,77,16
467,78,12.760000000000005
467,79,13.590000000000003
467,80,9.939999999999998
467,81,8.719999999999999
467,82,5.290000000000006
467,83,6.090000000000003
467,84,6.049999999999997
467,85,1.9699999999999989
467,86,2.530000000000001
467,87,1.0300000000000011
467,88,0.6200000000000045
467,89,2.269999999999996
467,90,2.700000000000003
467,91,3.930000000000007
467,92,3.9000000000000057
467,93,5.640000000000001
467,94,5.980000000000004
467,95,10.269999999999996
467,96,9.370000000000005
467,97,11.180000000000007
467,98,11.310000000000002
467,99,13.969999999999999
467,100,14.349999999999994
467,101,13.209999999999994
467,102,14.709999999999994
467,103,16.75
467,104,18.430000000000007
467,105,18.47
467,106,20.319999999999993
467,107,22.349999999999994
467,108,22
467,109,24.24000000000001
467,110,25.400000000000006
467,111,23.50999999999999
467,112,24.330000000000013
467,113,26.72
467,114,26.669999999999987
467,115,27.159999999999997
467,116,30.460000000000008
467,117,32.44999999999999
467,118,30.30000000000001
467,119,31.349999999999994
467,120,31.930000000000007
467,121,32.72999999999999
467,122,35.05000000000001
467,123,34.620000000000005
467,124,35.21000000000001
467,125,37.31999999999999
467,126,35.71000000000001
467,127,37.31
467,128,38.69999999999999
467,129,38.620000000000005
467,130,38.83000000000001
467,131,40.77000000000001
467,132,40.93000000000001
467,133,41.49000000000001
467,134,42.379999999999995
467,135,42.25
467,136,44.83000000000001
467,137,44.91999999999999
467,138,45.77000000000001
467,139,44.599999999999994
467,140,45.16999999999999
467,141,47.72999999999999
467,142,49.150000000000006
467,143,47.860000000000014
467,144,48.28
467,145,48.58000000000001
467,146,49.66
467,147,50.74000000000001
467,148,51.05000000000001
467,149,49.870000000000005
467,150,52.09
467,151,52.28
467,152,53.99000000000001
467,153,54.120000000000005
467,154,54.02000000000001
467,155,54.889999999999986
467,156,54.93000000000001
467,157,55.30000000000001
467,158,55.09
467,159,56.44
467,160,58.66
467,161,57.389999999999986
467,162,55.129999999999995
467,163,60.360000000000014
467,164,59.56
467,165,58.43000000000001
467,166,59.66
467,167,60.360000000000014
467,168,60.27000000000001
467,169,60.599999999999994
467,170,60.33000000000001
467,171,60.41
467,172,61.71000000000001
467,173,64.24000000000001
467,174,63.46000000000001
467,175,63.41999999999999
467,176,63.370000000000005
467,177,61.93000000000001
467,178,65.91999999999999
467,179,65.65
467,180,66.18
468,1,138.76
468,2,151.22000000000003
468,3,148.48000000000002
468,4,143.99
468,5,138.11
468,6,131.92
468,7,127.61000000000001
468,8,121.91
468,9,114.88999999999999
468,10,109.91999999999999
468,11,104.6
468,12,99.9
468,13,94.05000000000001
468,14,89.03
468,15,84.49000000000001
468,16,79.77000000000001
468,17,75.19
468,18,69.38
468,19,65.28
468,20,60.99000000000001
468,21,57.22
468,22,54.06
468,23,47.19
468,24,41.09
468,25,39.900000000000006
468,26,35.91
468,27,31.69999999999999
468,28,26.97
468,29,22.860000000000014
468,30,21.960000000000008
468,31,16.349999999999994
468,32,13.150000000000006
468,33,10.560000000000002
468,34,5.390000000000001
468,35,2.010000000000005
468,36,0.730000000000004
468,37,5.010000000000005
468,38,7.510000000000005
468,39,10.349999999999994
468,40,12.989999999999995
468,41,15.799999999999997
468,42,19.14
468,43,21.689999999999998
468,44,24.689999999999998
468,45,27.939999999999998
468,46,27.269999999999996
468,47,30.290000000000006
468,48,33.61
468,49,35.03
468,50,37.269999999999996
468,51,40.41
468,52,39.33
468,53,42.55
468,54,44.349999999999994
468,55,43.36
468,56,43.64
468,57,43.400000000000006
468,58,42.56
468,59,42.81
468,60,40.14
468,61,40.45
468,62,37.120000000000005
468,63,36.72
468,64,35.22
468,65,31.599999999999994
468,66,30.930000000000007
468,67,29.75
468,68,27.11
468,69,25.629999999999995
468,70,23.840000000000003
468,71,21.61
468,72,20.25
468,73,19.53
468,74,17.89
468,75,16.08
468,76,15.920000000000002
468,77,13.030000000000001
468,78,12.219999999999999
468,79,9.75
468,80,7.719999999999999
468,81,7.349999999999994
468,82,2.930000000000007
468,83,3.5
468,84,4.980000000000004
468,85,2.3400000000000034
468,86,0.3499999999999943
468,87,0.12999999999999545
468,88,2.4000000000000057
468,89,2.6500000000000057
468,90,4.359999999999999
468,91,5.150000000000006
468,92,5.659999999999997
468,93,8.620000000000005
468,94,10.489999999999995
468,95,11
468,96,10.810000000000002
468,97,12.939999999999998
468,98,15.790000000000006
468,99,14.64
468,100,17.260000000000005
468,101,17.989999999999995
468,102,16.459999999999994
468,103,18.189999999999998
468,104,18.97
468,105,19.75999999999999
468,106,22.389999999999986
468,107,24.30000000000001
468,108,22.28
468,109,25.25999999999999
468,110,25.810000000000002
468,111,25.419999999999987
468,112,28.569999999999993
468,113,29.30000000000001
468,114,28.77000000000001
468,115,30.03
468,116,30.99000000000001
468,117,29.389999999999986
468,118,31.430000000000007
468,119,31.889999999999986
468,120,32.870000000000005
468,121,34.09
468,122,35.099999999999994
468,123,35.53999999999999
468,124,35.870000000000005
468,125,38.44999999999999
468,126,39.610000000000014
468,127,39.24000000000001
468,128,40.150000000000006
468,129,42.19999999999999
468,130,41.44
468,131,40.879999999999995
468,132,42.99000000000001
468,133,43.18000000000001
468,134,41.83000000000001
468,135,45.46000000000001
468,136,44.24000000000001
468,137,45.56999999999999
468,138,46.879999999999995
468,139,47.77000000000001
468,140,47.33000000000001
468,141,46.860000000000014
468,142,48.5
468,143,48.55000000000001
468,144,49.31
468,145,49.650000000000006
468,146,51.610000000000014
468,147,49.72
468,148,52.610000000000014
468,149,52.28999999999999
468,150,54.06
468,151,53.18000000000001
468,152,54.91999999999999
468,153,54.25999999999999
468,154,56.639999999999986
468,155,55.00999999999999
468,156,56.47999999999999
468,157,56.639999999999986
468,158,56.93000000000001
468,159,57.370000000000005
468,160,58.55000000000001
468,161,57.19999999999999
468,162,57.25999999999999
468,163,60.849999999999994
468,164,58.94999999999999
468,165,60.69999999999999
468,166,61.19999999999999
468,167,63.16
468,168,61.75
468,169,61.620000000000005
468,170,62.620000000000005
468,171,61.27000000000001
468,172,63.129999999999995
468,173,63.68000000000001
468,174,64.69
468,175,65.83000000000001
468,176,63.50999999999999
468,177,64.94
468,178,65.68
468,179,65.53999999999999
468,180,65.81
469,1,143.02
469,2,154.94
469,3,152.20999999999998
469,4,147.37
469,5,140.98
469,6,134.82
469,7,129.48
469,8,123.75
469,9,118.57
469,10,112.78
469,11,106.49000000000001
469,12,102.6
469,13,97.97999999999999
469,14,91.03999999999999
469,15,87.16999999999999
469,16,81.24000000000001
469,17,77.06
469,18,72.81
469,19,67.53999999999999
469,20,62.68000000000001
469,21,57.66
469,22,54.099999999999994
469,23,49.099999999999994
469,24,46.53
469,25,41.77000000000001
469,26,38.370000000000005
469,27,35.84
469,28,31.159999999999997
469,29,28.139999999999986
469,30,25.319999999999993
469,31,19.909999999999997
469,32,15.019999999999996
469,33,12.11
469,34,7.700000000000003
469,35,5.769999999999996
469,36,4.390000000000001
469,37,0.0799999999999983
469,38,3.2099999999999937
469,39,6.900000000000006
469,40,8.219999999999999
469,41,12.629999999999995
469,42,14.700000000000003
469,43,17.709999999999994
469,44,20.53
469,45,23.049999999999997
469,46,23.739999999999995
469,47,28.150000000000006
469,48,29.67
469,49,30.760000000000005
469,50,32.459999999999994
469,51,36.58
469,52,39.91
469,53,39.7
469,54,39.94
469,55,41.39
469,56,42.230000000000004
469,57,41.68000000000001
469,58,40.81
469,59,39.510000000000005
469,60,39.739999999999995
469,61,37.56999999999999
469,62,36.010000000000005
469,63,34.120000000000005
469,64,32.44
469,65,30.760000000000005
469,66,28.61
469,67,26.510000000000005
469,68,23.650000000000006
469,69,23.510000000000005
469,70,23.299999999999997
469,71,21.86
469,72,18.099999999999994
469,73,17.03
469,74,15.280000000000001
469,75,13.730000000000004
469,76,14
469,77,13.379999999999995
469,78,10.920000000000002
469,79,6.689999999999998
469,80,6.310000000000002
469,81,4.8700000000000045
469,82,4.560000000000002
469,83,2.219999999999999
469,84,1.5799999999999983
469,85,1
469,86,1.1500000000000057
469,87,2.680000000000007
469,88,4.640000000000001
469,89,5.219999999999999
469,90,7.659999999999997
469,91,8.239999999999995
469,92,10.219999999999999
469,93,10.39
469,94,11.040000000000006
469,95,12.579999999999998
469,96,13.900000000000006
469,97,14.14
469,98,15.900000000000006
469,99,15.150000000000006
469,100,18.960000000000008
469,101,18.569999999999993
469,102,19.840000000000003
469,103,20.110000000000014
469,104,21.460000000000008
469,105,22.689999999999998
469,106,22.150000000000006
469,107,24.02000000000001
469,108,26.919999999999987
469,109,25.430000000000007
469,110,28.060000000000002
469,111,28.25999999999999
469,112,29.310000000000002
469,113,29.02000000000001
469,114,32.16
469,115,29.060000000000002
469,116,34.25999999999999
469,117,32.71000000000001
469,118,33.03999999999999
469,119,35.650000000000006
469,120,35.30000000000001
469,121,35.00999999999999
469,122,36.08000000000001
469,123,37.06
469,124,38.900000000000006
469,125,38.96000000000001
469,126,39.639999999999986
469,127,37.389999999999986
469,128,42.77000000000001
469,129,42.400000000000006
469,130,43.139999999999986
469,131,43.69999999999999
469,132,43.71000000000001
469,133,45.69999999999999
469,134,43.620000000000005
469,135,46.33000000000001
469,136,45.849999999999994
469,137,47.33000000000001
469,138,47.31999999999999
469,139,47.349999999999994
469,140,47.52000000000001
469,141,50.16
469,142,50.21000000000001
469,143,49.19999999999999
469,144,51.59
469,145,51.49000000000001
469,146,50.66999999999999
469,147,53.77000000000001
469,148,51.69
469,149,56.22999999999999
469,150,53.72
469,151,53.139999999999986
469,152,53.41999999999999
469,153,54.99000000000001
469,154,56.349999999999994
469,155,57.27000000000001
469,156,57.31999999999999
469,157,56.72
469,158,56.639999999999986
469,159,60.22
469,160,58.599999999999994
469,161,58.91999999999999
469,162,60.53
469,163,59.150000000000006
469,164,60.81
469,165,61.96000000000001
469,166,62.400000000000006
469,167,62.24000000000001
469,168,62.900000000000006
469,169,61.19
469,170,63.58000000000001
469,171,64
469,172,62.72
469,173,64.99000000000001
469,174,65.16999999999999
469,175,64.55000000000001
469,176,65.91999999999999
469,177,67.75999999999999
469,178,65.44999999999999
469,179,68.75
469,180,67.13999999999999
470,1,144.21
470,2,156.76999999999998
470,3,153.39999999999998
470,4,150.29000000000002
470,5,144.39
470,6,137.92
470,7,132.5
470,8,126.69999999999999
470,9,121.03999999999999
470,10,117.44
470,11,109.47999999999999
470,12,103.83000000000001
470,13,99.91999999999999
470,14,94.97999999999999
470,15,89.91
470,16,84.43
470,17,80.53999999999999
470,18,76.93
470,19,72.12
470,20,66.86000000000001
470,21,61.46000000000001
470,22,56.849999999999994
470,23,52.870000000000005
470,24,49.66
470,25,46.56999999999999
470,26,41.09
470,27,37.75
470,28,34.870000000000005
470,29,30.590000000000003
470,30,27.159999999999997
470,31,22.310000000000002
470,32,19.97
470,33,16.61
470,34,11.670000000000002
470,35,9.420000000000002
470,36,4.730000000000004
470,37,3.9200000000000017
470,38,1.9099999999999966
470,39,4.390000000000001
470,40,4.400000000000006
470,41,8.939999999999998
470,42,11.400000000000006
470,43,15.700000000000003
470,44,17.980000000000004
470,45,20.86
470,46,22.28
470,47,24.319999999999993
470,48,26.599999999999994
470,49,29.879999999999995
470,50,31.36
470,51,31.879999999999995
470,52,34
470,53,37.72
470,54,37.33
470,55,38.58
470,56,38.230000000000004
470,57,38.53
470,58,38.150000000000006
470,59,37.099999999999994
470,60,35.44
470,61,35.81999999999999
470,62,34.16
470,63,32.19
470,64,30.480000000000004
470,65,27.42
470,66,26.980000000000004
470,67,24.760000000000005
470,68,24.239999999999995
470,69,20.629999999999995
470,70,20.849999999999994
470,71,17.680000000000007
470,72,17.39
470,73,14.25
470,74,14
470,75,12.340000000000003
470,76,12.349999999999994
470,77,9.689999999999998
470,78,9.739999999999995
470,79,6.140000000000001
470,80,4.569999999999993
470,81,5.689999999999998
470,82,2.010000000000005
470,83,1.6800000000000068
470,84,0.3400000000000034
470,85,1.1500000000000057
470,86,2.1400000000000006
470,87,6.030000000000001
470,88,5.420000000000002
470,89,5.760000000000005
470,90,8.939999999999998
470,91,10.069999999999993
470,92,8.959999999999994
470,93,12.150000000000006
470,94,12.450000000000003
470,95,13.269999999999996
470,96,15.39
470,97,15.620000000000005
470,98,17.930000000000007
470,99,18.830000000000013
470,100,20.05000000000001
470,101,21.25
470,102,21.960000000000008
470,103,21.78
470,104,23.889999999999986
470,105,24.090000000000003
470,106,26.02000000000001
470,107,25.50999999999999
470,108,27.289999999999992
470,109,29.370000000000005
470,110,29.25
470,111,29.74000000000001
470,112,30.00999999999999
470,113,31.74000000000001
470,114,30.80000000000001
470,115,32.75
470,116,32.370000000000005
470,117,33.44999999999999
470,118,36.72
470,119,36.03
470,120,37.91999999999999
470,121,37.72
470,122,36.629999999999995
470,123,39.81999999999999
470,124,40.06999999999999
470,125,40.44
470,126,41.860000000000014
470,127,42.72
470,128,42.25999999999999
470,129,43.47
470,130,45.97
470,131,44.599999999999994
470,132,43.71000000000001
470,133,45.91999999999999
470,134,46.25
470,135,44.56999999999999
470,136,48.18000000000001
470,137,50.00999999999999
470,138,47.370000000000005
470,139,48.129999999999995
470,140,49.150000000000006
470,141,49.30000000000001
470,142,51.56999999999999
470,143,51.110000000000014
470,144,53.52000000000001
470,145,53.25
470,146,51.77000000000001
470,147,52.889999999999986
470,148,53.97
470,149,53.41
470,150,56.19999999999999
470,151,55.03
470,152,56.02000000000001
470,153,57.02000000000001
470,154,58.28
470,155,57.31
470,156,60.74000000000001
470,157,56.91999999999999
470,158,59.91
470,159,59.06
470,160,61.72999999999999
470,161,62.22999999999999
470,162,61.72
470,163,62.28
470,164,64.33000000000001
470,165,64.30000000000001
470,166,61.860000000000014
470,167,63.28
470,168,61.75
470,169,65.66999999999999
470,170,63.97999999999999
470,171,63.16999999999999
470,172,66.72
470,173,66.07
470,174,65.36000000000001
470,175,66.56
470,176,67.19
470,177,68.74000000000001
470,178,68.63999999999999
470,179,68.99000000000001
470,180,68.44
471,1,150.67000000000002
471,2,160.95999999999998
471,3,157.97000000000003
471,4,152.19
471,5,148.01
471,6,141.22
471,7,134.4
471,8,130.41
471,9,124.02000000000001
471,10,119.1
471,11,113.74000000000001
471,12,108.37
471,13,102.83000000000001
471,14,97.61000000000001
471,15,93.16
471,16,87.87
471,17,82.84
471,18,80.03999999999999
471,19,73.37
471,20,70
471,21,65.6
471,22,60.81
471,23,56.69999999999999
471,24,53.22999999999999
471,25,48.47999999999999
471,26,43.620000000000005
471,27,40.620000000000005
471,28,36.80000000000001
471,29,33.05000000000001
471,30,30.24000000000001
471,31,24.77000000000001
471,32,22.099999999999994
471,33,18.560000000000002
471,34,14.629999999999995
471,35,12.269999999999996
471,36,8.980000000000004
471,37,5.299999999999997
471,38,2.1700000000000017
471,39,0.4000000000000057
471,40,3.0900000000000034
471,41,5.049999999999997
471,42,8.959999999999994
471,43,11.89
471,44,15.700000000000003
471,45,18.11
471,46,20.090000000000003
471,47,22.370000000000005
471,48,24.510000000000005
471,49,27.180000000000007
471,50,28.650000000000006
471,51,29.97
471,52,30.25
471,53,33.64
471,54,33.260000000000005
471,55,35.03
471,56,35.11
471,57,35.099999999999994
471,58,35.8
471,59,34.64
471,60,35.08
471,61,32.66
471,62,30.86
471,63,29.870000000000005
471,64,28.349999999999994
471,65,26.489999999999995
471,66,25.129999999999995
471,67,22.28
471,68,20.36
471,69,19.75
471,70,19.17
471,71,16.590000000000003
471,72,14.670000000000002
471,73,12.349999999999994
471,74,12.61
471,75,10.239999999999995
471,76,8.269999999999996
471,77,8.700000000000003
471,78,6
471,79,4.290000000000006
471,80,2.75
471,81,1.1400000000000006
471,82,1.019999999999996
471,83,1.5900000000000034
471,84,0.6700000000000017
471,85,3.799999999999997
471,86,5.079999999999998
471,87,6.530000000000001
471,88,7.019999999999996
471,89,8.36
471,90,8.239999999999995
471,91,10.329999999999998
471,92,11.579999999999998
471,93,13.719999999999999
471,94,14.11
471,95,14.870000000000005
471,96,16.819999999999993
471,97,18.97999999999999
471,98,18.80000000000001
471,99,19.590000000000003
471,100,20.849999999999994
471,101,22.650000000000006
471,102,22.659999999999997
471,103,23.319999999999993
471,104,25.580000000000013
471,105,26.97999999999999
471,106,27.889999999999986
471,107,27.090000000000003
471,108,27.960000000000008
471,109,29.590000000000003
471,110,28.659999999999997
471,111,29.650000000000006
471,112,31.44999999999999
471,113,32.91
471,114,32.71000000000001
471,115,33.71000000000001
471,116,36.28999999999999
471,117,34.16999999999999
471,118,35.31
471,119,36.08000000000001
471,120,37.72999999999999
471,121,38.53999999999999
471,122,39.139999999999986
471,123,40.18000000000001
471,124,40.83000000000001
471,125,41.370000000000005
471,126,42.5
471,127,45.75999999999999
471,128,43.52000000000001
471,129,44.110000000000014
471,130,44.58000000000001
471,131,47.28999999999999
471,132,46.44
471,133,48.74000000000001
471,134,48.44999999999999
471,135,49.16
471,136,48.94
471,137,48.139999999999986
471,138,49.97999999999999
471,139,51.360000000000014
471,140,52.50999999999999
471,141,53.099999999999994
471,142,52.099999999999994
471,143,51.849999999999994
471,144,53.58000000000001
471,145,55.25
471,146,57.349999999999994
471,147,53.43000000000001
471,148,55.72
471,149,56.09
471,150,56.47
471,151,58.44999999999999
471,152,55.72999999999999
471,153,58.900000000000006
471,154,57.129999999999995
471,155,58.849999999999994
471,156,58.81
471,157,59.41
471,158,59.849999999999994
471,159,60.620000000000005
471,160,60.19999999999999
471,161,61.06
471,162,61.91
471,163,63.30000000000001
471,164,61.599999999999994
471,165,64.5
471,166,64
471,167,64.36000000000001
471,168,64.74000000000001
471,169,64.18
471,170,65.75999999999999
471,171,64.27000000000001
471,172,65.65
471,173,67.38999999999999
471,174,65.96000000000001
471,175,66.37
471,176,67.78999999999999
471,177,68.07
471,178,68.9
471,179,68.5
471,180,69.07
472,1,151.13
472,2,164.7
472,3,160.14999999999998
472,4,155.82
472,5,150.39
472,6,144.48
472,7,139.03
472,8,133.76
472,9,127.68
472,10,122.44999999999999
472,11,117.09
472,12,111.12
472,13,107.03999999999999
472,14,101.50999999999999
472,15,96.07
472,16,90.93
472,17,87
472,18,80.84
472,19,76.87
472,20,73.09
472,21,67.5
472,22,64.86000000000001
472,23,58.879999999999995
472,24,57.870000000000005
472,25,51.03999999999999
472,26,47.860000000000014
472,27,44.58000000000001
472,28,39.49000000000001
472,29,35.620000000000005
472,30,32.80000000000001
472,31,30.44999999999999
472,32,24.439999999999998
472,33,20.340000000000003
472,34,18.849999999999994
472,35,15.14
472,36,10.459999999999994
472,37,7.829999999999998
472,38,5.430000000000007
472,39,3.219999999999999
472,40,0.010000000000005116
472,41,3.819999999999993
472,42,6.010000000000005
472,43,7.8799999999999955
472,44,11.530000000000001
472,45,12.189999999999998
472,46,14.989999999999995
472,47,18.290000000000006
472,48,20.72
472,49,22.480000000000004
472,50,25.47
472,51,24.930000000000007
472,52,26.900000000000006
472,53,26.099999999999994
472,54,31.150000000000006
472,55,33.209999999999994
472,56,32.83
472,57,31.72
472,58,32.519999999999996
472,59,33.5
472,60,31.299999999999997
472,61,29.650000000000006
472,62,30.510000000000005
472,63,28.840000000000003
472,64,25.450000000000003
472,65,24.36
472,66,21.569999999999993
472,67,21.629999999999995
472,68,19.92
472,69,18.11
472,70,15.170000000000002
472,71,14.469999999999999
472,72,13.670000000000002
472,73,11.659999999999997
472,74,9.239999999999995
472,75,7.659999999999997
472,76,7.079999999999998
472,77,3.799999999999997
472,78,5.5
472,79,2.6400000000000006
472,80,0.6099999999999994
472,81,0.37999999999999545
472,82,2.549999999999997
472,83,1.7999999999999972
472,84,3.549999999999997
472,85,6.640000000000001
472,86,7.030000000000001
472,87,8.810000000000002
472,88,9.799999999999997
472,89,10.870000000000005
472,90,12.849999999999994
472,91,11.049999999999997
472,92,14.269999999999996
472,93,14.629999999999995
472,94,16.019999999999996
472,95,17.260000000000005
472,96,18.150000000000006
472,97,18.919999999999987
472,98,21.689999999999998
472,99,21.05000000000001
472,100,22.680000000000007
472,101,22.909999999999997
472,102,23.430000000000007
472,103,24.849999999999994
472,104,26.47
472,105,27.169999999999987
472,106,28.430000000000007
472,107,28.72999999999999
472,108,30.129999999999995
472,109,30.44999999999999
472,110,31.060000000000002
472,111,32.49000000000001
472,112,33.599999999999994
472,113,34.27000000000001
472,114,34.41999999999999
472,115,34.16999999999999
472,116,37.75999999999999
472,117,36.870000000000005
472,118,37.53
472,119,38.139999999999986
472,120,39.00999999999999
472,121,39.44999999999999
472,122,40.33000000000001
472,123,44.5
472,124,42.18000000000001
472,125,43.31999999999999
472,126,44.56
472,127,43.139999999999986
472,128,45.5
472,129,46.47999999999999
472,130,46.68000000000001
472,131,45.47999999999999
472,132,49.91
472,133,48.81999999999999
472,134,48.58000000000001
472,135,50.75999999999999
472,136,49.5
472,137,51.91999999999999
472,138,52.21000000000001
472,139,52.06
472,140,52.93000000000001
472,141,54.27000000000001
472,142,53.139999999999986
472,143,54.5
472,144,54.33000000000001
472,145,56.370000000000005
472,146,54.870000000000005
472,147,55.91999999999999
472,148,57.360000000000014
472,149,56.99000000000001
472,150,56.25999999999999
472,151,58.27000000000001
472,152,58.74000000000001
472,153,57.66
472,154,59.71000000000001
472,155,61.05000000000001
472,156,60.629999999999995
472,157,62.22
472,158,60.31999999999999
472,159,62.34
472,160,61.21000000000001
472,161,62.5
472,162,63.46000000000001
472,163,65.61000000000001
472,164,65.37
472,165,64.86000000000001
472,166,67.25
472,167,65.13
472,168,67.12
472,169,66
472,170,67.82
472,171,67.07
472,172,69.27000000000001
472,173,68.00999999999999
472,174,66.06
472,175,68.91999999999999
472,176,67.49000000000001
472,177,70.69999999999999
472,178,71.16999999999999
472,179,72.99000000000001
472,180,70.69
473,1,156.08999999999997
473,2,165.27999999999997
473,3,163.73000000000002
473,4,157.67000000000002
473,5,153.5
473,6,149.08999999999997
473,7,142.33
473,8,136.31
473,9,130.47
473,10,125.78999999999999
473,11,119.05000000000001
473,12,114.93
473,13,110.38
473,14,103.86000000000001
473,15,98.99000000000001
473,16,94.55000000000001
473,17,89.49000000000001
473,18,85.56
473,19,79.81
473,20,74.03999999999999
473,21,71.41
473,22,66.6
473,23,62.099999999999994
473,24,58.349999999999994
473,25,56.72999999999999
473,26,51.28999999999999
473,27,45.06999999999999
473,28,42.69
473,29,39.74000000000001
473,30,35.71000000000001
473,31,29.78
473,32,27.810000000000002
473,33,25.330000000000013
473,34,22.24000000000001
473,35,17.939999999999998
473,36,14.86
473,37,11.629999999999995
473,38,6.790000000000006
473,39,5.930000000000007
473,40,2.799999999999997
473,41,1.5
473,42,2.7900000000000063
473,43,5.659999999999997
473,44,7.909999999999997
473,45,9.930000000000007
473,46,13.319999999999993
473,47,15.790000000000006
473,48,17.590000000000003
473,49,21.269999999999996
473,50,20.620000000000005
473,51,22.959999999999994
473,52,26.459999999999994
473,53,27.930000000000007
473,54,28.700000000000003
473,55,29.849999999999994
473,56,31.459999999999994
473,57,31.239999999999995
473,58,29.439999999999998
473,59,30.049999999999997
473,60,28.040000000000006
473,61,28.930000000000007
473,62,26.959999999999994
473,63,26.459999999999994
473,64,22.739999999999995
473,65,22.879999999999995
473,66,20.680000000000007
473,67,19.03
473,68,16.78
473,69,15.599999999999994
473,70,12.400000000000006
473,71,11.379999999999995
473,72,10.620000000000005
473,73,9.120000000000005
473,74,6.5
473,75,5.689999999999998
473,76,4.230000000000004
473,77,4.349999999999994
473,78,2.9099999999999966
473,79,0.7000000000000028
473,80,1.3100000000000023
473,81,1.8199999999999932
473,82,2.7099999999999937
473,83,5.420000000000002
473,84,6.659999999999997
473,85,9.549999999999997
473,86,7.890000000000001
473,87,9.230000000000004
473,88,11.439999999999998
473,89,12.829999999999998
473,90,14.409999999999997
473,91,12.769999999999996
473,92,14.030000000000001
473,93,17.150000000000006
473,94,19.580000000000013
473,95,18.52000000000001
473,96,19.590000000000003
473,97,21.669999999999987
473,98,19.840000000000003
473,99,22.00999999999999
473,100,22.590000000000003
473,101,25.129999999999995
473,102,25.52000000000001
473,103,27.569999999999993
473,104,29.159999999999997
473,105,29.919999999999987
473,106,30.909999999999997
473,107,30.75
473,108,31.789999999999992
473,109,32.19
473,110,33.139999999999986
473,111,34.96000000000001
473,112,35.610000000000014
473,113,36.18000000000001
473,114,36.91999999999999
473,115,38.349999999999994
473,116,38.50999999999999
473,117,40.120000000000005
473,118,41.06
473,119,40.74000000000001
473,120,41.77000000000001
473,121,40.849999999999994
473,122,43.99000000000001
473,123,44.53
473,124,42.80000000000001
473,125,44.31999999999999
473,126,46.91999999999999
473,127,46.620000000000005
473,128,45.870000000000005
473,129,48.56999999999999
473,130,46.400000000000006
473,131,47.52000000000001
473,132,47.83000000000001
473,133,49.18000000000001
473,134,50.50999999999999
473,135,50.110000000000014
473,136,50.43000000000001
473,137,53.99000000000001
473,138,53.69999999999999
473,139,54.31999999999999
473,140,51.91
473,141,54.08000000000001
473,142,54.06999999999999
473,143,54.78
473,144,55.900000000000006
473,145,55.83000000000001
473,146,56.629999999999995
473,147,58.22999999999999
473,148,57.71000000000001
473,149,60.110000000000014
473,150,59.25999999999999
473,151,60.28
473,152,58.97
473,153,59.27000000000001
473,154,62.24000000000001
473,155,61.370000000000005
473,156,63.129999999999995
473,157,61.360000000000014
473,158,63.06999999999999
473,159,64.02000000000001
473,160,64.11000000000001
473,161,63.150000000000006
473,162,66.44
473,163,64.69
473,164,65.46000000000001
473,165,66.02000000000001
473,166,65.78999999999999
473,167,67.25
473,168,68.38999999999999
473,169,67.88999999999999
473,170,67.82
473,171,69.09
473,172,67.35
473,173,68.44
473,174,70.1
473,175,70.68
473,176,69.66999999999999
473,177,72.22
473,178,71.18
473,179,71.87
473,180,71.59
474,1,159.91000000000003
474,2,170.57999999999998
474,3,167.01
474,4,162.20999999999998
474,5,157.51
474,6,151.66000000000003
474,7,145.49
474,8,139.24
474,9,132.75
474,10,129.35
474,11,123.66999999999999
474,12,115.96000000000001
474,13,112.77000000000001
474,14,105.82
474,15,102.02000000000001
474,16,97.49000000000001
474,17,92.74000000000001
474,18,87.86000000000001
474,19,83.86000000000001
474,20,78.94
474,21,74.68
474,22,69.59
474,23,65.53
474,24,62.129999999999995
474,25,57.22999999999999
474,26,52.58000000000001
474,27,51.139999999999986
474,28,45.96000000000001
474,29,42.41
474,30,37.74000000000001
474,31,34.34
474,32,32.860000000000014
474,33,28.159999999999997
474,34,23.180000000000007
474,35,20.560000000000002
474,36,17.959999999999994
474,37,16.290000000000006
474,38,12.579999999999998
474,39,9.260000000000005
474,40,5.829999999999998
474,41,2.569999999999993
474,42,0.29999999999999716
474,43,2.4099999999999966
474,44,5.829999999999998
474,45,7
474,46,8.370000000000005
474,47,10.799999999999997
474,48,15.530000000000001
474,49,15.709999999999994
474,50,18.090000000000003
474,51,20.209999999999994
474,52,22.900000000000006
474,53,24.980000000000004
474,54,26.090000000000003
474,55,26.209999999999994
474,56,27.549999999999997
474,57,26.17
474,58,27.439999999999998
474,59,27.129999999999995
474,60,26.549999999999997
474,61,25.040000000000006
474,62,26.08
474,63,22.840000000000003
474,64,21.519999999999996
474,65,19.510000000000005
474,66,19.239999999999995
474,67,17.769999999999996
474,68,15.459999999999994
474,69,15.569999999999993
474,70,13.060000000000002
474,71,11.739999999999995
474,72,9.340000000000003
474,73,8.319999999999993
474,74,7.25
474,75,4.079999999999998
474,76,2.25
474,77,2.1200000000000045
474,78,0.7800000000000011
474,79,2
474,80,1.9300000000000068
474,81,4.230000000000004
474,82,5.400000000000006
474,83,7.989999999999995
474,84,7.200000000000003
474,85,8.519999999999996
474,86,10.61
474,87,12.540000000000006
474,88,12.260000000000005
474,89,13.579999999999998
474,90,15.840000000000003
474,91,15.5
474,92,17.989999999999995
474,93,17.379999999999995
474,94,19.389999999999986
474,95,20.710000000000008
474,96,23.28
474,97,23.560000000000002
474,98,22.710000000000008
474,99,24.849999999999994
474,100,26.830000000000013
474,101,25.580000000000013
474,102,26.930000000000007
474,103,28.360000000000014
474,104,29.78
474,105,30.47
474,106,32.120000000000005
474,107,33.06
474,108,33.30000000000001
474,109,35.47
474,110,36.25999999999999
474,111,36.18000000000001
474,112,37.370000000000005
474,113,37.30000000000001
474,114,38.43000000000001
474,115,40.55000000000001
474,116,39.06999999999999
474,117,38.56999999999999
474,118,41.650000000000006
474,119,40.610000000000014
474,120,42.22
474,121,42.349999999999994
474,122,41.99000000000001
474,123,44.46000000000001
474,124,45.629999999999995
474,125,46.59
474,126,46.72999999999999
474,127,48.81999999999999
474,128,49.620000000000005
474,129,48.21000000000001
474,130,49.52000000000001
474,131,48.53
474,132,50.400000000000006
474,133,48.43000000000001
474,134,51.78
474,135,50.81999999999999
474,136,54.22
474,137,53.629999999999995
474,138,54.24000000000001
474,139,54.099999999999994
474,140,54.129999999999995
474,141,57.129999999999995
474,142,57.69
474,143,57.139999999999986
474,144,55.52000000000001
474,145,59.05000000000001
474,146,60.43000000000001
474,147,59.099999999999994
474,148,58.81
474,149,59.349999999999994
474,150,60.599999999999994
474,151,60.84
474,152,60.110000000000014
474,153,61.56
474,154,61.75
474,155,62.41
474,156,62.889999999999986
474,157,63.06999999999999
474,158,65.00999999999999
474,159,64.82
474,160,63.900000000000006
474,161,66.41
474,162,64.66999999999999
474,163,65.03999999999999
474,164,67.19
474,165,67.46000000000001
474,166,67.87
474,167,68.96000000000001
474,168,69.5
474,169,69.6
474,170,69.82
474,171,70.88
474,172,69.9
474,173,68.66
474,174,70.34
474,175,68.71000000000001
474,176,70.66
474,177,71.44999999999999
474,178,70.66999999999999
474,179,70.21000000000001
474,180,72.75999999999999
475,1,161.69
475,2,173.2
475,3,168.60000000000002
475,4,163.95999999999998
475,5,159.48000000000002
475,6,154.76
475,7,147.86
475,8,142.83
475,9,136.76
475,10,131.34
475,11,125.24000000000001
475,12,119.63
475,13,115.52000000000001
475,14,109.47999999999999
475,15,104.97999999999999
475,16,100.63
475,17,95.16
475,18,91.6
475,19,86
475,20,81.80000000000001
475,21,77.4
475,22,73.75999999999999
475,23,67.56
475,24,64.52000000000001
475,25,60.28999999999999
475,26,57.16999999999999
475,27,52.69
475,28,49.22999999999999
475,29,45.58000000000001
475,30,41.69999999999999
475,31,36.75
475,32,33.28999999999999
475,33,30.55000000000001
475,34,27.97
475,35,23.819999999999993
475,36,20.659999999999997
475,37,20.210000000000008
475,38,12.989999999999995
475,39,12.659999999999997
475,40,9.040000000000006
475,41,5.650000000000006
475,42,3.5400000000000063
475,43,2.3900000000000006
475,44,2.049999999999997
475,45,6.109999999999999
475,46,7.069999999999993
475,47,9.519999999999996
475,48,12.019999999999996
475,49,12.64
475,50,14.299999999999997
475,51,17.129999999999995
475,52,17.61
475,53,21.980000000000004
475,54,21.83
475,55,23.379999999999995
475,56,24.189999999999998
475,57,26.28
475,58,24.840000000000003
475,59,26.97
475,60,24.150000000000006
475,61,22.870000000000005
475,62,22.659999999999997
475,63,21.769999999999996
475,64,19.08
475,65,16.549999999999997
475,66,16.08
475,67,17.019999999999996
475,68,12.180000000000007
475,69,12.189999999999998
475,70,9.799999999999997
475,71,9.689999999999998
475,72,6.519999999999996
475,73,4.109999999999999
475,74,3.980000000000004
475,75,0.7199999999999989
475,76,0.9099999999999966
475,77,1.0300000000000011
475,78,3.4399999999999977
475,79,3.8499999999999943
475,80,4.140000000000001
475,81,4.209999999999994
475,82,6.790000000000006
475,83,8.209999999999994
475,84,10.510000000000005
475,85,9.409999999999997
475,86,11.64
475,87,12.5
475,88,14.64
475,89,17.189999999999998
475,90,16.599999999999994
475,91,17.950000000000003
475,92,18.840000000000003
475,93,20.75
475,94,20.590000000000003
475,95,23.319999999999993
475,96,22.50999999999999
475,97,26.02000000000001
475,98,25.150000000000006
475,99,24.789999999999992
475,100,28.389999999999986
475,101,27.180000000000007
475,102,28.75
475,103,30.44999999999999
475,104,30.819999999999993
475,105,32.110000000000014
475,106,33.66
475,107,33.47999999999999
475,108,32.16
475,109,34.72
475,110,35.150000000000006
475,111,36
475,112,39.06999999999999
475,113,38.25999999999999
475,114,39.03
475,115,39.75999999999999
475,116,38.66
475,117,42.58000000000001
475,118,42.360000000000014
475,119,43.34
475,120,44.56
475,121,43.889999999999986
475,122,46.400000000000006
475,123,45.629999999999995
475,124,44.97999999999999
475,125,46.68000000000001
475,126,47.47
475,127,49.41
475,128,49.06999999999999
475,129,51.09
475,130,52.849999999999994
475,131,50.06
475,132,53.53999999999999
475,133,53.44
475,134,53.00999999999999
475,135,53.66
475,136,52.80000000000001
475,137,54.91
475,138,54.360000000000014
475,139,55.78
475,140,57.94
475,141,56.389999999999986
475,142,58.91
475,143,58.18000000000001
475,144,57.400000000000006
475,145,57.900000000000006
475,146,57.47999999999999
475,147,60.19
475,148,62.379999999999995
475,149,61.27000000000001
475,150,59.78999999999999
475,151,60.75999999999999
475,152,60.19
475,153,62.72999999999999
475,154,64.97
475,155,63.58000000000001
475,156,66.05000000000001
475,157,64.41
475,158,65.13
475,159,64.91999999999999
475,160,66.43
475,161,65.55000000000001
475,162,67.71000000000001
475,163,67.80000000000001
475,164,67.94999999999999
475,165,67.55000000000001
475,166,67.37
475,167,67.97999999999999
475,168,69.87
475,169,70.87
475,170,70.94
475,171,69.87
475,172,71.24000000000001
475,173,72.85
475,174,72.78999999999999
475,175,72.56
475,176,72.75999999999999
475,177,72.06
475,178,74.38999999999999
475,179,72.27000000000001
475,180,73.33000000000001
476,1,166.76999999999998
476,2,176.87
476,3,173.23000000000002
476,4,167.35000000000002
476,5,162.13
476,6,157.29000000000002
476,7,151.95999999999998
476,8,146.60000000000002
476,9,140.47
476,10,133.64
476,11,129.25
476,12,123.41999999999999
476,13,118.41999999999999
476,14,112.91999999999999
476,15,107.32
476,16,102.5
476,17,99
476,18,93.35
476,19,89.05000000000001
476,20,84.94999999999999
476,21,81.78999999999999
476,22,77.52000000000001
476,23,71.80000000000001
476,24,68.07
476,25,62.99000000000001
476,26,61
476,27,55.97
476,28,51.56
476,29,50
476,30,42.81999999999999
476,31,40.18000000000001
476,32,37.69
476,33,32.370000000000005
476,34,30.159999999999997
476,35,26.460000000000008
476,36,24.75
476,37,19.919999999999987
476,38,19.590000000000003
476,39,15.010000000000005
476,40,12.719999999999999
476,41,11.349999999999994
476,42,6.439999999999998
476,43,3.780000000000001
476,44,0.9599999999999937
476,45,1.2399999999999949
476,46,4.159999999999997
476,47,4.650000000000006
476,48,8.61
476,49,9.709999999999994
476,50,12.36
476,51,15.180000000000007
476,52,16.650000000000006
476,53,16.200000000000003
476,54,20.930000000000007
476,55,19.97
476,56,24.17
476,57,21.349999999999994
476,58,21.180000000000007
476,59,22.650000000000006
476,60,22.060000000000002
476,61,22.900000000000006
476,62,20.33
476,63,18.099999999999994
476,64,15.670000000000002
476,65,15.549999999999997
476,66,14.11
476,67,13.920000000000002
476,68,10.379999999999995
476,69,10.420000000000002
476,70,7.670000000000002
476,71,7.480000000000004
476,72,3.6400000000000006
476,73,3.510000000000005
476,74,3.1099999999999994
476,75,1.4099999999999966
476,76,1.4000000000000057
476,77,1.4399999999999977
476,78,4.890000000000001
476,79,4.599999999999994
476,80,7.829999999999998
476,81,7.890000000000001
476,82,8.5
476,83,9.629999999999995
476,84,10.840000000000003
476,85,11.560000000000002
476,86,13.489999999999995
476,87,13.099999999999994
476,88,15.269999999999996
476,89,17.61
476,90,16.989999999999995
476,91,19.819999999999993
476,92,19.939999999999998
476,93,23.659999999999997
476,94,24.090000000000003
476,95,23.610000000000014
476,96,23.69999999999999
476,97,27.930000000000007
476,98,27.22
476,99,27.289999999999992
476,100,28.210000000000008
476,101,30.419999999999987
476,102,32.389999999999986
476,103,31.27000000000001
476,104,31.25999999999999
476,105,33.25999999999999
476,106,32.72
476,107,34.47
476,108,35.879999999999995
476,109,36.72
476,110,37.53999999999999
476,111,37.09
476,112,38.860000000000014
476,113,40.5
476,114,41.400000000000006
476,115,41.05000000000001
476,116,41.97999999999999
476,117,44.02000000000001
476,118,46.03999999999999
476,119,45.150000000000006
476,120,45.69
476,121,47.16
476,122,46.25999999999999
476,123,47.66999999999999
476,124,48.27000000000001
476,125,48.71000000000001
476,126,47.80000000000001
476,127,50.56
476,128,52.19999999999999
476,129,52.349999999999994
476,130,52.16
476,131,52.53999999999999
476,132,54.66999999999999
476,133,54.19999999999999
476,134,54.599999999999994
476,135,54.30000000000001
476,136,54.53999999999999
476,137,57.53
476,138,55.97
476,139,56.44999999999999
476,140,57.47999999999999
476,141,58.900000000000006
476,142,58.56999999999999
476,143,59.96000000000001
476,144,59.24000000000001
476,145,60.18000000000001
476,146,62.22999999999999
476,147,62.49000000000001
476,148,61.49000000000001
476,149,62.599999999999994
476,150,61.50999999999999
476,151,62.56999999999999
476,152,65.28999999999999
476,153,63.389999999999986
476,154,63.27000000000001
476,155,65.18
476,156,63.72
476,157,65.53
476,158,64.81
476,159,65.82
476,160,65.97
476,161,68.85
476,162,70.19
476,163,69.02000000000001
476,164,66.16999999999999
476,165,67.65
476,166,69.43
476,167,70.11000000000001
476,168,70.30000000000001
476,169,69.16999999999999
476,170,70.85
476,171,70.30000000000001
476,172,71.28
476,173,73.11000000000001
476,174,71.5
476,175,72.63
476,176,74.78
476,177,72.18
476,178,74.88
476,179,74.13
476,180,75.15
477,1,171.70999999999998
477,2,180.18
477,3,177.01
477,4,169.7
477,5,165.92000000000002
477,6,159.75
477,7,155.02999999999997
477,8,148.48000000000002
477,9,142.96
477,10,137.26
477,11,132.16
477,12,127.66
477,13,121.41
477,14,116.03
477,15,111.44999999999999
477,16,106.94999999999999
477,17,102.33000000000001
477,18,96.97
477,19,93.25
477,20,88.28999999999999
477,21,84.63
477,22,78.63999999999999
477,23,75.32
477,24,69.30000000000001
477,25,67.75
477,26,62.400000000000006
477,27,58.49000000000001
477,28,54.120000000000005
477,29,51.139999999999986
477,30,48.33000000000001
477,31,44.120000000000005
477,32,41.360000000000014
477,33,39.22
477,34,33.860000000000014
477,35,29.580000000000013
477,36,27.810000000000002
477,37,25.49000000000001
477,38,20.650000000000006
477,39,19.02000000000001
477,40,14.930000000000007
477,41,11.540000000000006
477,42,9.489999999999995
477,43,5.969999999999999
477,44,3.989999999999995
477,45,0.6800000000000068
477,46,0.18000000000000682
477,47,4.209999999999994
477,48,5.590000000000003
477,49,6.909999999999997
477,50,10.579999999999998
477,51,11.760000000000005
477,52,12.829999999999998
477,53,13.709999999999994
477,54,16.549999999999997
477,55,17.25
477,56,18.680000000000007
477,57,20.129999999999995
477,58,19.11
477,59,19.120000000000005
477,60,18.200000000000003
477,61,18.849999999999994
477,62,15.329999999999998
477,63,16.269999999999996
477,64,13.689999999999998
477,65,13.36
477,66,13.459999999999994
477,67,9.540000000000006
477,68,7.730000000000004
477,69,7.569999999999993
477,70,5
477,71,4.780000000000001
477,72,2.2099999999999937
477,73,1.0699999999999932
477,74,0.3299999999999983
477,75,2.0900000000000034
477,76,3.7900000000000063
477,77,6.5
477,78,5.420000000000002
477,79,7.579999999999998
477,80,8.519999999999996
477,81,10.469999999999999
477,82,11.129999999999995
477,83,13.269999999999996
477,84,15.989999999999995
477,85,14.39
477,86,14.620000000000005
477,87,16.680000000000007
477,88,20.19999999999999
477,89,19.900000000000006
477,90,21.00999999999999
477,91,23
477,92,24.930000000000007
477,93,24
477,94,24.00999999999999
477,95,26
477,96,27.03
477,97,26.30000000000001
477,98,29.389999999999986
477,99,29.590000000000003
477,100,32.33000000000001
477,101,32.24000000000001
477,102,30.819999999999993
477,103,31.960000000000008
477,104,31.810000000000002
477,105,36.129999999999995
477,106,36.620000000000005
477,107,35.78
477,108,37.139999999999986
477,109,37.370000000000005
477,110,38.99000000000001
477,111,40.97999999999999
477,112,42.94999999999999
477,113,42.44
477,114,41.34
477,115,44.110000000000014
477,116,45.19
477,117,45.81
477,118,46.110000000000014
477,119,47.93000000000001
477,120,46.06
477,121,46.00999999999999
477,122,47.900000000000006
477,123,49.629999999999995
477,124,49.33000000000001
477,125,51.629999999999995
477,126,49.81
477,127,52
477,128,51.09
477,129,52.05000000000001
477,130,54.47999999999999
477,131,53.25
477,132,54.59
477,133,56.77000000000001
477,134,55.66
477,135,57.00999999999999
477,136,56.91
477,137,56.05000000000001
477,138,56.599999999999994
477,139,57.629999999999995
477,140,58.56
477,141,59.5
477,142,60.19
477,143,59.129999999999995
477,144,59.870000000000005
477,145,63.620000000000005
477,146,61.83000000000001
477,147,62.43000000000001
477,148,62.99000000000001
477,149,63.80000000000001
477,150,63.78999999999999
477,151,63.650000000000006
477,152,63.860000000000014
477,153,65.53999999999999
477,154,67.65
477,155,66.31
477,156,66.19
477,157,68.93
477,158,66.08000000000001
477,159,67.97
477,160,70.84
477,161,67.36000000000001
477,162,69.30000000000001
477,163,69.86000000000001
477,164,69.81
477,165,69.19999999999999
477,166,71.09
477,167,71.1
477,168,69.93
477,169,72.16
477,170,70.28
477,171,70.53999999999999
477,172,74.41
477,173,72.80000000000001
477,174,74.55000000000001
477,175,74.94999999999999
477,176,73.72999999999999
477,177,75.38
477,178,76.63999999999999
477,179,74.96000000000001
477,180,75.87
478,1,173.70999999999998
478,2,183.20999999999998
478,3,179.48000000000002
478,4,174.26
478,5,169.10000000000002
478,6,163.99
478,7,157.10000000000002
478,8,150.95
478,9,144.57
478,10,141.45
478,11,134.43
478,12,130.34
478,13,125.12
478,14,119.02000000000001
478,15,114.36000000000001
478,16,110.66999999999999
478,17,105.33000000000001
478,18,101.56
478,19,96.75
478,20,90.21000000000001
478,21,86.66999999999999
478,22,82.75999999999999
478,23,79.78
478,24,73.19999999999999
478,25,71.50999999999999
478,26,64.02000000000001
478,27,62.56999999999999
478,28,58.08000000000001
478,29,54.28999999999999
478,30,50.41999999999999
478,31,47.30000000000001
478,32,44.31999999999999
478,33,39.08000000000001
478,34,35.75999999999999
478,35,34.639999999999986
478,36,29.72999999999999
478,37,27.19999999999999
478,38,25.060000000000002
478,39,21.860000000000014
478,40,17.92
478,41,15.75
478,42,13.150000000000006
478,43,8.620000000000005
478,44,7.079999999999998
478,45,4.769999999999996
478,46,0.6899999999999977
478,47,0.6599999999999966
478,48,3.1500000000000057
478,49,3.1899999999999977
478,50,6.3799999999999955
478,51,7.040000000000006
478,52,10.579999999999998
478,53,9.530000000000001
478,54,12.430000000000007
478,55,14.340000000000003
478,56,14.530000000000001
478,57,15.969999999999999
478,58,16.78
478,59,17.950000000000003
478,60,15.89
478,61,15.340000000000003
478,62,14.099999999999994
478,63,13.170000000000002
478,64,12.420000000000002
478,65,11
478,66,10.090000000000003
478,67,7.269999999999996
478,68,9.329999999999998
478,69,3.6599999999999966
478,70,1.9599999999999937
478,71,2.239999999999995
478,72,0.7600000000000051
478,73,0.9200000000000017
478,74,2.0999999999999943
478,75,2.9099999999999966
478,76,3.0400000000000063
478,77,6.540000000000006
478,78,7.959999999999994
478,79,8.519999999999996
478,80,10.5
478,81,12.200000000000003
478,82,13.920000000000002
478,83,14.019999999999996
478,84,16.709999999999994
478,85,17.819999999999993
478,86,18.389999999999986
478,87,20.00999999999999
478,88,19.310000000000002
478,89,21.05000000000001
478,90,21.75999999999999
478,91,23.289999999999992
478,92,25.180000000000007
478,93,25.19999999999999
478,94,26.169999999999987
478,95,28.47999999999999
478,96,27.75
478,97,27.849999999999994
478,98,31.139999999999986
478,99,29.349999999999994
478,100,29.889999999999986
478,101,35.24000000000001
478,102,34.879999999999995
478,103,35.44
478,104,36.879999999999995
478,105,39.06
478,106,39.69
478,107,37.80000000000001
478,108,39.150000000000006
478,109,39.849999999999994
478,110,39.91
478,111,42.75999999999999
478,112,44.21000000000001
478,113,44.139999999999986
478,114,45.99000000000001
478,115,42.83000000000001
478,116,44.34
478,117,44.50999999999999
478,118,47.77000000000001
478,119,47.610000000000014
478,120,48.41999999999999
478,121,50.53
478,122,50.47999999999999
478,123,50.94999999999999
478,124,52.00999999999999
478,125,52.41
478,126,52.28999999999999
478,127,52.91999999999999
478,128,54.69999999999999
478,129,54.639999999999986
478,130,54.400000000000006
478,131,56.650000000000006
478,132,55.81
478,133,55.71000000000001
478,134,54.629999999999995
478,135,57.639999999999986
478,136,56.56
478,137,57.16
478,138,60.34
478,139,59.56999999999999
478,140,61.44
478,141,61.150000000000006
478,142,62.93000000000001
478,143,62.78999999999999
478,144,60.94
478,145,63.97
478,146,63.599999999999994
478,147,64.97
478,148,65.75999999999999
478,149,63.150000000000006
478,150,65.69
478,151,64.97
478,152,65.61000000000001
478,153,66.86000000000001
478,154,66.62
478,155,68.35
478,156,70.53
478,157,66.63999999999999
478,158,67.34
478,159,66.84
478,160,70.22999999999999
478,161,68.84
478,162,68.21000000000001
478,163,70.9
478,164,71.83000000000001
478,165,72.58000000000001
478,166,71.38
478,167,71.65
478,168,72.91999999999999
478,169,73.97
478,170,72.56
478,171,75.49000000000001
478,172,74.37
478,173,75.53999999999999
478,174,74.11000000000001
478,175,75.37
478,176,75.69
478,177,76.19
478,178,77.09
478,179,77.44
478,180,76.27000000000001
479,1,178.79000000000002
479,2,188.19
479,3,182.74
479,4,177.70999999999998
479,5,171.51
479,6,166.95
479,7,162.18
479,8,155.58999999999997
479,9,149.98000000000002
479,10,141.74
479,11,138.3
479,12,131.55
479,13,126.96000000000001
479,14,122.53
479,15,117.91999999999999
479,16,112.87
479,17,108.75
479,18,103.13
479,19,98.75
479,20,94.74000000000001
479,21,89.86000000000001
479,22,84.94999999999999
479,23,82.09
479,24,77.56
479,25,73.52000000000001
479,26,67.35
479,27,65.58000000000001
479,28,62.400000000000006
479,29,57.30000000000001
479,30,53.71000000000001
479,31,51.31999999999999
479,32,46.24000000000001
479,33,43.34
479,34,40.849999999999994
479,35,36.21000000000001
479,36,34.44
479,37,30.74000000000001
479,38,24.30000000000001
479,39,23.97999999999999
479,40,20.72
479,41,18.28
479,42,15.680000000000007
479,43,15.739999999999995
479,44,10.540000000000006
479,45,8.689999999999998
479,46,5.510000000000005
479,47,1.5300000000000011
479,48,1.5
479,49,1.8100000000000023
479,50,4.950000000000003
479,51,4.799999999999997
479,52,6.310000000000002
479,53,8.420000000000002
479,54,10.36
479,55,11.430000000000007
479,56,13.719999999999999
479,57,13.790000000000006
479,58,13.099999999999994
479,59,13.829999999999998
479,60,14.239999999999995
479,61,12.959999999999994
479,62,11
479,63,13.170000000000002
479,64,10.060000000000002
479,65,8.829999999999998
479,66,7.769999999999996
479,67,5.769999999999996
479,68,4.859999999999999
479,69,3.569999999999993
479,70,2.010000000000005
479,71,0.23999999999999488
479,72,1.4000000000000057
479,73,2.8499999999999943
479,74,3.450000000000003
479,75,6.549999999999997
479,76,6.969999999999999
479,77,10.219999999999999
479,78,10.489999999999995
479,79,12.930000000000007
479,80,13
479,81,13.329999999999998
479,82,14.920000000000002
479,83,17.61
479,84,18.639999999999986
479,85,18.539999999999992
479,86,20.590000000000003
479,87,22.090000000000003
479,88,23.28
479,89,24.110000000000014
479,90,24.849999999999994
479,91,25.659999999999997
479,92,26.22
479,93,28.419999999999987
479,94,27.27000000000001
479,95,28.590000000000003
479,96,30.139999999999986
479,97,30.560000000000002
479,98,32.22
479,99,33.97999999999999
479,100,34.81999999999999
479,101,35.150000000000006
479,102,36.78999999999999
479,103,36.16999999999999
479,104,36.139999999999986
479,105,39.27000000000001
479,106,39.75999999999999
479,107,40.96000000000001
479,108,41.06999999999999
479,109,42.78999999999999
479,110,43.03999999999999
479,111,43.74000000000001
479,112,44.91
479,113,45.02000000000001
479,114,45.68000000000001
479,115,44.27000000000001
479,116,46.41999999999999
479,117,47.77000000000001
479,118,47.379999999999995
479,119,48.56999999999999
479,120,49.650000000000006
479,121,49.139999999999986
479,122,51.879999999999995
479,123,52.22
479,124,51.66
479,125,53.81999999999999
479,126,54.47999999999999
479,127,55.55000000000001
479,128,55.83000000000001
479,129,56.68000000000001
479,130,57.16999999999999
479,131,57.349999999999994
479,132,55.5
479,133,59.08000000000001
479,134,57.96000000000001
479,135,57.77000000000001
479,136,59.18000000000001
479,137,60.31999999999999
479,138,61.94999999999999
479,139,60.94999999999999
479,140,62.22
479,141,61.08000000000001
479,142,63.52000000000001
479,143,63.110000000000014
479,144,63.71000000000001
479,145,64.63999999999999
479,146,63.5
479,147,67.13999999999999
479,148,65.85
479,149,65.43
479,150,68.28999999999999
479,151,65.53999999999999
479,152,68.25999999999999
479,153,66.82
479,154,68.08000000000001
479,155,67.46000000000001
479,156,69.5
479,157,68.22
479,158,70.46000000000001
479,159,70.25999999999999
479,160,70.72
479,161,70.74000000000001
479,162,70.38999999999999
479,163,73.87
479,164,70.86000000000001
479,165,73.4
479,166,71.97
479,167,74.66999999999999
479,168,71.91999999999999
479,169,74.47999999999999
479,170,74.91
479,171,76.27000000000001
479,172,76.19
479,173,75.96000000000001
479,174,75.6
479,175,76.5
479,176,76.88
479,177,77.33000000000001
479,178,77.78999999999999
479,179,77.75999999999999
479,180,75.81
480,1,183.14999999999998
480,2,190.66000000000003
480,3,186.20999999999998
480,4,179.42000000000002
480,5,174.93
480,6,168.88
480,7,163.26
480,8,158.58999999999997
480,9,151.95
480,10,146.48000000000002
480,11,141.61
480,12,136.55
480,13,131.35
480,14,126.50999999999999
480,15,120.71000000000001
480,16,116.07
480,17,111.44
480,18,106.16
480,19,101.32
480,20,99.41
480,21,92.22
480,22,88.33000000000001
480,23,84
480,24,78.36000000000001
480,25,77.83000000000001
480,26,72.22999999999999
480,27,68.15
480,28,63.53
480,29,59.72
480,30,57.59
480,31,54.81
480,32,49.25
480,33,45.41999999999999
480,34,43.69
480,35,39.25
480,36,38.099999999999994
480,37,32.66
480,38,30.49000000000001
480,39,27.590000000000003
480,40,24.159999999999997
480,41,20.599999999999994
480,42,19.02000000000001
480,43,16.319999999999993
480,44,13.870000000000005
480,45,12.599999999999994
480,46,9.049999999999997
480,47,6.859999999999999
480,48,3.239999999999995
480,49,2.239999999999995
480,50,0.15000000000000568
480,51,1.25
480,52,3.489999999999995
480,53,5.049999999999997
480,54,8.879999999999995
480,55,9.049999999999997
480,56,9.700000000000003
480,57,10.129999999999995
480,58,10.829999999999998
480,59,11.260000000000005
480,60,9.719999999999999
480,61,9.769999999999996
480,62,11.769999999999996
480,63,8.379999999999995
480,64,7.209999999999994
480,65,6.8700000000000045
480,66,4.430000000000007
480,67,4.3799999999999955
480,68,1.5499999999999972
480,69,0.01999999999999602
480,70,0.5900000000000034
480,71,1.7900000000000063
480,72,2.780000000000001
480,73,5.510000000000005
480,74,6.650000000000006
480,75,6.230000000000004
480,76,9.989999999999995
480,77,11.219999999999999
480,78,11.269999999999996
480,79,13.120000000000005
480,80,13.349999999999994
480,81,16.239999999999995
480,82,17.689999999999998
480,83,19.00999999999999
480,84,16.230000000000004
480,85,20.169999999999987
480,86,21.610000000000014
480,87,23.610000000000014
480,88,22.360000000000014
480,89,27.47999999999999
480,90,24
480,91,27.370000000000005
480,92,29.919999999999987
480,93,29.349999999999994
480,94,30.52000000000001
480,95,30.22
480,96,32.349999999999994
480,97,34.81
480,98,33.16
480,99,33.58000000000001
480,100,35.03
480,101,37.639999999999986
480,102,36.91999999999999
480,103,38.24000000000001
480,104,38.94
480,105,42.110000000000014
480,106,40.5
480,107,40.68000000000001
480,108,42.77000000000001
480,109,43.69999999999999
480,110,44.91
480,111,44.99000000000001
480,112,46.34
480,113,45.93000000000001
480,114,45.860000000000014
480,115,46.91
480,116,48.31
480,117,48.379999999999995
480,118,47.349999999999994
480,119,50.120000000000005
480,120,50.81999999999999
480,121,53.629999999999995
480,122,53.16
480,123,54.58000000000001
480,124,54.06999999999999
480,125,54.370000000000005
480,126,54.639999999999986
480,127,55.80000000000001
480,128,56.43000000000001
480,129,56.599999999999994
480,130,56.08000000000001
480,131,56.71000000000001
480,132,59.69
480,133,58.16999999999999
480,134,60.400000000000006
480,135,60.41999999999999
480,136,60.02000000000001
480,137,62.44999999999999
480,138,61.900000000000006
480,139,61.389999999999986
480,140,64.22
480,141,63.599999999999994
480,142,63.47999999999999
480,143,66.41
480,144,65.41
480,145,64.30000000000001
480,146,63.71000000000001
480,147,66.83000000000001
480,148,68.25999999999999
480,149,67.53
480,150,67.71000000000001
480,151,67.41
480,152,69.61000000000001
480,153,70.6
480,154,70.16999999999999
480,155,69.53
480,156,67.97
480,157,70.97
480,158,72.6
480,159,71.13999999999999
480,160,69.5
480,161,69.97999999999999
480,162,73.27000000000001
480,163,73.58000000000001
480,164,72.28
480,165,73.13999999999999
480,166,74.68
480,167,77.03
480,168,76.75
480,169,74.75
480,170,77.52000000000001
480,171,76.30000000000001
480,172,76.52000000000001
480,173,78.63
480,174,76.41999999999999
480,175,77.11000000000001
480,176,75.05000000000001
480,177,79.15
480,178,76.81
480,179,78.66999999999999
480,180,78.61000000000001
481,1,185.08999999999997
481,2,191.18
481,3,189.36
481,4,183.5
481,5,177.12
481,6,173.01
481,7,166.8
481,8,160.76999999999998
481,9,155.83999999999997
481,10,149.7
481,11,144.35
481,12,138.86
481,13,133.74
481,14,129.59
481,15,123.49000000000001
481,16,118.47
481,17,114.94999999999999
481,18,109.87
481,19,106.18
481,20,100.24000000000001
481,21,93.85
481,22,91.49000000000001
481,23,86.69999999999999
481,24,85.13999999999999
481,25,78.72999999999999
481,26,75.36000000000001
481,27,71.80000000000001
481,28,68.12
481,29,63.99000000000001
481,30,61.56999999999999
481,31,56.18000000000001
481,32,52.25
481,33,49.28
481,34,46.72
481,35,41.91
481,36,40.78999999999999
481,37,36.97999999999999
481,38,33.44
481,39,30.710000000000008
481,40,27.590000000000003
481,41,24.49000000000001
481,42,21.840000000000003
481,43,20.060000000000002
481,44,16.680000000000007
481,45,12.180000000000007
481,46,11.939999999999998
481,47,7.969999999999999
481,48,7.939999999999998
481,49,4.969999999999999
481,50,2.9599999999999937
481,51,1.4399999999999977
481,52,1.7999999999999972
481,53,3.3799999999999955
481,54,5.599999999999994
481,55,5.8799999999999955
481,56,7.349999999999994
481,57,8.719999999999999
481,58,6.519999999999996
481,59,8.120000000000005
481,60,9.040000000000006
481,61,7.439999999999998
481,62,6.329999999999998
481,63,6.8799999999999955
481,64,4.359999999999999
481,65,5.230000000000004
481,66,1.4599999999999937
481,67,0.730000000000004
481,68,0.01999999999999602
481,69,1.8299999999999983
481,70,2.069999999999993
481,71,3.969999999999999
481,72,4.890000000000001
481,73,8.150000000000006
481,74,8.409999999999997
481,75,10.36
481,76,12.299999999999997
481,77,13.450000000000003
481,78,12.930000000000007
481,79,14.920000000000002
481,80,14.790000000000006
481,81,17.599999999999994
481,82,19.94999999999999
481,83,21.77000000000001
481,84,21.5
481,85,21.47
481,86,22.189999999999998
481,87,26.129999999999995
481,88,24.25999999999999
481,89,27.840000000000003
481,90,28.080000000000013
481,91,27.569999999999993
481,92,29.689999999999998
481,93,31.150000000000006
481,94,30.80000000000001
481,95,33.05000000000001
481,96,34.900000000000006
481,97,33.849999999999994
481,98,36.08000000000001
481,99,37.370000000000005
481,100,37.58000000000001
481,101,39.25999999999999
481,102,41.52000000000001
481,103,39.379999999999995
481,104,41.91
481,105,41.30000000000001
481,106,42.28
481,107,43.52000000000001
481,108,42.66999999999999
481,109,45.46000000000001
481,110,46.21000000000001
481,111,48.16999999999999
481,112,47.21000000000001
481,113,47.870000000000005
481,114,49.22999999999999
481,115,49.31
481,116,50.31999999999999
481,117,50.31
481,118,50.59
481,119,50.69999999999999
481,120,55.110000000000014
481,121,54.58000000000001
481,122,55.49000000000001
481,123,53.69
481,124,55.24000000000001
481,125,54.84
481,126,56.25999999999999
481,127,57.849999999999994
481,128,59.18000000000001
481,129,58.50999999999999
481,130,59.52000000000001
481,131,61.44
481,132,59.08000000000001
481,133,58.900000000000006
481,134,62.97999999999999
481,135,59.099999999999994
481,136,63.02000000000001
481,137,62.650000000000006
481,138,62.889999999999986
481,139,64.93
481,140,64.55000000000001
481,141,64.33000000000001
481,142,65.82
481,143,67.19999999999999
481,144,66.41999999999999
481,145,66.21000000000001
481,146,67.21000000000001
481,147,66.22999999999999
481,148,69.46000000000001
481,149,66.33000000000001
481,150,70.21000000000001
481,151,66.83000000000001
481,152,68.59
481,153,70.5
481,154,71.82
481,155,70.96000000000001
481,156,71.53
481,157,71.44999999999999
481,158,70.25999999999999
481,159,72.53999999999999
481,160,72.77000000000001
481,161,74.88999999999999
481,162,74.16
481,163,74.19
481,164,73.88
481,165,75.74000000000001
481,166,75.74000000000001
481,167,77.47999999999999
481,168,76.13
481,169,76.28
481,170,75.97
481,171,75.13
481,172,76.97
481,173,77
481,174,77.38
481,175,79.78999999999999
481,176,79.06
481,177,79.28
481,178,79.03
481,179,79.22
481,180,79.88
482,1,188.64
482,2,196.31
482,3,193.8
482,4,187.55
482,5,181.58999999999997
482,6,176.81
482,7,169.39
482,8,164.05
482,9,158.11
482,10,152.62
482,11,146.51
482,12,142.51
482,13,136.5
482,14,131.2
482,15,127.05000000000001
482,16,121.13999999999999
482,17,118.24000000000001
482,18,112.24000000000001
482,19,106.94999999999999
482,20,104.08000000000001
482,21,99.37
482,22,94.08000000000001
482,23,89.91999999999999
482,24,88.47999999999999
482,25,81.07
482,26,77.91999999999999
482,27,74.81
482,28,71.61000000000001
482,29,67.53999999999999
482,30,62.81
482,31,60.18000000000001
482,32,56.30000000000001
482,33,52.81999999999999
482,34,47.78999999999999
482,35,45.19
482,36,42.78999999999999
482,37,39.71000000000001
482,38,34.75999999999999
482,39,33.5
482,40,30.870000000000005
482,41,26.97999999999999
482,42,27.460000000000008
482,43,23.77000000000001
482,44,18.860000000000014
482,45,17.39
482,46,15.599999999999994
482,47,11.75
482,48,11.349999999999994
482,49,6.640000000000001
482,50,5.829999999999998
482,51,5.909999999999997
482,52,1.5100000000000051
482,53,0.9500000000000028
482,54,1.0999999999999943
482,55,4.3700000000000045
482,56,2.450000000000003
482,57,5.5
482,58,7.109999999999999
482,59,4.1299999999999955
482,60,6.459999999999994
482,61,5.489999999999995
482,62,4.599999999999994
482,63,3.4399999999999977
482,64,2.819999999999993
482,65,2.010000000000005
482,66,0.6200000000000045
482,67,0.12999999999999545
482,68,0.9899999999999949
482,69,3.4200000000000017
482,70,5.659999999999997
482,71,5.739999999999995
482,72,9.189999999999998
482,73,8.370000000000005
482,74,10.590000000000003
482,75,12.709999999999994
482,76,13.079999999999998
482,77,13.36
482,78,16.939999999999998
482,79,17.790000000000006
482,80,17.319999999999993
482,81,20.370000000000005
482,82,21.189999999999998
482,83,24.189999999999998
482,84,23.5
482,85,23.680000000000007
482,86,24.430000000000007
482,87,26.689999999999998
482,88,27.650000000000006
482,89,28.930000000000007
482,90,29.580000000000013
482,91,31.710000000000008
482,92,30.819999999999993
482,93,32
482,94,32.44999999999999
482,95,36.75999999999999
482,96,36.860000000000014
482,97,37.91
482,98,38.80000000000001
482,99,37.24000000000001
482,100,38.83000000000001
482,101,41
482,102,40.72
482,103,42.72
482,104,42.84
482,105,42.879999999999995
482,106,43.58000000000001
482,107,45.53
482,108,46.129999999999995
482,109,46.41999999999999
482,110,48.93000000000001
482,111,46.16999999999999
482,112,49.150000000000006
482,113,50.099999999999994
482,114,51.370000000000005
482,115,50.71000000000001
482,116,51.28
482,117,50.53999999999999
482,118,54.30000000000001
482,119,55.22
482,120,54.53999999999999
482,121,54.56999999999999
482,122,56.00999999999999
482,123,57.50999999999999
482,124,57.22
482,125,58.50999999999999
482,126,54.620000000000005
482,127,59.650000000000006
482,128,57.31
482,129,60.120000000000005
482,130,58.91
482,131,61.44999999999999
482,132,60.74000000000001
482,133,62.099999999999994
482,134,63.05000000000001
482,135,63.629999999999995
482,136,62.68000000000001
482,137,64.19
482,138,64.47999999999999
482,139,66.43
482,140,67.16
482,141,64.9
482,142,66.97999999999999
482,143,68.66
482,144,66.62
482,145,67.22
482,146,68.30000000000001
482,147,67.78
482,148,69.13
482,149,72.47
482,150,71.13999999999999
482,151,70.12
482,152,70.16
482,153,71.36000000000001
482,154,71.50999999999999
482,155,70.58000000000001
482,156,73.55000000000001
482,157,73.63
482,158,73.44999999999999
482,159,72.84
482,160,76.05000000000001
482,161,74.30000000000001
482,162,74.47999999999999
482,163,75.09
482,164,75.52000000000001
482,165,76.00999999999999
482,166,78.19
482,167,78.13999999999999
482,168,77.78
482,169,77.22
482,170,78.07
482,171,79.05000000000001
482,172,78.61000000000001
482,173,78.06
482,174,79.21000000000001
482,175,80.63
482,176,79.16
482,177,79.03999999999999
482,178,81.00999999999999
482,179,81.66999999999999
482,180,80.44999999999999
483,1,190
483,2,198.37
483,3,194.47000000000003
483,4,190.83999999999997
483,5,183.66000000000003
483,6,179.12
483,7,172.32999999999998
483,8,166.8
483,9,160.33999999999997
483,10,156.45999999999998
483,11,150.86
483,12,144.91
483,13,140.05
483,14,133.81
483,15,129.16
483,16,125.69
483,17,119.49000000000001
483,18,114.03
483,19,110.77000000000001
483,20,106.33000000000001
483,21,101.97
483,22,98.28
483,23,94.62
483,24,89.88
483,25,86.13
483,26,81.61000000000001
483,27,77.19
483,28,73.99000000000001
483,29,70.52000000000001
483,30,66.28999999999999
483,31,62.099999999999994
483,32,59.46000000000001
483,33,56.30000000000001
483,34,51.349999999999994
483,35,49.66999999999999
483,36,45.75999999999999
483,37,41.69
483,38,39.97999999999999
483,39,37.16999999999999
483,40,35.06
483,41,31.159999999999997
483,42,26.810000000000002
483,43,24.830000000000013
483,44,22.599999999999994
483,45,20.28
483,46,18.819999999999993
483,47,15.099999999999994
483,48,12.790000000000006
483,49,11.269999999999996
483,50,10.079999999999998
483,51,6.959999999999994
483,52,4.189999999999998
483,53,3.1500000000000057
483,54,3.0400000000000063
483,55,0.6400000000000006
483,56,1.5600000000000023
483,57,1.25
483,58,1.1400000000000006
483,59,1.1599999999999966
483,60,2.489999999999995
483,61,1.3199999999999932
483,62,1.8499999999999943
483,63,0.7800000000000011
483,64,0.7900000000000063
483,65,1.1200000000000045
483,66,0.37999999999999545
483,67,4.739999999999995
483,68,3.8799999999999955
483,69,5.329999999999998
483,70,9.739999999999995
483,71,9.120000000000005
483,72,10.840000000000003
483,73,10.900000000000006
483,74,12.36
483,75,13.349999999999994
483,76,17.090000000000003
483,77,16.049999999999997
483,78,18.47999999999999
483,79,19.94999999999999
483,80,18.330000000000013
483,81,22.77000000000001
483,82,24.139999999999986
483,83,22.75999999999999
483,84,25.150000000000006
483,85,26
483,86,27.27000000000001
483,87,28.659999999999997
483,88,29.99000000000001
483,89,30.590000000000003
483,90,30.94999999999999
483,91,33.81999999999999
483,92,33.19999999999999
483,93,33.599999999999994
483,94,34.66999999999999
483,95,37.099999999999994
483,96,38.05000000000001
483,97,38.33000000000001
483,98,38.120000000000005
483,99,40.900000000000006
483,100,41.74000000000001
483,101,45.120000000000005
483,102,42.30000000000001
483,103,45.53999999999999
483,104,46.129999999999995
483,105,46.49000000000001
483,106,47.120000000000005
483,107,47.97999999999999
483,108,46.900000000000006
483,109,47.77000000000001
483,110,51.66999999999999
483,111,51.150000000000006
483,112,50.93000000000001
483,113,50.49000000000001
483,114,52.43000000000001
483,115,53.44
483,116,54.34
483,117,53.71000000000001
483,118,55.370000000000005
483,119,56.25
483,120,55.400000000000006
483,121,55.96000000000001
483,122,56.06999999999999
483,123,57.650000000000006
483,124,57.31
483,125,58.31999999999999
483,126,59.860000000000014
483,127,61.49000000000001
483,128,59.78
483,129,60.870000000000005
483,130,62.71000000000001
483,131,62.53
483,132,62.66
483,133,64.66
483,134,63.44999999999999
483,135,66.08000000000001
483,136,65.96000000000001
483,137,64.52000000000001
483,138,66.99000000000001
483,139,65.66999999999999
483,140,67.74000000000001
483,141,67.13999999999999
483,142,67.53999999999999
483,143,67.33000000000001
483,144,68.22999999999999
483,145,69.91
483,146,68.83000000000001
483,147,71.58000000000001
483,148,70.75999999999999
483,149,70.30000000000001
483,150,70.88
483,151,71.96000000000001
483,152,71.24000000000001
483,153,71.50999999999999
483,154,73.56
483,155,73.43
483,156,74.22
483,157,74.09
483,158,74.72
483,159,73.72999999999999
483,160,75.22
483,161,76.22999999999999
483,162,75.72999999999999
483,163,77.02000000000001
483,164,75.85
483,165,77.18
483,166,75.61000000000001
483,167,78.00999999999999
483,168,77.87
483,169,79.19999999999999
483,170,78.34
483,171,77.05000000000001
483,172,81.47999999999999
483,173,80.28999999999999
483,174,80.41
483,175,82.33000000000001
483,176,80.77000000000001
483,177,81.30000000000001
483,178,80.21000000000001
483,179,82.1
483,180,80.97999999999999
484,1,194.64
484,2,199.87
484,3,197.8
484,4,194.51999999999998
484,5,188.32
484,6,182.07999999999998
484,7,176.74
484,8,170.36
484,9,164.93
484,10,157.92000000000002
484,11,154.31
484,12,147.13
484,13,142.23
484,14,137.77
484,15,131.8
484,16,128.98
484,17,123.81
484,18,118.71000000000001
484,19,114.84
484,20,108.53
484,21,105.32
484,22,101.07
484,23,98.21000000000001
484,24,91.78999999999999
484,25,88.16999999999999
484,26,83.44
484,27,81.6
484,28,75.27000000000001
484,29,73.85
484,30,70.52000000000001
484,31,65.97999999999999
484,32,61.96000000000001
484,33,59.58000000000001
484,34,56.629999999999995
484,35,52.94
484,36,48.93000000000001
484,37,46.389999999999986
484,38,41.639999999999986
484,39,40.53999999999999
484,40,37.870000000000005
484,41,32.889999999999986
484,42,32.16999999999999
484,43,28.939999999999998
484,44,27.169999999999987
484,45,23.090000000000003
484,46,21.400000000000006
484,47,18.330000000000013
484,48,14.989999999999995
484,49,15.040000000000006
484,50,11.549999999999997
484,51,8.400000000000006
484,52,8.11
484,53,7.930000000000007
484,54,5.909999999999997
484,55,4.659999999999997
484,56,2.3499999999999943
484,57,2.1500000000000057
484,58,0.8900000000000006
484,59,1.8199999999999932
484,60,1.5100000000000051
484,61,1.269999999999996
484,62,0.5799999999999983
484,63,1.0100000000000051
484,64,2.5600000000000023
484,65,4.030000000000001
484,66,2.1099999999999994
484,67,5.709999999999994
484,68,6.769999999999996
484,69,8.64
484,70,9.670000000000002
484,71,11.180000000000007
484,72,11.870000000000005
484,73,13.61
484,74,17
484,75,16.319999999999993
484,76,17.599999999999994
484,77,19.560000000000002
484,78,20.189999999999998
484,79,21.960000000000008
484,80,22.80000000000001
484,81,23.669999999999987
484,82,24.25999999999999
484,83,25.28
484,84,25.909999999999997
484,85,27.879999999999995
484,86,29.830000000000013
484,87,28.120000000000005
484,88,31.819999999999993
484,89,33.75
484,90,35.43000000000001
484,91,34.22999999999999
484,92,37.27000000000001
484,93,35.620000000000005
484,94,34.99000000000001
484,95,37.81999999999999
484,96,39.5
484,97,39.44999999999999
484,98,42.77000000000001
484,99,41.74000000000001
484,100,44.94999999999999
484,101,42.889999999999986
484,102,43.31
484,103,44.68000000000001
484,104,46.91999999999999
484,105,47.599999999999994
484,106,47.360000000000014
484,107,46.91999999999999
484,108,48.47999999999999
484,109,51.81
484,110,49.97999999999999
484,111,52.58000000000001
484,112,53.71000000000001
484,113,53
484,114,54.19
484,115,56.03
484,116,54.629999999999995
484,117,55.81
484,118,56.08000000000001
484,119,55.53999999999999
484,120,57.94
484,121,56.639999999999986
484,122,59.25999999999999
484,123,57.44999999999999
484,124,60.56
484,125,60.46000000000001
484,126,61.84
484,127,61.19999999999999
484,128,62.34
484,129,61.77000000000001
484,130,63.5
484,131,63.22
484,132,65.06
484,133,63.49000000000001
484,134,65.72999999999999
484,135,66.1
484,136,65.91999999999999
484,137,67.4
484,138,67.31
484,139,66.32
484,140,69.03
484,141,69.65
484,142,69.03999999999999
484,143,71.15
484,144,73.53
484,145,70.87
484,146,72.81
484,147,71.74000000000001
484,148,72.75
484,149,73.06
484,150,73.63
484,151,75.75999999999999
484,152,71.28999999999999
484,153,72.32
484,154,73.94
484,155,73.15
484,156,74.36000000000001
484,157,76.22999999999999
484,158,75.30000000000001
484,159,76.44
484,160,77.34
484,161,75.07
484,162,78.16999999999999
484,163,76.69
484,164,78.53999999999999
484,165,78.19
484,166,78.50999999999999
484,167,80.33000000000001
484,168,78.75999999999999
484,169,78.99000000000001
484,170,79.63
484,171,80.6
484,172,79.25999999999999
484,173,79.35
484,174,81.16
484,175,81.87
484,176,81.19999999999999
484,177,84.41
484,178,82.6
484,179,82.83000000000001
484,180,85.66999999999999
485,1,199.54000000000002
485,2,204.61
485,3,200.44
485,4,195.85000000000002
485,5,190.32999999999998
485,6,184.36
485,7,178.14
485,8,172.89
485,9,167.25
485,10,162.87
485,11,156.54000000000002
485,12,151.04000000000002
485,13,145.85
485,14,141.58
485,15,135.56
485,16,129.65
485,17,126.1
485,18,121.19
485,19,116.94999999999999
485,20,113.22
485,21,108.05000000000001
485,22,102.05000000000001
485,23,99.62
485,24,95.85
485,25,91.03999999999999
485,26,87.85
485,27,83.28999999999999
485,28,80.35
485,29,74.78999999999999
485,30,73.11000000000001
485,31,68.68
485,32,66.25
485,33,61.55000000000001
485,34,58.08000000000001
485,35,56.31
485,36,52.34
485,37,47.360000000000014
485,38,45.22
485,39,43.22
485,40,39.84
485,41,37.58000000000001
485,42,34.75999999999999
485,43,30.590000000000003
485,44,29.120000000000005
485,45,24.72
485,46,25.659999999999997
485,47,22.939999999999998
485,48,21.49000000000001
485,49,18.289999999999992
485,50,15.61
485,51,11.780000000000001
485,52,10.959999999999994
485,53,9.090000000000003
485,54,6.140000000000001
485,55,6.219999999999999
485,56,4.810000000000002
485,57,5.319999999999993
485,58,3.6400000000000006
485,59,3.980000000000004
485,60,3.6200000000000045
485,61,1.5300000000000011
485,62,3.8700000000000045
485,63,4.670000000000002
485,64,4.109999999999999
485,65,6.75
485,66,5.180000000000007
485,67,9.049999999999997
485,68,10.530000000000001
485,69,9.519999999999996
485,70,11.670000000000002
485,71,14.670000000000002
485,72,16.25
485,73,16.620000000000005
485,74,16.680000000000007
485,75,19.569999999999993
485,76,19.810000000000002
485,77,20.409999999999997
485,78,23.24000000000001
485,79,23.039999999999992
485,80,23.00999999999999
485,81,26.430000000000007
485,82,28.44999999999999
485,83,29.330000000000013
485,84,29.900000000000006
485,85,30.99000000000001
485,86,31.78
485,87,35.84
485,88,35.19999999999999
485,89,35.099999999999994
485,90,35.47
485,91,36.66
485,92,37.19
485,93,39.81
485,94,37.71000000000001
485,95,39.84
485,96,41.05000000000001
485,97,41.22999999999999
485,98,42.34
485,99,45.78
485,100,44.620000000000005
485,101,45.06999999999999
485,102,44.72999999999999
485,103,45.639999999999986
485,104,48.389999999999986
485,105,49.46000000000001
485,106,49.06
485,107,50.21000000000001
485,108,51.75999999999999
485,109,51.46000000000001
485,110,53.27000000000001
485,111,53.08000000000001
485,112,54.5
485,113,55.599999999999994
485,114,55.349999999999994
485,115,55.03
485,116,55.599999999999994
485,117,57.41
485,118,57.28999999999999
485,119,58.77000000000001
485,120,56.78
485,121,57.03
485,122,61.50999999999999
485,123,61.139999999999986
485,124,61.610000000000014
485,125,61.30000000000001
485,126,62.97
485,127,64.66999999999999
485,128,64.19999999999999
485,129,64.13999999999999
485,130,64.00999999999999
485,131,65.57
485,132,65.12
485,133,66.53999999999999
485,134,66.27000000000001
485,135,66.06
485,136,66.93
485,137,69.12
485,138,69.78
485,139,68.13
485,140,71.30000000000001
485,141,69.91
485,142,70.4
485,143,74
485,144,71.47
485,145,71.75
485,146,71.97999999999999
485,147,72.69
485,148,72.32
485,149,73.9
485,150,74.41999999999999
485,151,74.71000000000001
485,152,75.68
485,153,73.68
485,154,77.09
485,155,73.99000000000001
485,156,77.13
485,157,75.25999999999999
485,158,77.80000000000001
485,159,76.85
485,160,78.93
485,161,76.63999999999999
485,162,78.80000000000001
485,163,80.28999999999999
485,164,80.13999999999999
485,165,78.05000000000001
485,166,79.25999999999999
485,167,80.49000000000001
485,168,80.58000000000001
485,169,80.66
485,170,80.11000000000001
485,171,79.87
485,172,81.99000000000001
485,173,81.5
485,174,82.91
485,175,81.53999999999999
485,176,83.16
485,177,84.35
485,178,83.41
485,179,83.09
485,180,82.75999999999999
486,1,200.3
486,2,206.13
486,3,202.88
486,4,199.63
486,5,193.07
486,6,187.24
486,7,181.31
486,8,176.51999999999998
486,9,172.13
486,10,163.32
486,11,160.08999999999997
486,12,154.47000000000003
486,13,149.38
486,14,144.05
486,15,138.35
486,16,134.28
486,17,129.69
486,18,125.44999999999999
486,19,121.07
486,20,115.63
486,21,111.13999999999999
486,22,107.87
486,23,103.33000000000001
486,24,98.32
486,25,94.50999999999999
486,26,90.9
486,27,87.38
486,28,84.00999999999999
486,29,79.16999999999999
486,30,75.13999999999999
486,31,72.28
486,32,67.33000000000001
486,33,65.9
486,34,61.75
486,35,57.72
486,36,54.66
486,37,52.44
486,38,48.69999999999999
486,39,44.849999999999994
486,40,41.55000000000001
486,41,40.66999999999999
486,42,37.370000000000005
486,43,36.120000000000005
486,44,32.91
486,45,29.75
486,46,25.99000000000001
486,47,22.78
486,48,23.659999999999997
486,49,18.99000000000001
486,50,18.310000000000002
486,51,15.810000000000002
486,52,15.730000000000004
486,53,11.260000000000005
486,54,12.450000000000003
486,55,9.290000000000006
486,56,7.280000000000001
486,57,8.849999999999994
486,58,7.719999999999999
486,59,6.159999999999997
486,60,6.090000000000003
486,61,6.640000000000001
486,62,5.319999999999993
486,63,5.930000000000007
486,64,7.939999999999998
486,65,8.439999999999998
486,66,8.920000000000002
486,67,10.680000000000007
486,68,12.090000000000003
486,69,13.040000000000006
486,70,14.310000000000002
486,71,15.340000000000003
486,72,17.340000000000003
486,73,18.360000000000014
486,74,18.72
486,75,19.060000000000002
486,76,22.849999999999994
486,77,23.069999999999993
486,78,23.370000000000005
486,79,26.090000000000003
486,80,29.430000000000007
486,81,27.680000000000007
486,82,30.310000000000002
486,83,29.340000000000003
486,84,31.129999999999995
486,85,33.31
486,86,33.610000000000014
486,87,35.150000000000006
486,88,36.879999999999995
486,89,36.22999999999999
486,90,36.33000000000001
486,91,40.08000000000001
486,92,40.120000000000005
486,93,41.28999999999999
486,94,41.41
486,95,43.27000000000001
486,96,42.44
486,97,44.03
486,98,43.75
486,99,45.03
486,100,46.06
486,101,46.02000000000001
486,102,48.870000000000005
486,103,50.09
486,104,50.81999999999999
486,105,51.43000000000001
486,106,51.44
486,107,50.50999999999999
486,108,53.599999999999994
486,109,53.44999999999999
486,110,53.72999999999999
486,111,54.19999999999999
486,112,56.44
486,113,56.650000000000006
486,114,57.93000000000001
486,115,56.889999999999986
486,116,59.66999999999999
486,117,57.55000000000001
486,118,59.19999999999999
486,119,60
486,120,59.860000000000014
486,121,61.21000000000001
486,122,62.44
486,123,61.97
486,124,63.74000000000001
486,125,61.59
486,126,64.6
486,127,64.41999999999999
486,128,65.25
486,129,64.53999999999999
486,130,64.52000000000001
486,131,67.91999999999999
486,132,67.22
486,133,67.47
486,134,66.13
486,135,68.75
486,136,69.24000000000001
486,137,68.61000000000001
486,138,70.4
486,139,71.12
486,140,71.25
486,141,72.88
486,142,70.84
486,143,72.11000000000001
486,144,73.27000000000001
486,145,73.71000000000001
486,146,75.85
486,147,72.94
486,148,74.28999999999999
486,149,74.86000000000001
486,150,75.63
486,151,74.69999999999999
486,152,77.72
486,153,75.50999999999999
486,154,77.83000000000001
486,155,75.94999999999999
486,156,77.91
486,157,79.25999999999999
486,158,77.86000000000001
486,159,78.12
486,160,77.22
486,161,81.30000000000001
486,162,81.1
486,163,79.41999999999999
486,164,79.69
486,165,82.21000000000001
486,166,82.53999999999999
486,167,79.63999999999999
486,168,80.46000000000001
486,169,80.47
486,170,81.84
486,171,82.27000000000001
486,172,82.78999999999999
486,173,83.88
486,174,84.27000000000001
486,175,86.44999999999999
486,176,84.88
486,177,84.07
486,178,84.21000000000001
486,179,85.08000000000001
486,180,85.78
487,1,206.54000000000002
487,2,211.82999999999998
487,3,206.74
487,4,202.07
487,5,197.14
487,6,190.93
487,7,184.69
487,8,179.62
487,9,174.94
487,10,168.63
487,11,162.31
487,12,157.60000000000002
487,13,152.31
487,14,146.98000000000002
487,15,141.46
487,16,136.71
487,17,133.18
487,18,127.66
487,19,124.66999999999999
487,20,118.99000000000001
487,21,113.59
487,22,110.22
487,23,106.44
487,24,101.13
487,25,97.4
487,26,93.71000000000001
487,27,90.61000000000001
487,28,86
487,29,81.88
487,30,78.44999999999999
487,31,75.94
487,32,71.66
487,33,67.44
487,34,65.11000000000001
487,35,62.34
487,36,57.46000000000001
487,37,54.30000000000001
487,38,50.94999999999999
487,39,48.25
487,40,47.08000000000001
487,41,43.400000000000006
487,42,40.099999999999994
487,43,36.620000000000005
487,44,35.56999999999999
487,45,33.00999999999999
487,46,29.680000000000007
487,47,27.689999999999998
487,48,24.789999999999992
487,49,23.210000000000008
487,50,22.669999999999987
487,51,18.94999999999999
487,52,17.28
487,53,12.719999999999999
487,54,11.280000000000001
487,55,12.079999999999998
487,56,12.189999999999998
487,57,7.859999999999999
487,58,9.819999999999993
487,59,7.689999999999998
487,60,8.989999999999995
487,61,7.420000000000002
487,62,9.819999999999993
487,63,10.409999999999997
487,64,10.540000000000006
487,65,11.079999999999998
487,66,11.799999999999997
487,67,12.969999999999999
487,68,14.810000000000002
487,69,14.519999999999996
487,70,16.42
487,71,17.89
487,72,20.330000000000013
487,73,21.460000000000008
487,74,22.52000000000001
487,75,22.53
487,76,23.590000000000003
487,77,26.189999999999998
487,78,26.159999999999997
487,79,27.669999999999987
487,80,26.94999999999999
487,81,31.439999999999998
487,82,31.78
487,83,31.78
487,84,33.28999999999999
487,85,34.00999999999999
487,86,34.599999999999994
487,87,36.41999999999999
487,88,38.31999999999999
487,89,38.52000000000001
487,90,38.97999999999999
487,91,41.84
487,92,38.77000000000001
487,93,43.599999999999994
487,94,43.68000000000001
487,95,44.610000000000014
487,96,44.94
487,97,46.84
487,98,46.47
487,99,49.28999999999999
487,100,48.50999999999999
487,101,49.900000000000006
487,102,48.27000000000001
487,103,48.59
487,104,50.91999999999999
487,105,53.16999999999999
487,106,51.06
487,107,52.629999999999995
487,108,53.05000000000001
487,109,56.05000000000001
487,110,54.19999999999999
487,111,56.94
487,112,56.99000000000001
487,113,57.75
487,114,59.80000000000001
487,115,59.83000000000001
487,116,58.71000000000001
487,117,61.099999999999994
487,118,60.81999999999999
487,119,61.02000000000001
487,120,62.56
487,121,63.620000000000005
487,122,61.99000000000001
487,123,64.52000000000001
487,124,62.46000000000001
487,125,64.28999999999999
487,126,66.24000000000001
487,127,66.36000000000001
487,128,67.1
487,129,66.47999999999999
487,130,67.16
487,131,68.50999999999999
487,132,70.16999999999999
487,133,70.71000000000001
487,134,68.15
487,135,69.09
487,136,70.53999999999999
487,137,69.03
487,138,72.08000000000001
487,139,71.4
487,140,72.91
487,141,73.36000000000001
487,142,74.41
487,143,73.81
487,144,73.65
487,145,74.19
487,146,75.71000000000001
487,147,74.36000000000001
487,148,76.11000000000001
487,149,75.56
487,150,75.75
487,151,76.16
487,152,77.25999999999999
487,153,75.75999999999999
487,154,77.16999999999999
487,155,77.77000000000001
487,156,78.22
487,157,78.72
487,158,79.80000000000001
487,159,79.77000000000001
487,160,79.88999999999999
487,161,82.36000000000001
487,162,81.65
487,163,81.35
487,164,81.22
487,165,80.46000000000001
487,166,82.41999999999999
487,167,84.77000000000001
487,168,81.99000000000001
487,169,81.69999999999999
487,170,84.85
487,171,82.72999999999999
487,172,83.06
487,173,85.03
487,174,84.57
487,175,85.93
487,176,83.69999999999999
487,177,84.78999999999999
487,178,84.86000000000001
487,179,85.63999999999999
487,180,85.31
488,1,210.49
488,2,214.16000000000003
488,3,209.16000000000003
488,4,205.49
488,5,200.01
488,6,194.26
488,7,188.18
488,8,181.69
488,9,176.48000000000002
488,10,170.67000000000002
488,11,166.88
488,12,160.52999999999997
488,13,155.87
488,14,151.04000000000002
488,15,145.11
488,16,141.79
488,17,136.56
488,18,132.14
488,19,126.83000000000001
488,20,123.63
488,21,117.9
488,22,113.16
488,23,109.63
488,24,104.93
488,25,100.5
488,26,97.1
488,27,92.69999999999999
488,28,88.75
488,29,84.85
488,30,80.56
488,31,78.38999999999999
488,32,73.16
488,33,70.78999999999999
488,34,66.97999999999999
488,35,64.71000000000001
488,36,61.47
488,37,56.68000000000001
488,38,56.68000000000001
488,39,52.28999999999999
488,40,49.08000000000001
488,41,47
488,42,41.75999999999999
488,43,40.379999999999995
488,44,37.22
488,45,34.129999999999995
488,46,32.639999999999986
488,47,30.330000000000013
488,48,29.159999999999997
488,49,26.430000000000007
488,50,24.44999999999999
488,51,21.560000000000002
488,52,20.310000000000002
488,53,18.289999999999992
488,54,17.269999999999996
488,55,17.22
488,56,14.209999999999994
488,57,13.459999999999994
488,58,13.319999999999993
488,59,10.420000000000002
488,60,10.480000000000004
488,61,13.489999999999995
488,62,11.930000000000007
488,63,12.64
488,64,13.340000000000003
488,65,14.459999999999994
488,66,16.019999999999996
488,67,14.930000000000007
488,68,16.310000000000002
488,69,16.92
488,70,17.700000000000003
488,71,20.830000000000013
488,72,21.919999999999987
488,73,22.849999999999994
488,74,21.97
488,75,24.69999999999999
488,76,27.710000000000008
488,77,27.75
488,78,26.379999999999995
488,79,30.599999999999994
488,80,31.47
488,81,31.680000000000007
488,82,35.03999999999999
488,83,35.81999999999999
488,84,36.379999999999995
488,85,36.22999999999999
488,86,37.599999999999994
488,87,40.28999999999999
488,88,40.02000000000001
488,89,38.620000000000005
488,90,41.91
488,91,43.56999999999999
488,92,44.78999999999999
488,93,46.53999999999999
488,94,45.360000000000014
488,95,43.78999999999999
488,96,45.03999999999999
488,97,47.96000000000001
488,98,48.78
488,99,48.49000000000001
488,100,48.94
488,101,50.31999999999999
488,102,49.93000000000001
488,103,52.19
488,104,54.860000000000014
488,105,53.28
488,106,54.16999999999999
488,107,55.52000000000001
488,108,55.83000000000001
488,109,54.5
488,110,57.41
488,111,59.22
488,112,58.75
488,113,59.5
488,114,61.02000000000001
488,115,59.41999999999999
488,116,61.860000000000014
488,117,61.139999999999986
488,118,62.150000000000006
488,119,62.47
488,120,64.19999999999999
488,121,63.120000000000005
488,122,63.77000000000001
488,123,64.77000000000001
488,124,66.21000000000001
488,125,65.41999999999999
488,126,66.97
488,127,67.63999999999999
488,128,68.35
488,129,71.27000000000001
488,130,67.75
488,131,68.69999999999999
488,132,69.18
488,133,70.19
488,134,71.03999999999999
488,135,71.84
488,136,70.28999999999999
488,137,72.63
488,138,74.18
488,139,73.22
488,140,74.03999999999999
488,141,72.94
488,142,75.15
488,143,73.19
488,144,74.4
488,145,76.77000000000001
488,146,74.61000000000001
488,147,77.08000000000001
488,148,77.03999999999999
488,149,78.28999999999999
488,150,77.80000000000001
488,151,78.46000000000001
488,152,78.78
488,153,78.94
488,154,77.78
488,155,79.21000000000001
488,156,79.84
488,157,81.25999999999999
488,158,80.19
488,159,80.71000000000001
488,160,80.63999999999999
488,161,82.44999999999999
488,162,82.75999999999999
488,163,82.97999999999999
488,164,80.88999999999999
488,165,82.02000000000001
488,166,83.66999999999999
488,167,82.69
488,168,83.62
488,169,82.46000000000001
488,170,83.12
488,171,84.68
488,172,85.33000000000001
488,173,84.72
488,174,86.03999999999999
488,175,86.58000000000001
488,176,84.13999999999999
488,177,87.59
488,178,85.62
488,179,86.41
488,180,85.24000000000001
489,1,213.31
489,2,216.69
489,3,211.74
489,4,206.89999999999998
489,5,202.26
489,6,196.62
489,7,191.55
489,8,186.12
489,9,179.17000000000002
489,10,174.60000000000002
489,11,169.95999999999998
489,12,163.26
489,13,159.64999999999998
489,14,153.31
489,15,148.17000000000002
489,16,143.75
489,17,136.31
489,18,134.03
489,19,130.93
489,20,123.16999999999999
489,21,121.86000000000001
489,22,116.25999999999999
489,23,111.12
489,24,107.4
489,25,104.93
489,26,101.35
489,27,97.46000000000001
489,28,92.13
489,29,88.87
489,30,84.06
489,31,80.22999999999999
489,32,77.03999999999999
489,33,73.78999999999999
489,34,70.38999999999999
489,35,65.91999999999999
489,36,63.24000000000001
489,37,60.860000000000014
489,38,56.53
489,39,54.25
489,40,51.19
489,41,47.80000000000001
489,42,47.400000000000006
489,43,44.91
489,44,42.03
489,45,40.16
489,46,38.31999999999999
489,47,34.400000000000006
489,48,30.44999999999999
489,49,29.860000000000014
489,50,27.909999999999997
489,51,24.860000000000014
489,52,23.49000000000001
489,53,21.460000000000008
489,54,20.099999999999994
489,55,17.42
489,56,17.260000000000005
489,57,18.069999999999993
489,58,14.939999999999998
489,59,13.739999999999995
489,60,14.989999999999995
489,61,13.819999999999993
489,62,14.019999999999996
489,63,15.569999999999993
489,64,17.61
489,65,15.819999999999993
489,66,16.92
489,67,19.090000000000003
489,68,20.919999999999987
489,69,22.180000000000007
489,70,21.150000000000006
489,71,24.03
489,72,24.599999999999994
489,73,26.639999999999986
489,74,26.849999999999994
489,75,26.94999999999999
489,76,29.689999999999998
489,77,29.680000000000007
489,78,29.319999999999993
489,79,32.16999999999999
489,80,31.580000000000013
489,81,35.16999999999999
489,82,33.81
489,83,36.44
489,84,38.31999999999999
489,85,39.74000000000001
489,86,38.889999999999986
489,87,42.18000000000001
489,88,41.66999999999999
489,89,42.16999999999999
489,90,44.379999999999995
489,91,44.52000000000001
489,92,43.349999999999994
489,93,45.55000000000001
489,94,48.46000000000001
489,95,48.53
489,96,47.849999999999994
489,97,50.09
489,98,50.55000000000001
489,99,52.25999999999999
489,100,52.47999999999999
489,101,53.16
489,102,53.81
489,103,55.80000000000001
489,104,55.30000000000001
489,105,56.31999999999999
489,106,56.27000000000001
489,107,55.72999999999999
489,108,57.5
489,109,60.00999999999999
489,110,59.139999999999986
489,111,58.81999999999999
489,112,60.72
489,113,61.400000000000006
489,114,61.77000000000001
489,115,60.78999999999999
489,116,63.53999999999999
489,117,62.80000000000001
489,118,61.610000000000014
489,119,62.97999999999999
489,120,63.22
489,121,66.88999999999999
489,122,66.69999999999999
489,123,67.4
489,124,68.85
489,125,69.28
489,126,68.49000000000001
489,127,69.03
489,128,71.55000000000001
489,129,71.19999999999999
489,130,71.80000000000001
489,131,71.87
489,132,72.33000000000001
489,133,70.52000000000001
489,134,71.25999999999999
489,135,70.57
489,136,73.9
489,137,74.06
489,138,73.59
489,139,73.69999999999999
489,140,73.97999999999999
489,141,77.05000000000001
489,142,76.03
489,143,73.34
489,144,77.15
489,145,77.87
489,146,78.94
489,147,77.38
489,148,78.00999999999999
489,149,79.41999999999999
489,150,77.53
489,151,78.50999999999999
489,152,80.08000000000001
489,153,78.55000000000001
489,154,81.09
489,155,81.72
489,156,82.28999999999999
489,157,82.28
489,158,81.85
489,159,81.85
489,160,82.55000000000001
489,161,83.16999999999999
489,162,83.49000000000001
489,163,82.57
489,164,82.94999999999999
489,165,83.69
489,166,83.72999999999999
489,167,85.68
489,168,84.57
489,169,86.82
489,170,87.33000000000001
489,171,86.55000000000001
489,172,87.12
489,173,86.41999999999999
489,174,88.93
489,175,86.52000000000001
489,176,87.93
489,177,88.88
489,178,88.71000000000001
489,179,88.22999999999999
489,180,87.13
490,1,217.95
490,2,222.23000000000002
490,3,217.25
490,4,211.37
490,5,205.94
490,6,199.01
490,7,194.17000000000002
490,8,187.31
490,9,183.26999999999998
490,10,177.99
490,11,171.82999999999998
490,12,167.63
490,13,161.81
490,14,156.10000000000002
490,15,150.67000000000002
490,16,147.24
490,17,141.85
490,18,137.52
490,19,132.87
490,20,129.4
490,21,124.21000000000001
490,22,119.12
490,23,115
490,24,110.46000000000001
490,25,107.38999999999999
490,26,102.62
490,27,98.65
490,28,95.77000000000001
490,29,92.88
490,30,87.36000000000001
490,31,83.88999999999999
490,32,79.91
490,33,77.34
490,34,74.30000000000001
490,35,69.07
490,36,67.34
490,37,64.59
490,38,61.47999999999999
490,39,58.21000000000001
490,40,56.629999999999995
490,41,52.84
490,42,48.66
490,43,46.860000000000014
490,44,45.24000000000001
490,45,40.889999999999986
490,46,39.44
490,47,35.49000000000001
490,48,35.97
490,49,32.25
490,50,29.909999999999997
490,51,26.909999999999997
490,52,27
490,53,25.28
490,54,23.370000000000005
490,55,23.629999999999995
490,56,21.830000000000013
490,57,20.569999999999993
490,58,20.169999999999987
490,59,18.210000000000008
490,60,17.89
490,61,17.379999999999995
490,62,17.120000000000005
490,63,16.709999999999994
490,64,18.620000000000005
490,65,19.319999999999993
490,66,20.19999999999999
490,67,22.00999999999999
490,68,21.28
490,69,22.870000000000005
490,70,23.370000000000005
490,71,25.22999999999999
490,72,26.24000000000001
490,73,27.44999999999999
490,74,28.47
490,75,30.680000000000007
490,76,28.879999999999995
490,77,31.039999999999992
490,78,32.30000000000001
490,79,34.650000000000006
490,80,35.41999999999999
490,81,36.55000000000001
490,82,36.94
490,83,38.620000000000005
490,84,40.47
490,85,39.69999999999999
490,86,43.620000000000005
490,87,42.56
490,88,42.03999999999999
490,89,43.28999999999999
490,90,47.150000000000006
490,91,45.58000000000001
490,92,47.77000000000001
490,93,46.56
490,94,49.72999999999999
490,95,51.16
490,96,50.099999999999994
490,97,52.47
490,98,53.03
490,99,52.09
490,100,52.27000000000001
490,101,55.72
490,102,55.93000000000001
490,103,58.97999999999999
490,104,57.59
490,105,58.16
490,106,58.129999999999995
490,107,57.69999999999999
490,108,60.19999999999999
490,109,60.650000000000006
490,110,61.58000000000001
490,111,59.78
490,112,62.34
490,113,63.370000000000005
490,114,64.85
490,115,64.00999999999999
490,116,65.41999999999999
490,117,64.22
490,118,66.9
490,119,67.00999999999999
490,120,65.68
490,121,69.1
490,122,65.91
490,123,66.69
490,124,70.66999999999999
490,125,70.72
490,126,69.41
490,127,70.82
490,128,69.66999999999999
490,129,71.37
490,130,72.27000000000001
490,131,70.87
490,132,71.65
490,133,71.47999999999999
490,134,75.59
490,135,76.33000000000001
490,136,76.21000000000001
490,137,76.52000000000001
490,138,74.78999999999999
490,139,76.1
490,140,75.72
490,141,76.43
490,142,78.66
490,143,79.63999999999999
490,144,79.02000000000001
490,145,78.31
490,146,79.72
490,147,77.94
490,148,77.84
490,149,80.99000000000001
490,150,79.63
490,151,81.31
490,152,77.59
490,153,80.53
490,154,81.35
490,155,83.97999999999999
490,156,81.78
490,157,83.69
490,158,83.83000000000001
490,159,83.22999999999999
490,160,84.72
490,161,84.49000000000001
490,162,84.33000000000001
490,163,84.31
490,164,85.19999999999999
490,165,85.28
490,166,85
490,167,86.91999999999999
490,168,86.24000000000001
490,169,87.82
490,170,87.65
490,171,86.85
490,172,88.46000000000001
490,173,86.05000000000001
490,174,91.66
490,175,87.86000000000001
490,176,87.55000000000001
490,177,89.41999999999999
490,178,88.61000000000001
490,179,89.05000000000001
490,180,88.75999999999999
491,1,220.26
491,2,225.94
491,3,219.64
491,4,214.86
491,5,208.64999999999998
491,6,203.07999999999998
491,7,198.2
491,8,191.18
491,9,186.68
491,10,180.01999999999998
491,11,175.31
491,12,170.22000000000003
491,13,163.76999999999998
491,14,159.57
491,15,155.25
491,16,148.95
491,17,146.32
491,18,139.06
491,19,135.8
491,20,131.01
491,21,124.75999999999999
491,22,122.85
491,23,117.31
491,24,114.85
491,25,108.65
491,26,105.16
491,27,102.16
491,28,99.24000000000001
491,29,94.6
491,30,90.53999999999999
491,31,86.55000000000001
491,32,84.22
491,33,80.68
491,34,76.12
491,35,74.11000000000001
491,36,68.77000000000001
491,37,66.12
491,38,65.27000000000001
491,39,61.06
491,40,58.44
491,41,54.27000000000001
491,42,54.34
491,43,49.06
491,44,49.50999999999999
491,45,44.53
491,46,41.97
491,47,39.56999999999999
491,48,37.99000000000001
491,49,35.56
491,50,33.31
491,51,32.5
491,52,30.75999999999999
491,53,28.47
491,54,27.97999999999999
491,55,25.360000000000014
491,56,22.47
491,57,22.460000000000008
491,58,21.370000000000005
491,59,19.55000000000001
491,60,19.539999999999992
491,61,19.460000000000008
491,62,21.55000000000001
491,63,21.360000000000014
491,64,21.090000000000003
491,65,22.810000000000002
491,66,23.310000000000002
491,67,23.900000000000006
491,68,23.090000000000003
491,69,26.03
491,70,26.680000000000007
491,71,27.370000000000005
491,72,27.180000000000007
491,73,30.53
491,74,32.06
491,75,30.819999999999993
491,76,34.360000000000014
491,77,34.56999999999999
491,78,37.629999999999995
491,79,37.03
491,80,37
491,81,37.650000000000006
491,82,40.77000000000001
491,83,39.599999999999994
491,84,43.620000000000005
491,85,43.400000000000006
491,86,44.28
491,87,44.94
491,88,45.06
491,89,47.379999999999995
491,90,47.53999999999999
491,91,47.129999999999995
491,92,50.47999999999999
491,93,49.150000000000006
491,94,51.25
491,95,52.03
491,96,53.46000000000001
491,97,53.34
491,98,54.25
491,99,54.879999999999995
491,100,54.41
491,101,53.889999999999986
491,102,59.120000000000005
491,103,57.34
491,104,59
491,105,60.370000000000005
491,106,60.41999999999999
491,107,62.360000000000014
491,108,62.06999999999999
491,109,61.44999999999999
491,110,62.34
491,111,64.24000000000001
491,112,62.08000000000001
491,113,65.36000000000001
491,114,63.56
491,115,65.47
491,116,65.32
491,117,66.31
491,118,67.82
491,119,67.11000000000001
491,120,68.6
491,121,69.06
491,122,70.53999999999999
491,123,69.94
491,124,68.75999999999999
491,125,73.53
491,126,70.86000000000001
491,127,71.53999999999999
491,128,70.85
491,129,72.30000000000001
491,130,74.5
491,131,73.16
491,132,74.16
491,133,73.25999999999999
491,134,75.13999999999999
491,135,75.88999999999999
491,136,76.62
491,137,77.06
491,138,77.00999999999999
491,139,77.16999999999999
491,140,77.59
491,141,77.97
491,142,77.34
491,143,80.12
491,144,80.12
491,145,81.05000000000001
491,146,78.80000000000001
491,147,78.83000000000001
491,148,80.91
491,149,81.58000000000001
491,150,80.88
491,151,79.81
491,152,81
491,153,82.71000000000001
491,154,83.71000000000001
491,155,85.31
491,156,83.07
491,157,84.34
491,158,84.63999999999999
491,159,84.68
491,160,85.32
491,161,84.96000000000001
491,162,82.96000000000001
491,163,85.62
491,164,86.91
491,165,86.36000000000001
491,166,86.25999999999999
491,167,87.87
491,168,86.35
491,169,87.72
491,170,87.12
491,171,88.12
491,172,88.19
491,173,88.38
491,174,89.93
491,175,89.46000000000001
491,176,88.00999999999999
491,177,88.72999999999999
491,178,90.63999999999999
491,179,91.59
491,180,90.93
492,1,225.62
492,2,227.68
492,3,222.92000000000002
492,4,217.17000000000002
492,5,212.68
492,6,206.36
492,7,200.86
492,8,194.97000000000003
492,9,189.27999999999997
492,10,183.51999999999998
492,11,178.60000000000002
492,12,173.43
492,13,167.10000000000002
492,14,162.91000000000003
492,15,157.20999999999998
492,16,152.74
492,17,148.89999999999998
492,18,144.47
492,19,139.55
492,20,133.65
492,21,129.52
492,22,125.61000000000001
492,23,122.13999999999999
492,24,116.85
492,25,113.11000000000001
492,26,108.83000000000001
492,27,104.52000000000001
492,28,101.72999999999999
492,29,95.86000000000001
492,30,93.19
492,31,90.63999999999999
492,32,87.13
492,33,84.18
492,34,80.59
492,35,74.57
492,36,74.28999999999999
492,37,69.68
492,38,65.61000000000001
492,39,64.75999999999999
492,40,61.47
492,41,58.47
492,42,55.22999999999999
492,43,52.44999999999999
492,44,50.120000000000005
492,45,49.03999999999999
492,46,46.120000000000005
492,47,42.78999999999999
492,48,41.400000000000006
492,49,37.78
492,50,36.69
492,51,36.33000000000001
492,52,32.099999999999994
492,53,32.06999999999999
492,54,29.110000000000014
492,55,25.97999999999999
492,56,25.870000000000005
492,57,25.659999999999997
492,58,26.069999999999993
492,59,24.75
492,60,23.860000000000014
492,61,23.460000000000008
492,62,23.060000000000002
492,63,24.139999999999986
492,64,22.189999999999998
492,65,25.560000000000002
492,66,25.639999999999986
492,67,27.25999999999999
492,68,28.370000000000005
492,69,30.30000000000001
492,70,31.710000000000008
492,71,30.120000000000005
492,72,30.53
492,73,32.629999999999995
492,74,34.389999999999986
492,75,34.78
492,76,35.629999999999995
492,77,36.77000000000001
492,78,36.879999999999995
492,79,40.06999999999999
492,80,39.68000000000001
492,81,42.56999999999999
492,82,40.400000000000006
492,83,43.28
492,84,45.110000000000014
492,85,45.44999999999999
492,86,46.629999999999995
492,87,47.55000000000001
492,88,47.66
492,89,49.30000000000001
492,90,49.94999999999999
492,91,50.68000000000001
492,92,50.27000000000001
492,93,51.44
492,94,52.50999999999999
492,95,53.34
492,96,54.21000000000001
492,97,54.19999999999999
492,98,54.94
492,99,55.75
492,100,58.66999999999999
492,101,57.21000000000001
492,102,57.97999999999999
492,103,57.72999999999999
492,104,61.50999999999999
492,105,61.81999999999999
492,106,60.94999999999999
492,107,60.860000000000014
492,108,62.31
492,109,64.08000000000001
492,110,64.49000000000001
492,111,65.09
492,112,66.25
492,113,67.88
492,114,68.07
492,115,66.87
492,116,67.47
492,117,66.44999999999999
492,118,67.41999999999999
492,119,68.81
492,120,68.81
492,121,69.68
492,122,71.32
492,123,70.15
492,124,71.69999999999999
492,125,72.03
492,126,74.37
492,127,72.83000000000001
492,128,73.57
492,129,74.18
492,130,73.86000000000001
492,131,75.08000000000001
492,132,75.47
492,133,76.61000000000001
492,134,78.35
492,135,77.25
492,136,76.53
492,137,78.96000000000001
492,138,77.47
492,139,80.66999999999999
492,140,78.25
492,141,79.13
492,142,80.11000000000001
492,143,78.19999999999999
492,144,79.66
492,145,79.87
492,146,81.03999999999999
492,147,82.75999999999999
492,148,80.00999999999999
492,149,81.28
492,150,83.37
492,151,83.09
492,152,82.62
492,153,82.82
492,154,85.83000000000001
492,155,85.41999999999999
492,156,84.52000000000001
492,157,83.97
492,158,87.44
492,159,87.13999999999999
492,160,86.41999999999999
492,161,86.31
492,162,87.77000000000001
492,163,85.68
492,164,87.35
492,165,88.96000000000001
492,166,88.25
492,167,88.35
492,168,87.87
492,169,90.52000000000001
492,170,90.11000000000001
492,171,88.37
492,172,88.9
492,173,90.13
492,174,90.05000000000001
492,175,91.94999999999999
492,176,89.28999999999999
492,177,92.15
492,178,90.81
492,179,93.75
492,180,90.86000000000001
493,1,228.75
493,2,231.74
493,3,227.41000000000003
493,4,220.82
493,5,215.79000000000002
493,6,208.88
493,7,203.89
493,8,199.01
493,9,192
493,10,186.61
493,11,181.02999999999997
493,12,175.73000000000002
493,13,171
493,14,166.29000000000002
493,15,161.18
493,16,155.57
493,17,150.69
493,18,147.13
493,19,142.15
493,20,137.97
493,21,133.11
493,22,128.21
493,23,125.28
493,24,120.69
493,25,117.16999999999999
493,26,111.9
493,27,108.37
493,28,103.87
493,29,100.47999999999999
493,30,97.18
493,31,92.88999999999999
493,32,89.93
493,33,86.61000000000001
493,34,82.09
493,35,79.83000000000001
493,36,77.41999999999999
493,37,73.43
493,38,71.63999999999999
493,39,67.97999999999999
493,40,64.19
493,41,60.379999999999995
493,42,58.81
493,43,55.77000000000001
493,44,53.129999999999995
493,45,50.00999999999999
493,46,48
493,47,46.849999999999994
493,48,44.599999999999994
493,49,43.25999999999999
493,50,40.06999999999999
493,51,38.19999999999999
493,52,36.41
493,53,34.52000000000001
493,54,30.379999999999995
493,55,31.879999999999995
493,56,28.97
493,57,29.74000000000001
493,58,26.840000000000003
493,59,25.430000000000007
493,60,25.580000000000013
493,61,25.840000000000003
493,62,26.53
493,63,24.629999999999995
493,64,26.409999999999997
493,65,27.55000000000001
493,66,26.930000000000007
493,67,27.849999999999994
493,68,29.47
493,69,29.49000000000001
493,70,31.19999999999999
493,71,34.97
493,72,35.55000000000001
493,73,36.58000000000001
493,74,36.66
493,75,36.69
493,76,38.52000000000001
493,77,37.610000000000014
493,78,40.96000000000001
493,79,40.58000000000001
493,80,39.91
493,81,44.71000000000001
493,82,44.08000000000001
493,83,46.03999999999999
493,84,46.639999999999986
493,85,48.72999999999999
493,86,48.81
493,87,50.31999999999999
493,88,48.91
493,89,50.69999999999999
493,90,53.629999999999995
493,91,53.81999999999999
493,92,53.91
493,93,53.93000000000001
493,94,53.639999999999986
493,95,55.21000000000001
493,96,56.43000000000001
493,97,55.870000000000005
493,98,57.150000000000006
493,99,58.599999999999994
493,100,60.75999999999999
493,101,59.389999999999986
493,102,63.05000000000001
493,103,62.69999999999999
493,104,62.08000000000001
493,105,62.78
493,106,63.650000000000006
493,107,64.19
493,108,63.34
493,109,65.25
493,110,66.24000000000001
493,111,66.22999999999999
493,112,65.85
493,113,69.72999999999999
493,114,67.11000000000001
493,115,69.08000000000001
493,116,68.15
493,117,69.56
493,118,70.6
493,119,73.41999999999999
493,120,72.37
493,121,72.44
493,122,72.63
493,123,74.22999999999999
493,124,72
493,125,73.16999999999999
493,126,74.08000000000001
493,127,74.41
493,128,75.41999999999999
493,129,74.36000000000001
493,130,74.63999999999999
493,131,78.58000000000001
493,132,77.69999999999999
493,133,77.71000000000001
493,134,79.05000000000001
493,135,80.16
493,136,78.19
493,137,81.72999999999999
493,138,79.53999999999999
493,139,79.86000000000001
493,140,80.65
493,141,82.34
493,142,81.41
493,143,81.46000000000001
493,144,82.15
493,145,82.94
493,146,85.05000000000001
493,147,83.78999999999999
493,148,84.28
493,149,84.91999999999999
493,150,83.22
493,151,86.47
493,152,82.43
493,153,83.81
493,154,86.07
493,155,84.87
493,156,86.47
493,157,86.34
493,158,84.86000000000001
493,159,86.62
493,160,88.78
493,161,87.52000000000001
493,162,89.41
493,163,87.88999999999999
493,164,88.80000000000001
493,165,89.69999999999999
493,166,88.94999999999999
493,167,90.25999999999999
493,168,89.36000000000001
493,169,87.07
493,170,90.11000000000001
493,171,90.88
493,172,89.63
493,173,91.66999999999999
493,174,91.84
493,175,91.43
493,176,90.34
493,177,91.4
493,178,92.44
493,179,92.69999999999999
493,180,93.62
494,1,228.95999999999998
494,2,231.99
494,3,228.57999999999998
494,4,224.3
494,5,219.95
494,6,213.32999999999998
494,7,207.68
494,8,200.83999999999997
494,9,195.42000000000002
494,10,190.19
494,11,184.20999999999998
494,12,178.07
494,13,174.37
494,14,167.95999999999998
494,15,163.76999999999998
494,16,158.94
494,17,154.14
494,18,149.02999999999997
494,19,145.47
494,20,140
494,21,135.98
494,22,131.5
494,23,126.55000000000001
494,24,123.78
494,25,119.15
494,26,115.57
494,27,111.6
494,28,106.72
494,29,105.78
494,30,101
494,31,95.22
494,32,92.27000000000001
494,33,91.31
494,34,85.58000000000001
494,35,84.44
494,36,79.47
494,37,75.31
494,38,74.63999999999999
494,39,69.63999999999999
494,40,66.69999999999999
494,41,65.99000000000001
494,42,62.84
494,43,58.34
494,44,58.21000000000001
494,45,55.58000000000001
494,46,53.120000000000005
494,47,48.97
494,48,47.30000000000001
494,49,45.18000000000001
494,50,42.370000000000005
494,51,43.25
494,52,39.24000000000001
494,53,38.34
494,54,37.53
494,55,32.43000000000001
494,56,32.81999999999999
494,57,33.44999999999999
494,58,29.810000000000002
494,59,27.310000000000002
494,60,27.75999999999999
494,61,30.120000000000005
494,62,27.52000000000001
494,63,27.360000000000014
494,64,30.75
494,65,30.539999999999992
494,66,31.389999999999986
494,67,30.47999999999999
494,68,32.47
494,69,32.78
494,70,34.870000000000005
494,71,36.849999999999994
494,72,36.639999999999986
494,73,37.02000000000001
494,74,37.27000000000001
494,75,41.50999999999999
494,76,40
494,77,42.22
494,78,44.71000000000001
494,79,44.08000000000001
494,80,45.349999999999994
494,81,45.150000000000006
494,82,46.370000000000005
494,83,47.66
494,84,48.75
494,85,46.66
494,86,49.22999999999999
494,87,50.81
494,88,52.03
494,89,54.00999999999999
494,90,53.00999999999999
494,91,54.66999999999999
494,92,56.22999999999999
494,93,55.77000000000001
494,94,56.129999999999995
494,95,58.599999999999994
494,96,57.56999999999999
494,97,60.110000000000014
494,98,61.80000000000001
494,99,61.69
494,100,59.139999999999986
494,101,61.41
494,102,62.66
494,103,62.84
494,104,64.06
494,105,64.66999999999999
494,106,65.94999999999999
494,107,65.36000000000001
494,108,66.03999999999999
494,109,67.44
494,110,68.24000000000001
494,111,67.18
494,112,67.21000000000001
494,113,68.44999999999999
494,114,70.44999999999999
494,115,71.30000000000001
494,116,73.53999999999999
494,117,69.84
494,118,72
494,119,72.82
494,120,73.87
494,121,72.18
494,122,75.16
494,123,73.11000000000001
494,124,74.13999999999999
494,125,74.78999999999999
494,126,75.91999999999999
494,127,75.08000000000001
494,128,75.96000000000001
494,129,77.87
494,130,76.77000000000001
494,131,78.02000000000001
494,132,77.35
494,133,76.91
494,134,80.52000000000001
494,135,80.16
494,136,81.28
494,137,81.81
494,138,80.16
494,139,81.74000000000001
494,140,82.63999999999999
494,141,83.13
494,142,82.86000000000001
494,143,83.36000000000001
494,144,82.53999999999999
494,145,84.00999999999999
494,146,82.58000000000001
494,147,83.12
494,148,84.93
494,149,85.6
494,150,83.69
494,151,87.83000000000001
494,152,85.86000000000001
494,153,85.91
494,154,89.21000000000001
494,155,88.06
494,156,88.66999999999999
494,157,85.77000000000001
494,158,86.19
494,159,88.30000000000001
494,160,89.05000000000001
494,161,87.80000000000001
494,162,88.96000000000001
494,163,90.03
494,164,89.77000000000001
494,165,89.6
494,166,90.65
494,167,90.03
494,168,90.47
494,169,93.13999999999999
494,170,91.83000000000001
494,171,93.72
494,172,92.57
494,173,90.72999999999999
494,174,91.52000000000001
494,175,92.33000000000001
494,176,93.28999999999999
494,177,93.07
494,178,91.22999999999999
494,179,93.58000000000001
494,180,93.94999999999999
495,1,233.75
495,2,236.39999999999998
495,3,232.86
495,4,226.89
495,5,221.26999999999998
495,6,215.55
495,7,210.92000000000002
495,8,204.14
495,9,198.48000000000002
495,10,191.79000000000002
495,11,187.23000000000002
495,12,182.92000000000002
495,13,175.81
495,14,170.61
495,15,166.54000000000002
495,16,162.23000000000002
495,17,156.69
495,18,152.69
495,19,149.33999999999997
495,20,143.69
495,21,139.64
495,22,134.86
495,23,131.03
495,24,126.43
495,25,122.37
495,26,119.22
495,27,115.06
495,28,108.78999999999999
495,29,106.47999999999999
495,30,102.4
495,31,99.56
495,32,95.81
495,33,93.59
495,34,88.49000000000001
495,35,84.25
495,36,80.82
495,37,79.57
495,38,75.30000000000001
495,39,73.41
495,40,70.41
495,41,68.43
495,42,65.28
495,43,62.31999999999999
495,44,60.099999999999994
495,45,55.44
495,46,54.849999999999994
495,47,52.94999999999999
495,48,49.47999999999999
495,49,48.52000000000001
495,50,44.93000000000001
495,51,43.06
495,52,43.870000000000005
495,53,40.06
495,54,39.44999999999999
495,55,37.00999999999999
495,56,35.49000000000001
495,57,34.18000000000001
495,58,33.53
495,59,33.08000000000001
495,60,30.599999999999994
495,61,31.580000000000013
495,62,30.120000000000005
495,63,31.689999999999998
495,64,31.639999999999986
495,65,33.360000000000014
495,66,34.49000000000001
495,67,32.94
495,68,35.97
495,69,35.22999999999999
495,70,37.34
495,71,38.22
495,72,38.80000000000001
495,73,40.129999999999995
495,74,41.629999999999995
495,75,40.84
495,76,43.400000000000006
495,77,45.28999999999999
495,78,44.30000000000001
495,79,46.78
495,80,47.900000000000006
495,81,48.81
495,82,49.99000000000001
495,83,51.18000000000001
495,84,50.50999999999999
495,85,51.21000000000001
495,86,53.44
495,87,51.31999999999999
495,88,54.08000000000001
495,89,54.55000000000001
495,90,54.71000000000001
495,91,56.599999999999994
495,92,57.78999999999999
495,93,56.53999999999999
495,94,58.96000000000001
495,95,60.19999999999999
495,96,58.28
495,97,61.69999999999999
495,98,61.94
495,99,62.05000000000001
495,100,64.15
495,101,62.84
495,102,65.80000000000001
495,103,65.41
495,104,65.47999999999999
495,105,65.68
495,106,67.37
495,107,67.49000000000001
495,108,67.41999999999999
495,109,67.75
495,110,68.91
495,111,71.55000000000001
495,112,68.11000000000001
495,113,70.28999999999999
495,114,70.93
495,115,71.82
495,116,73.47999999999999
495,117,72.53999999999999
495,118,73.18
495,119,73.74000000000001
495,120,74.05000000000001
495,121,74.74000000000001
495,122,73.4
495,123,75.66
495,124,76.25
495,125,77.80000000000001
495,126,76.88
495,127,79.63
495,128,78.56
495,129,79.19
495,130,79.71000000000001
495,131,81.08000000000001
495,132,79.06
495,133,79.91
495,134,80.38
495,135,80.94
495,136,81.19999999999999
495,137,80.4
495,138,82.53
495,139,82.84
495,140,82.11000000000001
495,141,83.68
495,142,82.44
495,143,84.44
495,144,85.03
495,145,83.55000000000001
495,146,85.69999999999999
495,147,84.88
495,148,85.32
495,149,85.63
495,150,87.84
495,151,86.06
495,152,89.37
495,153,89.47
495,154,86.86000000000001
495,155,86.69
495,156,88.37
495,157,89.86000000000001
495,158,89.81
495,159,89.5
495,160,88.97999999999999
495,161,90.66
495,162,90.71000000000001
495,163,89.85
495,164,90.22
495,165,90.84
495,166,91.53
495,167,92.63999999999999
495,168,93.24000000000001
495,169,91.44
495,170,93.19999999999999
495,171,92.47
495,172,92.11000000000001
495,173,93.34
495,174,94.28999999999999
495,175,92.87
495,176,92.41
495,177,92.21000000000001
495,178,94.35
495,179,95.02000000000001
495,180,97.56
496,1,236.82999999999998
496,2,239.68
496,3,234.73000000000002
496,4,229.64999999999998
496,5,225.26
496,6,219.13
496,7,212.94
496,8,209.02999999999997
496,9,200.23000000000002
496,10,195.85000000000002
496,11,190.26
496,12,185.02999999999997
496,13,179.08999999999997
496,14,175.75
496,15,170.45999999999998
496,16,165.64999999999998
496,17,161.08999999999997
496,18,155.8
496,19,149.39
496,20,146.22000000000003
496,21,142.84
496,22,138.84
496,23,133.75
496,24,129.1
496,25,125.19
496,26,121.49000000000001
496,27,117.91
496,28,112.72999999999999
496,29,108.75
496,30,105.38
496,31,102.63
496,32,98.50999999999999
496,33,95.38
496,34,93.44999999999999
496,35,88.99000000000001
496,36,86.11000000000001
496,37,82.24000000000001
496,38,79.38999999999999
496,39,76.57
496,40,73.99000000000001
496,41,70.46000000000001
496,42,65.82
496,43,64.86000000000001
496,44,62.97999999999999
496,45,60.19
496,46,59.400000000000006
496,47,54.97999999999999
496,48,51.75999999999999
496,49,52.97
496,50,49.900000000000006
496,51,47.610000000000014
496,52,44.97
496,53,43.68000000000001
496,54,41.46000000000001
496,55,41.00999999999999
496,56,36.370000000000005
496,57,34.81999999999999
496,58,36.05000000000001
496,59,34.370000000000005
496,60,34.81
496,61,36.099999999999994
496,62,37.06999999999999
496,63,34.55000000000001
496,64,35.09
496,65,34.639999999999986
496,66,35.620000000000005
496,67,35.69
496,68,38.00999999999999
496,69,38.30000000000001
496,70,40.06
496,71,39.91
496,72,42.30000000000001
496,73,43.150000000000006
496,74,45.55000000000001
496,75,42.650000000000006
496,76,44.889999999999986
496,77,46.21000000000001
496,78,46.66
496,79,46.66
496,80,48.99000000000001
496,81,49.75
496,82,50.889999999999986
496,83,52.19999999999999
496,84,54.360000000000014
496,85,54.72
496,86,56.46000000000001
496,87,55.34
496,88,55.53
496,89,57.900000000000006
496,90,58.849999999999994
496,91,58.80000000000001
496,92,60.44999999999999
496,93,59.25
496,94,62.16999999999999
496,95,61.69
496,96,60.75999999999999
496,97,63.150000000000006
496,98,65.16999999999999
496,99,63.58000000000001
496,100,63.370000000000005
496,101,65.83000000000001
496,102,66.46000000000001
496,103,66.88999999999999
496,104,66.87
496,105,68.34
496,106,68
496,107,68.07
496,108,67.15
496,109,69.74000000000001
496,110,68.97
496,111,69.85
496,112,71.18
496,113,73.15
496,114,73.66999999999999
496,115,73.66999999999999
496,116,73.87
496,117,73.27000000000001
496,118,74.75999999999999
496,119,75.35
496,120,78.44999999999999
496,121,76.53999999999999
496,122,77.05000000000001
496,123,77.22999999999999
496,124,79.44
496,125,79.94
496,126,77.97
496,127,79.71000000000001
496,128,79.28999999999999
496,129,81.06
496,130,78.78
496,131,81.52000000000001
496,132,81.97999999999999
496,133,81.43
496,134,81.09
496,135,81.46000000000001
496,136,83.66999999999999
496,137,83.28999999999999
496,138,85.99000000000001
496,139,83.68
496,140,82.03999999999999
496,141,85.41
496,142,85.75
496,143,86.07
496,144,86.08000000000001
496,145,84.47
496,146,87.41
496,147,87.81
496,148,88.06
496,149,87.59
496,150,88.24000000000001
496,151,86.41999999999999
496,152,89.24000000000001
496,153,89.9
496,154,88.94
496,155,90.25999999999999
496,156,91.50999999999999
496,157,90.38
496,158,90.1
496,159,90.33000000000001
496,160,90.22999999999999
496,161,90.09
496,162,91.55000000000001
496,163,92.25
496,164,91.33000000000001
496,165,92.91
496,166,93.87
496,167,93.86000000000001
496,168,96.28
496,169,94.18
496,170,93.69
496,171,93.96000000000001
496,172,93.75999999999999
496,173,97.03999999999999
496,174,93.59
496,175,94.63999999999999
496,176,96.66999999999999
496,177,95.59
496,178,96.47999999999999
496,179,96.19999999999999
496,180,93.88999999999999
497,1,239.99
497,2,239.95
497,3,237.29000000000002
497,4,233.51
497,5,228.12
497,6,221.94
497,7,215.98000000000002
497,8,210.11
497,9,203.87
497,10,199.43
497,11,194.81
497,12,188.36
497,13,182.75
497,14,177.3
497,15,172.32999999999998
497,16,169.08999999999997
497,17,163.7
497,18,159.82999999999998
497,19,153.99
497,20,149.77999999999997
497,21,146.20999999999998
497,22,142.08
497,23,136.06
497,24,132.58
497,25,128.32
497,26,123.88
497,27,121.71000000000001
497,28,117.06
497,29,112.69
497,30,108.36000000000001
497,31,103.69999999999999
497,32,102.66
497,33,98.47
497,34,95.85
497,35,93.03999999999999
497,36,88.32
497,37,85.84
497,38,83.24000000000001
497,39,79.16
497,40,78.94
497,41,74.66
497,42,71.37
497,43,67.85
497,44,67.63
497,45,63.44
497,46,60.16999999999999
497,47,58.75
497,48,56.97
497,49,56.44
497,50,53.19999999999999
497,51,48.50999999999999
497,52,47.099999999999994
497,53,45.47
497,54,44.34
497,55,42.49000000000001
497,56,39.71000000000001
497,57,41.81
497,58,39.360000000000014
497,59,39.72
497,60,38.55000000000001
497,61,39.19
497,62,37.389999999999986
497,63,37.02000000000001
497,64,36.75999999999999
497,65,39.52000000000001
497,66,38.360000000000014
497,67,38.349999999999994
497,68,40.96000000000001
497,69,41.44
497,70,44.05000000000001
497,71,43.639999999999986
497,72,41.97
497,73,45.879999999999995
497,74,44.5
497,75,47.599999999999994
497,76,46.650000000000006
497,77,49.56999999999999
497,78,49.02000000000001
497,79,49.66
497,80,50.31
497,81,51.71000000000001
497,82,53.27000000000001
497,83,55.49000000000001
497,84,54.06999999999999
497,85,55.870000000000005
497,86,55.44
497,87,57.900000000000006
497,88,57.68000000000001
497,89,58.900000000000006
497,90,59.68000000000001
497,91,61
497,92,60.360000000000014
497,93,61.47
497,94,63.03
497,95,61.81
497,96,64.61000000000001
497,97,65.99000000000001
497,98,66.06
497,99,65.30000000000001
497,100,66.52000000000001
497,101,67.02000000000001
497,102,66.44
497,103,69.07
497,104,69.9
497,105,67.57
497,106,70.52000000000001
497,107,71.68
497,108,73.41
497,109,71.96000000000001
497,110,73.91
497,111,71.88
497,112,74.13
497,113,75.35
497,114,73.5
497,115,76.08000000000001
497,116,76.12
497,117,78.68
497,118,77.06
497,119,77.37
497,120,77.91
497,121,78.44999999999999
497,122,79.46000000000001
497,123,79.72
497,124,81.41
497,125,80.69
497,126,81.19999999999999
497,127,82.88
497,128,83.71000000000001
497,129,82.21000000000001
497,130,81.87
497,131,80.71000000000001
497,132,83.35
497,133,80.94999999999999
497,134,81.83000000000001
497,135,83.56
497,136,84.19999999999999
497,137,86.06
497,138,83.91999999999999
497,139,86.71000000000001
497,140,83.38999999999999
497,141,86.25999999999999
497,142,86.93
497,143,85.81
497,144,85.28999999999999
497,145,85.74000000000001
497,146,86.53
497,147,89.13999999999999
497,148,86.22
497,149,88.19
497,150,88.97
497,151,89.97
497,152,90.1
497,153,92.19999999999999
497,154,90.72999999999999
497,155,92.36000000000001
497,156,92.13
497,157,91.66
497,158,93.02000000000001
497,159,92.00999999999999
497,160,92.84
497,161,93.5
497,162,92.75999999999999
497,163,94.44
497,164,91.6
497,165,92.28999999999999
497,166,95.37
497,167,92.94999999999999
497,168,96.81
497,169,92.74000000000001
497,170,95.82
497,171,93.86000000000001
497,172,93.84
497,173,96.55000000000001
497,174,95.11000000000001
497,175,95.30000000000001
497,176,97.02000000000001
497,177,96.68
497,178,97.80000000000001
497,179,97.91999999999999
497,180,96.30000000000001
498,1,243.43
498,2,246.13
498,3,241.48000000000002
498,4,236.22000000000003
498,5,230.97000000000003
498,6,225.39999999999998
498,7,219.5
498,8,212.61
498,9,208.45
498,10,200.70999999999998
498,11,196.68
498,12,190.10000000000002
498,13,187.31
498,14,181.91000000000003
498,15,177.99
498,16,170.8
498,17,166.26
498,18,161.69
498,19,157.56
498,20,153.67000000000002
498,21,149
498,22,144.5
498,23,138.29
498,24,136.64
498,25,130.83
498,26,127.78
498,27,123.72
498,28,119.36000000000001
498,29,116.06
498,30,112.19999999999999
498,31,108.06
498,32,106.56
498,33,101.87
498,34,96.36000000000001
498,35,95.93
498,36,90.97999999999999
498,37,88.13999999999999
498,38,86.28999999999999
498,39,83.69999999999999
498,40,79.44999999999999
498,41,75.63999999999999
498,42,73.36000000000001
498,43,70.49000000000001
498,44,67.91999999999999
498,45,66.62
498,46,65.53
498,47,61.81999999999999
498,48,61.44999999999999
498,49,56.78
498,50,54.56999999999999
498,51,52.47999999999999
498,52,49.91999999999999
498,53,49.28999999999999
498,54,46.22999999999999
498,55,46.75
498,56,43.78999999999999
498,57,43.68000000000001
498,58,40.91
498,59,41.00999999999999
498,60,41.28999999999999
498,61,40.30000000000001
498,62,41.55000000000001
498,63,40.96000000000001
498,64,40.77000000000001
498,65,41.05000000000001
498,66,42.50999999999999
498,67,42.16999999999999
498,68,43.19999999999999
498,69,43.84
498,70,43.69999999999999
498,71,45.400000000000006
498,72,46.27000000000001
498,73,48.09
498,74,48.900000000000006
498,75,51.16
498,76,49.09
498,77,50.860000000000014
498,78,51.25999999999999
498,79,53.78999999999999
498,80,53.75
498,81,53.68000000000001
498,82,55.28
498,83,57.349999999999994
498,84,56.50999999999999
498,85,58.56999999999999
498,86,58.34
498,87,58.28999999999999
498,88,60.06999999999999
498,89,61.33000000000001
498,90,63.53999999999999
498,91,63.5
498,92,63.41999999999999
498,93,62.94
498,94,64.28999999999999
498,95,64.31
498,96,65.41999999999999
498,97,66.16999999999999
498,98,66.49000000000001
498,99,68.75999999999999
498,100,68.99000000000001
498,101,69.13999999999999
498,102,70.55000000000001
498,103,69.84
498,104,70.50999999999999
498,105,70.68
498,106,72.33000000000001
498,107,72.36000000000001
498,108,75.63
498,109,74.94
498,110,73.57
498,111,73.85
498,112,74.28999999999999
498,113,75.88
498,114,78.21000000000001
498,115,77.47999999999999
498,116,79.07
498,117,78.07
498,118,78.1
498,119,79.28
498,120,80.66999999999999
498,121,79.21000000000001
498,122,78.19
498,123,80.71000000000001
498,124,80.1
498,125,80.33000000000001
498,126,82.05000000000001
498,127,83.32
498,128,81.22999999999999
498,129,83.22999999999999
498,130,82.81
498,131,84.62
498,132,83.00999999999999
498,133,84.81
498,134,85.86000000000001
498,135,86.59
498,136,85.59
498,137,85.62
498,138,87.35
498,139,86.22999999999999
498,140,87.08000000000001
498,141,87.53
498,142,89.53999999999999
498,143,88.72
498,144,89.31
498,145,87.69
498,146,88.56
498,147,89.74000000000001
498,148,90.33000000000001
498,149,90.71000000000001
498,150,91.16999999999999
498,151,90.81
498,152,90.30000000000001
498,153,90.12
498,154,92.81
498,155,92.09
498,156,92.75999999999999
498,157,94.68
498,158,92.37
498,159,92.97999999999999
498,160,94.32
498,161,95.08000000000001
498,162,95.75999999999999
498,163,93.94999999999999
498,164,91.47999999999999
498,165,93.47999999999999
498,166,95.22999999999999
498,167,94.25999999999999
498,168,95.63
498,169,94.58000000000001
498,170,95.43
498,171,95.44999999999999
498,172,97.66
498,173,95.66
498,174,96.86000000000001
498,175,96.93
498,176,98.16999999999999
498,177,96.35
498,178,96.85
498,179,96.41999999999999
498,180,98.03
499,1,244.66000000000003
499,2,247.25
499,3,242.19
499,4,238.91000000000003
499,5,234.45
499,6,227.86
499,7,222.01999999999998
499,8,217.37
499,9,211.8
499,10,204.89
499,11,199.70999999999998
499,12,195.93
499,13,189
499,14,183.79000000000002
499,15,178.83999999999997
499,16,174.14999999999998
499,17,168.67000000000002
499,18,165.41000000000003
499,19,159.76
499,20,156.07
499,21,150.57
499,22,146.72000000000003
499,23,142.25
499,24,138.72
499,25,135.57
499,26,130.7
499,27,126.32
499,28,123.91999999999999
499,29,118.38999999999999
499,30,113.25
499,31,112.15
499,32,106.69
499,33,107.00999999999999
499,34,102.07
499,35,97.50999999999999
499,36,93.06
499,37,90.78999999999999
499,38,88.75
499,39,84.41
499,40,83.06
499,41,80.80000000000001
499,42,79.28
499,43,75.21000000000001
499,44,71.93
499,45,70.18
499,46,66.4
499,47,66.62
499,48,61.09
499,49,58.900000000000006
499,50,56.53
499,51,56
499,52,55.30000000000001
499,53,51.43000000000001
499,54,51.30000000000001
499,55,49
499,56,50.53
499,57,48.19
499,58,44.099999999999994
499,59,45.889999999999986
499,60,43.25
499,61,44.16
499,62,45.56999999999999
499,63,44.650000000000006
499,64,45.34
499,65,44.83000000000001
499,66,45.370000000000005
499,67,46.129999999999995
499,68,46.31
499,69,43.81999999999999
499,70,46.389999999999986
499,71,48.879999999999995
499,72,50.25999999999999
499,73,49.93000000000001
499,74,52.47999999999999
499,75,52.72999999999999
499,76,52.53
499,77,53.06999999999999
499,78,55.93000000000001
499,79,54.860000000000014
499,80,56.83000000000001
499,81,56.99000000000001
499,82,59.19999999999999
499,83,60.03999999999999
499,84,60.16999999999999
499,85,59.71000000000001
499,86,61.97999999999999
499,87,63.31999999999999
499,88,62.43000000000001
499,89,62.620000000000005
499,90,63.150000000000006
499,91,63.31
499,92,66.36000000000001
499,93,66.07
499,94,66.28999999999999
499,95,66.27000000000001
499,96,66.68
499,97,70.21000000000001
499,98,67.12
499,99,71.22999999999999
499,100,73.68
499,101,73.33000000000001
499,102,71.91999999999999
499,103,71.69
499,104,73.03999999999999
499,105,74.08000000000001
499,106,75.72
499,107,74.32
499,108,74.03999999999999
499,109,75.1
499,110,78.13999999999999
499,111,76.25999999999999
499,112,78.30000000000001
499,113,78.78999999999999
499,114,78.6
499,115,78.91
499,116,78.4
499,117,78.75
499,118,79.81
499,119,79.82
499,120,81.11000000000001
499,121,81.66999999999999
499,122,82.18
499,123,83.25999999999999
499,124,82.47
499,125,80.93
499,126,84.06
499,127,84.44999999999999
499,128,84.71000000000001
499,129,83.75
499,130,85.71000000000001
499,131,86.6
499,132,86.75
499,133,85.52000000000001
499,134,86.71000000000001
499,135,86.77000000000001
499,136,87.44
499,137,89.85
499,138,87.63
499,139,86.87
499,140,89.44999999999999
499,141,89.96000000000001
499,142,87.57
499,143,90.53
499,144,89.82
499,145,90.16999999999999
499,146,91.57
499,147,91.78999999999999
499,148,89.4
499,149,93.03999999999999
499,150,91.4
499,151,92.24000000000001
499,152,93.97
499,153,94.03
499,154,93.22
499,155,93.47999999999999
499,156,92.00999999999999
499,157,93.37
499,158,92.74000000000001
499,159,94.66999999999999
499,160,96.56
499,161,96.24000000000001
499,162,94.88
499,163,92.58000000000001
499,164,94.43
499,165,97.02000000000001
499,166,94.49000000000001
499,167,95.41999999999999
499,168,96.91
499,169,98.32
499,170,95.66999999999999
499,171,96.49000000000001
499,172,98.15
499,173,99.94
499,174,99.81
499,175,97.99000000000001
499,176,99.49000000000001
499,177,98.44
499,178,97.19
499,179,99.41999999999999
499,180,99.35
500,1,251.49
500,2,250.69
500,3,247.42000000000002
500,4,242.23000000000002
500,5,237.86
500,6,230.19
500,7,224.94
500,8,220.04000000000002
500,9,213.27999999999997
500,10,210.08999999999997
500,11,202.33999999999997
500,12,197.86
500,13,192.11
500,14,187.13
500,15,183.01999999999998
500,16,176.36
500,17,172.10000000000002
500,18,167.43
500,19,164.2
500,20,157.83999999999997
500,21,154.26999999999998
500,22,150.04000000000002
500,23,146
500,24,141.16
500,25,137.79
500,26,134.46
500,27,130.72
500,28,125.66999999999999
500,29,121.86000000000001
500,30,119.31
500,31,114.22
500,32,111.59
500,33,107.47999999999999
500,34,104.66
500,35,103.30000000000001
500,36,97.86000000000001
500,37,93.91999999999999
500,38,93.24000000000001
500,39,88.94999999999999
500,40,86.16
500,41,84.32
500,42,79.68
500,43,77.85
500,44,75.02000000000001
500,45,74.06
500,46,71.11000000000001
500,47,68.72
500,48,66.91
500,49,63.889999999999986
500,50,61.099999999999994
500,51,59.44
500,52,58.120000000000005
500,53,55.43000000000001
500,54,53.83000000000001
500,55,50.870000000000005
500,56,51.22
500,57,50.97999999999999
500,58,47.78999999999999
500,59,49.33000000000001
500,60,47.44
500,61,45.94999999999999
500,62,45.53999999999999
500,63,46.16
500,64,45.870000000000005
500,65,46.84
500,66,46.74000000000001
500,67,45.150000000000006
500,68,49.599999999999994
500,69,49.05000000000001
500,70,50.02000000000001
500,71,50.19999999999999
500,72,52.00999999999999
500,73,51.25
500,74,54.03999999999999
500,75,52.50999999999999
500,76,56.599999999999994
500,77,55.099999999999994
500,78,55.31999999999999
500,79,58.84
500,80,59.110000000000014
500,81,60.900000000000006
500,82,59.81999999999999
500,83,61.360000000000014
500,84,61.30000000000001
500,85,63.5
500,86,64.22
500,87,62.94999999999999
500,88,66.58000000000001
500,89,66.99000000000001
500,90,63.25999999999999
500,91,68.49000000000001
500,92,67.03
500,93,68.41999999999999
500,94,69
500,95,68.97
500,96,70.44
500,97,68.22999999999999
500,98,71.27000000000001
500,99,69.50999999999999
500,100,70.47999999999999
500,101,72.22
500,102,74.81
500,103,75.72
500,104,74.55000000000001
500,105,76.19
500,106,75.31
500,107,75.6
500,108,77.43
500,109,77.86000000000001
500,110,78.25
500,111,77.96000000000001
500,112,78.94999999999999
500,113,77.74000000000001
500,114,81.00999999999999
500,115,80.94999999999999
500,116,80.97
500,117,80.38999999999999
500,118,80.94999999999999
500,119,81.56
500,120,80.81
500,121,84.13999999999999
500,122,82.38
500,123,84.74000000000001
500,124,84.27000000000001
500,125,85.24000000000001
500,126,86.88
500,127,86.78
500,128,85.58000000000001
500,129,84.69999999999999
500,130,87.94999999999999
500,131,89.44999999999999
500,132,87.88999999999999
500,133,87.53
500,134,88.66
500,135,88.19
500,136,88.31
500,137,89.08000000000001
500,138,88.6
500,139,91.46000000000001
500,140,87.99000000000001
500,141,88.34
500,142,90.35
500,143,91.5
500,144,91
500,145,91.72
500,146,92.94999999999999
500,147,92.69999999999999
500,148,91.34
500,149,91.97
500,150,92.00999999999999
500,151,93.94
500,152,94.68
500,153,93.38
500,154,94.63999999999999
500,155,94.71000000000001
500,156,95.66999999999999
500,157,94.82
500,158,94.6
500,159,95.19999999999999
500,160,96.44999999999999
500,161,94.56
500,162,97.75999999999999
500,163,95.47
500,164,95.69
500,165,98.22999999999999
500,166,97.24000000000001
500,167,98.78999999999999
500,168,97.33000000000001
500,169,97.4
500,170,99.56
500,171,97.56
500,172,100.19
500,173,99.71000000000001
500,174,99.46000000000001
500,175,99.57
500,176,100.72
500,177,99.75
500,178,100.41999999999999
500,179,98.66999999999999
500,180,100.27000000000001
501,1,257.22
501,2,255.83999999999997
501,3,248.7
501,4,245.57
501,5,239.94
501,6,232.64
501,7,227.3
501,8,221.18
501,9,216.37
501,10,211.23000000000002
501,11,206.22000000000003
501,12,200.74
501,13,196.73000000000002
501,14,190.44
501,15,184.63
501,16,179.37
501,17,175.14999999999998
501,18,172.04000000000002
501,19,167.52999999999997
501,20,162.60000000000002
501,21,158.69
501,22,152.95999999999998
501,23,148.74
501,24,144.37
501,25,141.2
501,26,136.35
501,27,132.11
501,28,130.08
501,29,124.43
501,30,122.11000000000001
501,31,115.52000000000001
501,32,114.33000000000001
501,33,110.78
501,34,107.30000000000001
501,35,105.75999999999999
501,36,100.78
501,37,99.07
501,38,94.18
501,39,90.44
501,40,87.99000000000001
501,41,87.81
501,42,82.77000000000001
501,43,82.75999999999999
501,44,78.68
501,45,78.35
501,46,74.09
501,47,72.13999999999999
501,48,70.21000000000001
501,49,67.36000000000001
501,50,63.599999999999994
501,51,62.30000000000001
501,52,59.93000000000001
501,53,58.599999999999994
501,54,58.110000000000014
501,55,55.46000000000001
501,56,55.31999999999999
501,57,52.28
501,58,52.33000000000001
501,59,50.28999999999999
501,60,51.56999999999999
501,61,50.30000000000001
501,62,47.96000000000001
501,63,49.31999999999999
501,64,50.370000000000005
501,65,51.21000000000001
501,66,50.18000000000001
501,67,49.56999999999999
501,68,50.56
501,69,49.78
501,70,49.69999999999999
501,71,53.05000000000001
501,72,55.49000000000001
501,73,55.360000000000014
501,74,55.21000000000001
501,75,57.47
501,76,57.16999999999999
501,77,57.360000000000014
501,78,59.03
501,79,59.139999999999986
501,80,59.31999999999999
501,81,60.69999999999999
501,82,63.46000000000001
501,83,64.30000000000001
501,84,63.099999999999994
501,85,65.74000000000001
501,86,61.370000000000005
501,87,67.5
501,88,66.37
501,89,66.28
501,90,68.75999999999999
501,91,69.12
501,92,69.15
501,93,70.28999999999999
501,94,71.18
501,95,70.86000000000001
501,96,73.58000000000001
501,97,69.78999999999999
501,98,70.72999999999999
501,99,74.24000000000001
501,100,74.69999999999999
501,101,74.27000000000001
501,102,75.99000000000001
501,103,75.4
501,104,76.13999999999999
501,105,76.65
501,106,76.47999999999999
501,107,77.41999999999999
501,108,75.75
501,109,79.78999999999999
501,110,80.87
501,111,82.47
501,112,81.61000000000001
501,113,79.94999999999999
501,114,79.61000000000001
501,115,81.16
501,116,82.9
501,117,83.94
501,118,82.72
501,119,85.1
501,120,84.97
501,121,84.08000000000001
501,122,84.66999999999999
501,123,86.25999999999999
501,124,85.30000000000001
501,125,86.96000000000001
501,126,86.03
501,127,86.37
501,128,86.94
501,129,88.59
501,130,86.6
501,131,89.02000000000001
501,132,87.57
501,133,86
501,134,89.13999999999999
501,135,90.85
501,136,91.86000000000001
501,137,90.33000000000001
501,138,88.75
501,139,90.58000000000001
501,140,91.6
501,141,91.65
501,142,89.18
501,143,91.94
501,144,94
501,145,92.50999999999999
501,146,93.68
501,147,93.63999999999999
501,148,93.33000000000001
501,149,94.21000000000001
501,150,95.1
501,151,95.13
501,152,92.66
501,153,95.88
501,154,96.19999999999999
501,155,96.13
501,156,93.83000000000001
501,157,96.57
501,158,97.21000000000001
501,159,97.31
501,160,96.4
501,161,98.33000000000001
501,162,97.02000000000001
501,163,98.91999999999999
501,164,99.65
501,165,98.75
501,166,97.5
501,167,99.06
501,168,98.5
501,169,98.55000000000001
501,170,99.6
501,171,98.28999999999999
501,172,100.72999999999999
501,173,101.99000000000001
501,174,99.91999999999999
501,175,100.00999999999999
501,176,102.94
501,177,100.72999999999999
501,178,101.02000000000001
501,179,101.53999999999999
501,180,100.96000000000001
502,1,259.85
502,2,257.44
502,3,252.95
502,4,247.94
502,5,243.08999999999997
502,6,236.45999999999998
502,7,230.97000000000003
502,8,225.19
502,9,219.14
502,10,213.25
502,11,208.85000000000002
502,12,205.01
502,13,198.32
502,14,193.45999999999998
502,15,187.99
502,16,184.01999999999998
502,17,179.89
502,18,174.41000000000003
502,19,169.89
502,20,165.07
502,21,160.32
502,22,156.38
502,23,151.57
502,24,147.32
502,25,142.94
502,26,138.83
502,27,136.44
502,28,131.01
502,29,128.11
502,30,125.00999999999999
502,31,120.53999999999999
502,32,118.57
502,33,113.19
502,34,112.75
502,35,107.94
502,36,104.47
502,37,99.97
502,38,98.72
502,39,94.88
502,40,92.13
502,41,89.75999999999999
502,42,87.63999999999999
502,43,83.6
502,44,81.32
502,45,79.47999999999999
502,46,77.71000000000001
502,47,73.91999999999999
502,48,71.97
502,49,71.53
502,50,68.13
502,51,65.66
502,52,63.99000000000001
502,53,63.41999999999999
502,54,61.44999999999999
502,55,58.78999999999999
502,56,57.120000000000005
502,57,55.83000000000001
502,58,54.83000000000001
502,59,53.22999999999999
502,60,51.96000000000001
502,61,51.849999999999994
502,62,51.71000000000001
502,63,51.849999999999994
502,64,52.379999999999995
502,65,51.66
502,66,53.02000000000001
502,67,54.900000000000006
502,68,53.900000000000006
502,69,53.639999999999986
502,70,56.06
502,71,55.150000000000006
502,72,55.72
502,73,56.03
502,74,58.06999999999999
502,75,57.28
502,76,60.80000000000001
502,77,60.400000000000006
502,78,62.599999999999994
502,79,60.46000000000001
502,80,64.00999999999999
502,81,62.83000000000001
502,82,64.38
502,83,66.78999999999999
502,84,66.22999999999999
502,85,65.44
502,86,68.11000000000001
502,87,66.03
502,88,68.53
502,89,68.15
502,90,69.88
502,91,70.24000000000001
502,92,71.69
502,93,72.53
502,94,71.36000000000001
502,95,75.00999999999999
502,96,73.12
502,97,73.62
502,98,74.91999999999999
502,99,74.41999999999999
502,100,75.16
502,101,76.09
502,102,77.75
502,103,78.16999999999999
502,104,78.78999999999999
502,105,78.15
502,106,80.13999999999999
502,107,79.16999999999999
502,108,80.27000000000001
502,109,81.19
502,110,82
502,111,80.50999999999999
502,112,81.65
502,113,84
502,114,85.88999999999999
502,115,83.88999999999999
502,116,82.61000000000001
502,117,85.78999999999999
502,118,85.34
502,119,84.25
502,120,85.37
502,121,86.44999999999999
502,122,85.53
502,123,87.06
502,124,86.07
502,125,88.62
502,126,88.47
502,127,88.15
502,128,89.72
502,129,90.08000000000001
502,130,89.52000000000001
502,131,90.71000000000001
502,132,90.9
502,133,90.16
502,134,90.5
502,135,90.77000000000001
502,136,92.05000000000001
502,137,91.69
502,138,91.11000000000001
502,139,93.36000000000001
502,140,94.13999999999999
502,141,92.53
502,142,95.30000000000001
502,143,93.72999999999999
502,144,95.02000000000001
502,145,96.08000000000001
502,146,96.07
502,147,94.13
502,148,96.85
502,149,95.86000000000001
502,150,94.97999999999999
502,151,96.75999999999999
502,152,97.72
502,153,96.53
502,154,96.63
502,155,98
502,156,98.56
502,157,95.66999999999999
502,158,97.66999999999999
502,159,97.69
502,160,100.71000000000001
502,161,99.4
502,162,99.83000000000001
502,163,99.43
502,164,96.93
502,165,99.62
502,166,101.22999999999999
502,167,99.78999999999999
502,168,100.6
502,169,100.07
502,170,99.84
502,171,100.59
502,172,101.11000000000001
502,173,102.47
502,174,103.63
502,175,100.96000000000001
502,176,102.44999999999999
502,177,101.62
502,178,101.52000000000001
502,179,104.1
502,180,102.12
503,1,264.95
503,2,263.14
503,3,256.79
503,4,251.06
503,5,246.22000000000003
503,6,240.98000000000002
503,7,235.26
503,8,228.39
503,9,222.39999999999998
503,10,216.47000000000003
503,11,213
503,12,207.24
503,13,202.56
503,14,196.05
503,15,191.63
503,16,186.06
503,17,182.06
503,18,177.23000000000002
503,19,172.33999999999997
503,20,167.2
503,21,163.93
503,22,158.37
503,23,154.51
503,24,151.39
503,25,146.44
503,26,143.68
503,27,140.18
503,28,134.13
503,29,132.21
503,30,128.88
503,31,124.77000000000001
503,32,119.41
503,33,117.03
503,34,114.16999999999999
503,35,110.21000000000001
503,36,106.72
503,37,104.65
503,38,101.38999999999999
503,39,96.80000000000001
503,40,94.66999999999999
503,41,93.4
503,42,89.34
503,43,86.6
503,44,83.61000000000001
503,45,81.72
503,46,78.78999999999999
503,47,76.35
503,48,76.07
503,49,73.31
503,50,72.50999999999999
503,51,70.1
503,52,68.78
503,53,63.389999999999986
503,54,63.31999999999999
503,55,61.71000000000001
503,56,62.41
503,57,58.91
503,58,55.75999999999999
503,59,57.53
503,60,57.93000000000001
503,61,56.97
503,62,54.639999999999986
503,63,56.25999999999999
503,64,56.06999999999999
503,65,55.879999999999995
503,66,56.22999999999999
503,67,55.389999999999986
503,68,55.56999999999999
503,69,57.650000000000006
503,70,56.72999999999999
503,71,59.33000000000001
503,72,58.72
503,73,58.860000000000014
503,74,61.44999999999999
503,75,62.16
503,76,62.56999999999999
503,77,63.650000000000006
503,78,64.28
503,79,64.53
503,80,66.34
503,81,66.63999999999999
503,82,67.24000000000001
503,83,68.32
503,84,67.99000000000001
503,85,69.63999999999999
503,86,67.80000000000001
503,87,70.08000000000001
503,88,71.03
503,89,71.66
503,90,72.02000000000001
503,91,72.71000000000001
503,92,74.93
503,93,74.27000000000001
503,94,73.86000000000001
503,95,75.81
503,96,75.12
503,97,76.08000000000001
503,98,77.44
503,99,76.38
503,100,80.13
503,101,78.63
503,102,80.30000000000001
503,103,79.5
503,104,80.75999999999999
503,105,80.74000000000001
503,106,81.1
503,107,79.31
503,108,82.38999999999999
503,109,82.78999999999999
503,110,82.61000000000001
503,111,83.00999999999999
503,112,83.08000000000001
503,113,86.94999999999999
503,114,85.80000000000001
503,115,86.16
503,116,85.55000000000001
503,117,86.66999999999999
503,118,85.72
503,119,85.30000000000001
503,120,87.08000000000001
503,121,88.97999999999999
503,122,89.1
503,123,90.63
503,124,86.72
503,125,88.77000000000001
503,126,89.53
503,127,92
503,128,89.74000000000001
503,129,91.31
503,130,90.18
503,131,92.32
503,132,91.88999999999999
503,133,94.1
503,134,92.52000000000001
503,135,92.72
503,136,93.16999999999999
503,137,94.08000000000001
503,138,93.52000000000001
503,139,92.44999999999999
503,140,93.63999999999999
503,141,94.96000000000001
503,142,94.13
503,143,94.87
503,144,95.97
503,145,94.74000000000001
503,146,96.16
503,147,94.80000000000001
503,148,95.46000000000001
503,149,97.03999999999999
503,150,97.16
503,151,96.58000000000001
503,152,95.85
503,153,95.71000000000001
503,154,97.25999999999999
503,155,96.9
503,156,98.31
503,157,99.94
503,158,97.33000000000001
503,159,99.27000000000001
503,160,99.09
503,161,100.88
503,162,99.30000000000001
503,163,103.13999999999999
503,164,101.94
503,165,100.96000000000001
503,166,102.28
503,167,103.68
503,168,102.22
503,169,101.13999999999999
503,170,100.66999999999999
503,171,101.44999999999999
503,172,102.68
503,173,99.85
503,174,102.97
503,175,102.22999999999999
503,176,101.84
503,177,102.22999999999999
503,178,102.69
503,179,103.06
503,180,103.88
504,1,267.4
504,2,267.71
504,3,260.32
504,4,254.35000000000002
504,5,248.62
504,6,242.56
504,7,237.06
504,8,232.27999999999997
504,9,226.41000000000003
504,10,220.69
504,11,214.82
504,12,210.10000000000002
504,13,204.76999999999998
504,14,199.76
504,15,194.17000000000002
504,16,190.05
504,17,184.62
504,18,180.74
504,19,176.45999999999998
504,20,171.98000000000002
504,21,166.75
504,22,162.04000000000002
504,23,158.29000000000002
504,24,153.05
504,25,149.37
504,26,145.62
504,27,142.51
504,28,138.96
504,29,133.19
504,30,130.31
504,31,126.07
504,32,123.46000000000001
504,33,120.94
504,34,117.74000000000001
504,35,113.28999999999999
504,36,110.71000000000001
504,37,106.33000000000001
504,38,104.12
504,39,101.30000000000001
504,40,98.38999999999999
504,41,95.66999999999999
504,42,92.49000000000001
504,43,89.61000000000001
504,44,87.30000000000001
504,45,86.88
504,46,82.9
504,47,80.15
504,48,77.61000000000001
504,49,75.28999999999999
504,50,76.74000000000001
504,51,72.82
504,52,70.33000000000001
504,53,66.11000000000001
504,54,66.59
504,55,65.22
504,56,63.44
504,57,62.84
504,58,60.610000000000014
504,59,59.75
504,60,58.66999999999999
504,61,60.150000000000006
504,62,57.03999999999999
504,63,56.71000000000001
504,64,57.56999999999999
504,65,58.27000000000001
504,66,58.24000000000001
504,67,57.80000000000001
504,68,59.870000000000005
504,69,60.84
504,70,60.389999999999986
504,71,60.72999999999999
504,72,63.16999999999999
504,73,62.849999999999994
504,74,62.16
504,75,64.66999999999999
504,76,65.32
504,77,66.84
504,78,66.07
504,79,68.69999999999999
504,80,67.78
504,81,68.43
504,82,69.88999999999999
504,83,70.1
504,84,70.75999999999999
504,85,70.37
504,86,73.81
504,87,73.05000000000001
504,88,73.43
504,89,72.56
504,90,75.07
504,91,74.66
504,92,75.82
504,93,77.68
504,94,76.99000000000001
504,95,77.33000000000001
504,96,77.46000000000001
504,97,80.94
504,98,80.06
504,99,80.88
504,100,79.72999999999999
504,101,80.13999999999999
504,102,82.97
504,103,81.77000000000001
504,104,82.75
504,105,80.16999999999999
504,106,82.77000000000001
504,107,83.83000000000001
504,108,85.30000000000001
504,109,84.69
504,110,83.69999999999999
504,111,84.91999999999999
504,112,84.58000000000001
504,113,86.58000000000001
504,114,85.68
504,115,86.63999999999999
504,116,87.38
504,117,86.63999999999999
504,118,87.4
504,119,89.96000000000001
504,120,89.86000000000001
504,121,88.87
504,122,88.65
504,123,88.16
504,124,90.6
504,125,90.93
504,126,90.6
504,127,89.35
504,128,90.15
504,129,93.91999999999999
504,130,94.44
504,131,94.68
504,132,90.77000000000001
504,133,94.94999999999999
504,134,91.38999999999999
504,135,94.82
504,136,93.19
504,137,93.57
504,138,97.1
504,139,96.44
504,140,94.11000000000001
504,141,94.09
504,142,97.27000000000001
504,143,95.9
504,144,95.84
504,145,97.1
504,146,96.88
504,147,97.03999999999999
504,148,98.5
504,149,97.1
504,150,98.86000000000001
504,151,98.07
504,152,99.69999999999999
504,153,100.6
504,154,98.16999999999999
504,155,98.56
504,156,100.91999999999999
504,157,101.41999999999999
504,158,101.43
504,159,99.75
504,160,102.69
504,161,100.86000000000001
504,162,100.22999999999999
504,163,97.97
504,164,102.07
504,165,102.30000000000001
504,166,102.07
504,167,100.69999999999999
504,168,102.06
504,169,102
504,170,101.71000000000001
504,171,101.81
504,172,104.80000000000001
504,173,102.61000000000001
504,174,102.12
504,175,103.55000000000001
504,176,104.49000000000001
504,177,105.43
504,178,105.77000000000001
504,179,105.68
504,180,102.94
505,1,269.62
505,2,268.57
505,3,263.07
505,4,257.95
505,5,251.58999999999997
505,6,246.18
505,7,240.27999999999997
505,8,233.97000000000003
505,9,228.51999999999998
505,10,224.73000000000002
505,11,219.64
505,12,211.99
505,13,208.05
505,14,202.52999999999997
505,15,197.29000000000002
505,16,192.82999999999998
505,17,188.39
505,18,183.19
505,19,178.37
505,20,173.93
505,21,170.01999999999998
505,22,165.22000000000003
505,23,160.31
505,24,157.64999999999998
505,25,152.69
505,26,148.26
505,27,144.87
505,28,142.08
505,29,137.28
505,30,133.47
505,31,130.39
505,32,126.55000000000001
505,33,123.91
505,34,121.18
505,35,116.15
505,36,112.5
505,37,110.6
505,38,107.84
505,39,102.74000000000001
505,40,100.85
505,41,97.88999999999999
505,42,95.71000000000001
505,43,93.78999999999999
505,44,90.38999999999999
505,45,88.69999999999999
505,46,85.18
505,47,82.25999999999999
505,48,81.19
505,49,77.03
505,50,73.62
505,51,74.6
505,52,73.75
505,53,71.78
505,54,68.71000000000001
505,55,67.56
505,56,65.75999999999999
505,57,65.61000000000001
505,58,64.00999999999999
505,59,64.13999999999999
505,60,63.80000000000001
505,61,61.59
505,62,61.349999999999994
505,63,61.31
505,64,60.879999999999995
505,65,63.28999999999999
505,66,62.09
505,67,61.02000000000001
505,68,60.03999999999999
505,69,62.360000000000014
505,70,64.57
505,71,63.19
505,72,62.25
505,73,63.52000000000001
505,74,65.31
505,75,65.55000000000001
505,76,68.61000000000001
505,77,67.65
505,78,68.47
505,79,70.53
505,80,69.75999999999999
505,81,71.72
505,82,73.1
505,83,72.99000000000001
505,84,72.06
505,85,73
505,86,74.43
505,87,75.57
505,88,76.19
505,89,74.85
505,90,79.74000000000001
505,91,77.44999999999999
505,92,76.08000000000001
505,93,77.31
505,94,76.99000000000001
505,95,80.53999999999999
505,96,79.52000000000001
505,97,80.84
505,98,81.55000000000001
505,99,82.15
505,100,81.63999999999999
505,101,82.31
505,102,81.41
505,103,84.41999999999999
505,104,84.11000000000001
505,105,84.03
505,106,85.83000000000001
505,107,84.62
505,108,86.33000000000001
505,109,87.81
505,110,86.33000000000001
505,111,90.02000000000001
505,112,89.27000000000001
505,113,88.13
505,114,87.43
505,115,87.36000000000001
505,116,88.6
505,117,88.85
505,118,90.15
505,119,90.91
505,120,89.53
505,121,90.38
505,122,91.72999999999999
505,123,91.19999999999999
505,124,92.32
505,125,91.72999999999999
505,126,92.96000000000001
505,127,90.59
505,128,94.32
505,129,95.41
505,130,93.47999999999999
505,131,94.74000000000001
505,132,93.47999999999999
505,133,94
505,134,93.56
505,135,96.22
505,136,95.12
505,137,96.15
505,138,95.27000000000001
505,139,96.37
505,140,97.30000000000001
505,141,97.19999999999999
505,142,96.78999999999999
505,143,97.18
505,144,98.22999999999999
505,145,99.53999999999999
505,146,98.25
505,147,98.94999999999999
505,148,98.63
505,149,98.87
505,150,99
505,151,101.03999999999999
505,152,99.78
505,153,101.28
505,154,99.32
505,155,100.44
505,156,99.07
505,157,100.63
505,158,101.97
505,159,100.31
505,160,101.96000000000001
505,161,101.68
505,162,103.75999999999999
505,163,100.94999999999999
505,164,100.97
505,165,103.27000000000001
505,166,103.02000000000001
505,167,101.87
505,168,103.9
505,169,102.61000000000001
505,170,104.24000000000001
505,171,104.75
505,172,104.69
505,173,103.44
505,174,104.78
505,175,105.94
505,176,104.16999999999999
505,177,104.55000000000001
505,178,103.83000000000001
505,179,107.41
505,180,105.11000000000001
506,1,272.32
506,2,272.86
506,3,267.43
506,4,261.81
506,5,255.39999999999998
506,6,248.8
506,7,243.86
506,8,238.35000000000002
506,9,231.81
506,10,226.56
506,11,220.86
506,12,216.12
506,13,210.48000000000002
506,14,206.18
506,15,201.22000000000003
506,16,195.83999999999997
506,17,191.2
506,18,188.11
506,19,182.18
506,20,179.51
506,21,171.33999999999997
506,22,168.89999999999998
506,23,163.62
506,24,160.75
506,25,155.94
506,26,152.11
506,27,147.94
506,28,143.53
506,29,139.73
506,30,137.27
506,31,133.07
506,32,130
506,33,127.16999999999999
506,34,122.56
506,35,119.69999999999999
506,36,117.12
506,37,112.80000000000001
506,38,109.02000000000001
506,39,107.15
506,40,104.11000000000001
506,41,101.91999999999999
506,42,99.16999999999999
506,43,95.46000000000001
506,44,93.22999999999999
506,45,90.78999999999999
506,46,88.91999999999999
506,47,88.44
506,48,84.38
506,49,82.82
506,50,81.55000000000001
506,51,80.25999999999999
506,52,76.68
506,53,73.41999999999999
506,54,72.32
506,55,70.91
506,56,69.25999999999999
506,57,70.22
506,58,66.16999999999999
506,59,64.16
506,60,66.03
506,61,65.05000000000001
506,62,65.52000000000001
506,63,61.91
506,64,62.849999999999994
506,65,63.78999999999999
506,66,63.83000000000001
506,67,65.22
506,68,64.93
506,69,64.38
506,70,65.46000000000001
506,71,66.78999999999999
506,72,68.57
506,73,70.15
506,74,66.58000000000001
506,75,68.86000000000001
506,76,68.56
506,77,71.41999999999999
506,78,70.07
506,79,70.65
506,80,71.52000000000001
506,81,72.53
506,82,73.05000000000001
506,83,76.33000000000001
506,84,74.25
506,85,73.84
506,86,77.27000000000001
506,87,78.25999999999999
506,88,77.50999999999999
506,89,77.53
506,90,78.69999999999999
506,91,78.24000000000001
506,92,79.97
506,93,82.19
506,94,80.4
506,95,81.84
506,96,81.22
506,97,83.78999999999999
506,98,83.27000000000001
506,99,83.96000000000001
506,100,82.44
506,101,83.16999999999999
506,102,86.91
506,103,85.85
506,104,85.49000000000001
506,105,86.30000000000001
506,106,87.57
506,107,86.72
506,108,88.41
506,109,89.15
506,110,89.77000000000001
506,111,88.88999999999999
506,112,89.21000000000001
506,113,91.47999999999999
506,114,89.86000000000001
506,115,90.09
506,116,90.75999999999999
506,117,92.22
506,118,90.96000000000001
506,119,90.56
506,120,93.91
506,121,93.05000000000001
506,122,93.72999999999999
506,123,93.37
506,124,93.78999999999999
506,125,94.31
506,126,95.47
506,127,94.78
506,128,94.16
506,129,95.88
506,130,95.07
506,131,95.75999999999999
506,132,95.02000000000001
506,133,96.09
506,134,96.69999999999999
506,135,95.85
506,136,98.28
506,137,96.02000000000001
506,138,97.28999999999999
506,139,98.05000000000001
506,140,95.66
506,141,97.58000000000001
506,142,99.94999999999999
506,143,98.16999999999999
506,144,100.62
506,145,98.84
506,146,100.91999999999999
506,147,100.63999999999999
506,148,99.35
506,149,101.58000000000001
506,150,102.96000000000001
506,151,101.38
506,152,102
506,153,105.03
506,154,102.18
506,155,102.77000000000001
506,156,103.66
506,157,101.74000000000001
506,158,102.33000000000001
506,159,103.75
506,160,105.32
506,161,103.63999999999999
506,162,105.5
506,163,104.69999999999999
506,164,105.43
506,165,104.41
506,166,103.57
506,167,104.96000000000001
506,168,103.66
506,169,102.96000000000001
506,170,105.12
506,171,104.81
506,172,103.83000000000001
506,173,104.18
506,174,106.28999999999999
506,175,105
506,176,105.41999999999999
506,177,107.22
506,178,104.82
506,179,108.09
506,180,107.66
507,1,272.54
507,2,274.4
507,3,270.19
507,4,263.96
507,5,257.92
507,6,252.91000000000003
507,7,246.20999999999998
507,8,241.19
507,9,235.44
507,10,229.04000000000002
507,11,224.07999999999998
507,12,220.19
507,13,214.85000000000002
507,14,207.98000000000002
507,15,203.19
507,16,197.73000000000002
507,17,195.55
507,18,189.82999999999998
507,19,184.7
507,20,181.05
507,21,175.33999999999997
507,22,171.39
507,23,167.41000000000003
507,24,162.11
507,25,159.26999999999998
507,26,155.56
507,27,151.08999999999997
507,28,145.69
507,29,143.01
507,30,139.83
507,31,137.35
507,32,133.05
507,33,130.48
507,34,125.53999999999999
507,35,122.91
507,36,119.82
507,37,117.68
507,38,112.44
507,39,109.6
507,40,106.35
507,41,103.97
507,42,100.69999999999999
507,43,98.97
507,44,98.63999999999999
507,45,94.56
507,46,90.41
507,47,87.96000000000001
507,48,86.77000000000001
507,49,83.85
507,50,83.11000000000001
507,51,81.53
507,52,78.44999999999999
507,53,76.34
507,54,75.78
507,55,73.11000000000001
507,56,73.88
507,57,70.87
507,58,68.69
507,59,69.32
507,60,69.25999999999999
507,61,67.88999999999999
507,62,66.56
507,63,68.80000000000001
507,64,68.13999999999999
507,65,66.09
507,66,67.97
507,67,67.25999999999999
507,68,67.77000000000001
507,69,69.24000000000001
507,70,69.41
507,71,68.47999999999999
507,72,72.25999999999999
507,73,70.69
507,74,70.4
507,75,69.72
507,76,71.77000000000001
507,77,72.38
507,78,72.27000000000001
507,79,72.44
507,80,73.80000000000001
507,81,76.16
507,82,76.59
507,83,75.94
507,84,77.43
507,85,75.59
507,86,79.59
507,87,76.66
507,88,80.49000000000001
507,89,80.18
507,90,80.74000000000001
507,91,79.97999999999999
507,92,82.96000000000001
507,93,84.66
507,94,82.03999999999999
507,95,84.47999999999999
507,96,85.25999999999999
507,97,84.71000000000001
507,98,83.57
507,99,85.32
507,100,83.86000000000001
507,101,85.22999999999999
507,102,86.31
507,103,87.66999999999999
507,104,88.16
507,105,87.83000000000001
507,106,88.22999999999999
507,107,88.72999999999999
507,108,91.69999999999999
507,109,88.1
507,110,91.30000000000001
507,111,90.25999999999999
507,112,90.16999999999999
507,113,90.07
507,114,90.88999999999999
507,115,91.50999999999999
507,116,92.09
507,117,92.38999999999999
507,118,94.00999999999999
507,119,92.99000000000001
507,120,94.56
507,121,92.52000000000001
507,122,92.69
507,123,94.16
507,124,95.96000000000001
507,125,95.78
507,126,96.72
507,127,96.49000000000001
507,128,97.02000000000001
507,129,98.44999999999999
507,130,96.56
507,131,98.32
507,132,100.13999999999999
507,133,98.84
507,134,98.03999999999999
507,135,97.5
507,136,101.34
507,137,100.15
507,138,99.9
507,139,99.81
507,140,101
507,141,99.13
507,142,100.16
507,143,101.77000000000001
507,144,100.22999999999999
507,145,102.09
507,146,101.00999999999999
507,147,101.21000000000001
507,148,103.31
507,149,101.72999999999999
507,150,104.28999999999999
507,151,102.25999999999999
507,152,103.44999999999999
507,153,101.57
507,154,102.62
507,155,103.69
507,156,103.32
507,157,102.41999999999999
507,158,103.08000000000001
507,159,103.25999999999999
507,160,105.03999999999999
507,161,103.13999999999999
507,162,104.6
507,163,104.94
507,164,107.06
507,165,104.97
507,166,105.16999999999999
507,167,104.86000000000001
507,168,105.87
507,169,104.63999999999999
507,170,107.44999999999999
507,171,106.33000000000001
507,172,106.69999999999999
507,173,107.77000000000001
507,174,105.5
507,175,106.88
507,176,110.38
507,177,107.34
507,178,107.47
507,179,107.77000000000001
507,180,106.74000000000001
508,1,277.94
508,2,275.46
508,3,272.74
508,4,268.19
508,5,261.74
508,6,256.02
508,7,250.5
508,8,244.75
508,9,237.88
508,10,231.2
508,11,227.35000000000002
508,12,221.19
508,13,216.95999999999998
508,14,211.86
508,15,207.91000000000003
508,16,200.89999999999998
508,17,197.77999999999997
508,18,192.86
508,19,188.82
508,20,183.20999999999998
508,21,179.32
508,22,174.60000000000002
508,23,169.98000000000002
508,24,165.70999999999998
508,25,163.79000000000002
508,26,157.95
508,27,154.14999999999998
508,28,151.26
508,29,146.86
508,30,143.13
508,31,139.45
508,32,134.55
508,33,132.13
508,34,130.98
508,35,126.61000000000001
508,36,122.84
508,37,119.57
508,38,116.37
508,39,113.44999999999999
508,40,110.38
508,41,109.97999999999999
508,42,105.34
508,43,102.22999999999999
508,44,99.06
508,45,96.33000000000001
508,46,95.08000000000001
508,47,92.31
508,48,90.84
508,49,89.53999999999999
508,50,87.5
508,51,84.13999999999999
508,52,84.09
508,53,78.88999999999999
508,54,78
508,55,77.30000000000001
508,56,77.5
508,57,74.05000000000001
508,58,72.41
508,59,71.11000000000001
508,60,70.19
508,61,71.82
508,62,73.13
508,63,68.91999999999999
508,64,69.05000000000001
508,65,70.80000000000001
508,66,70.5
508,67,70.75999999999999
508,68,71.12
508,69,70
508,70,71.28
508,71,73.03999999999999
508,72,71.97
508,73,73.44
508,74,73.53
508,75,73.12
508,76,75.81
508,77,74.5
508,78,76.66
508,79,77.21000000000001
508,80,76.38999999999999
508,81,79.25999999999999
508,82,76.61000000000001
508,83,79.25999999999999
508,84,79.52000000000001
508,85,80.19999999999999
508,86,82.12
508,87,79.46000000000001
508,88,82.53
508,89,84.21000000000001
508,90,82.69
508,91,81.66999999999999
508,92,83.93
508,93,84.63999999999999
508,94,84.97
508,95,83.93
508,96,86.02000000000001
508,97,85.49000000000001
508,98,86.02000000000001
508,99,87.63
508,100,89.05000000000001
508,101,89.75999999999999
508,102,88.41999999999999
508,103,88.37
508,104,89.13999999999999
508,105,89.87
508,106,89.31
508,107,90.75
508,108,91.12
508,109,93.06
508,110,90.99000000000001
508,111,92.82
508,112,92.69999999999999
508,113,93.81
508,114,94.18
508,115,94.43
508,116,94.36000000000001
508,117,94.52000000000001
508,118,95.83000000000001
508,119,95.36000000000001
508,120,94.63
508,121,94.50999999999999
508,122,95.88
508,123,96.81
508,124,97.61000000000001
508,125,97.9
508,126,97.53
508,127,96.94
508,128,99.22
508,129,97.66999999999999
508,130,96.65
508,131,99.16
508,132,100.58000000000001
508,133,98.09
508,134,101.96000000000001
508,135,99.37
508,136,100.63
508,137,100.93
508,138,101.15
508,139,103.28
508,140,100.88999999999999
508,141,101.19
508,142,101.44999999999999
508,143,100.80000000000001
508,144,101.32
508,145,100.69999999999999
508,146,101.28
508,147,102.05000000000001
508,148,103.08000000000001
508,149,103.87
508,150,104.80000000000001
508,151,104.57
508,152,104.37
508,153,103.99000000000001
508,154,103.84
508,155,104.44999999999999
508,156,105.1
508,157,105.37
508,158,104.50999999999999
508,159,107.74000000000001
508,160,105.72999999999999
508,161,105.77000000000001
508,162,106.68
508,163,104.74000000000001
508,164,106.83000000000001
508,165,106.46000000000001
508,166,108.13999999999999
508,167,106.43
508,168,107.57
508,169,106.30000000000001
508,170,107.31
508,171,105.86000000000001
508,172,110.38999999999999
508,173,107.28
508,174,108.1
508,175,107.68
508,176,109.63
508,177,108.97999999999999
508,178,107.15
508,179,108.18
508,180,108.83000000000001
509,1,280.55
509,2,279.4
509,3,275.59
509,4,271.08
509,5,264.89
509,6,258.3
509,7,253.01999999999998
509,8,246.31
509,9,241.01999999999998
509,10,236.02999999999997
509,11,230.99
509,12,224.92000000000002
509,13,219.62
509,14,214.37
509,15,210.10000000000002
509,16,205.64
509,17,200.73000000000002
509,18,195.69
509,19,190.87
509,20,188.18
509,21,182.95
509,22,177.93
509,23,174.3
509,24,168
509,25,165.83999999999997
509,26,161.48000000000002
509,27,157.26999999999998
509,28,152.49
509,29,150.64
509,30,144.54
509,31,142.67
509,32,140.15
509,33,135.1
509,34,132.39
509,35,128.18
509,36,125.99000000000001
509,37,122.22
509,38,118.66999999999999
509,39,118.31
509,40,111.4
509,41,112.55000000000001
509,42,108.07
509,43,105.43
509,44,102.99000000000001
509,45,100.37
509,46,97.97
509,47,94.25
509,48,93.96000000000001
509,49,89.94999999999999
509,50,89.94999999999999
509,51,87.69
509,52,86.16
509,53,84.81
509,54,83.19999999999999
509,55,79.47999999999999
509,56,78.06
509,57,76.88
509,58,74.69
509,59,75.19999999999999
509,60,74.72999999999999
509,61,74.94
509,62,74.22
509,63,71.65
509,64,73.72999999999999
509,65,72.25
509,66,74.15
509,67,73.11000000000001
509,68,74.52000000000001
509,69,75.03
509,70,76.84
509,71,73.66999999999999
509,72,76
509,73,75.5
509,74,75.4
509,75,76.44
509,76,76.49000000000001
509,77,79.03
509,78,78.94999999999999
509,79,79.43
509,80,80.11000000000001
509,81,80.72999999999999
509,82,80.81
509,83,83.82
509,84,83.12
509,85,84.94
509,86,83.49000000000001
509,87,83.41999999999999
509,88,83.77000000000001
509,89,84.6
509,90,86.25
509,91,86.53
509,92,85.28
509,93,86.85
509,94,87.06
509,95,88.85
509,96,88.75999999999999
509,97,87.88999999999999
509,98,87.81
509,99,90.32
509,100,88.1
509,101,89.18
509,102,91.69999999999999
509,103,90.38999999999999
509,104,92.15
509,105,91.66
509,106,94.12
509,107,91.50999999999999
509,108,91.97
509,109,93.06
509,110,93.19999999999999
509,111,93.16
509,112,94.6
509,113,94.37
509,114,94.91
509,115,96.16
509,116,97.99000000000001
509,117,95.37
509,118,97.13
509,119,98.58000000000001
509,120,97.30000000000001
509,121,95.72999999999999
509,122,97.28999999999999
509,123,97.32
509,124,97.56
509,125,98.47999999999999
509,126,98.62
509,127,99.91999999999999
509,128,98.77000000000001
509,129,100.63
509,130,101.27000000000001
509,131,101.30000000000001
509,132,102.06
509,133,101.68
509,134,102.59
509,135,102.65
509,136,100.82
509,137,100.66999999999999
509,138,101.96000000000001
509,139,101.32
509,140,100.85
509,141,102.9
509,142,103.66999999999999
509,143,103.03
509,144,102.74000000000001
509,145,105.02000000000001
509,146,103.87
509,147,104.1
509,148,103.08000000000001
509,149,105.07
509,150,104.33000000000001
509,151,104.02000000000001
509,152,107.22999999999999
509,153,105.33000000000001
509,154,103.53
509,155,105.13
509,156,105.58000000000001
509,157,106.06
509,158,107.03
509,159,107.53999999999999
509,160,107.68
509,161,106.19
509,162,107.6
509,163,108.15
509,164,108.22
509,165,106.72
509,166,107.52000000000001
509,167,107.91
509,168,106.81
509,169,108.06
509,170,109.83000000000001
509,171,110.27000000000001
509,172,108.09
509,173,110.09
509,174,110.11000000000001
509,175,109.16
509,176,110.00999999999999
509,177,108.88999999999999
509,178,109.43
509,179,111.71000000000001
509,180,109.99000000000001
510,1,281.67
510,2,280.17
510,3,276.98
510,4,273.87
510,5,267.91
510,6,261.68
510,7,256.56
510,8,251.08999999999997
510,9,244.91000000000003
510,10,238.38
510,11,233.45999999999998
510,12,227.86
510,13,223.08999999999997
510,14,217.82999999999998
510,15,212.26
510,16,207.22000000000003
510,17,202.72000000000003
510,18,197.89
510,19,193.68
510,20,189.89999999999998
510,21,183.77999999999997
510,22,180.83999999999997
510,23,176.98000000000002
510,24,173.27999999999997
510,25,167.39999999999998
510,26,163.77999999999997
510,27,161.45
510,28,157.05
510,29,153.26999999999998
510,30,147.83999999999997
510,31,144.83
510,32,141.95
510,33,138.63
510,34,133.21
510,35,132.52
510,36,127.5
510,37,126.97
510,38,122.09
510,39,118.15
510,40,117.31
510,41,112.9
510,42,110.69999999999999
510,43,109.4
510,44,106.1
510,45,102.44
510,46,101.08000000000001
510,47,99
510,48,95.08000000000001
510,49,93.72
510,50,92.38999999999999
510,51,91.12
510,52,87.75
510,53,85.96000000000001
510,54,83.65
510,55,83.63999999999999
510,56,81.5
510,57,80.47
510,58,79.25999999999999
510,59,78.36000000000001
510,60,74.82
510,61,74.58000000000001
510,62,75.38999999999999
510,63,76.31
510,64,75.43
510,65,75.03999999999999
510,66,75.36000000000001
510,67,75.63
510,68,76.22999999999999
510,69,76.00999999999999
510,70,77.62
510,71,76.44999999999999
510,72,76.97
510,73,78.27000000000001
510,74,77.12
510,75,78.69999999999999
510,76,79.52000000000001
510,77,80.82
510,78,79.84
510,79,81.63999999999999
510,80,81.00999999999999
510,81,82.27000000000001
510,82,83.99000000000001
510,83,82.35
510,84,83.63999999999999
510,85,83.81
510,86,87.00999999999999
510,87,87.09
510,88,87.82
510,89,86.1
510,90,86.53
510,91,88.5
510,92,89.18
510,93,89.1
510,94,87.97
510,95,90.1
510,96,89.75999999999999
510,97,89.28999999999999
510,98,88.74000000000001
510,99,92.78
510,100,91.34
510,101,92.21000000000001
510,102,91.38999999999999
510,103,93.83000000000001
510,104,93.49000000000001
510,105,91.69999999999999
510,106,94.49000000000001
510,107,95.11000000000001
510,108,94.91999999999999
510,109,95.11000000000001
510,110,95.75999999999999
510,111,95.5
510,112,95.78999999999999
510,113,96.38999999999999
510,114,96.80000000000001
510,115,96.57
510,116,96.50999999999999
510,117,97.87
510,118,98.32
510,119,97.88
510,120,97.74000000000001
510,121,96.68
510,122,98.9
510,123,99.30000000000001
510,124,97.02000000000001
510,125,101.88999999999999
510,126,101.69999999999999
510,127,100.43
510,128,102.18
510,129,100.6
510,130,101.61000000000001
510,131,100.36000000000001
510,132,102.25
510,133,101.05000000000001
510,134,102.19999999999999
510,135,102.9
510,136,104.78
510,137,105.00999999999999
510,138,104.41
510,139,103.75
510,140,104.65
510,141,103.38
510,142,105.11000000000001
510,143,104.78
510,144,105.05000000000001
510,145,103.46000000000001
510,146,107
510,147,103.88
510,148,107.5
510,149,106.11000000000001
510,150,105.71000000000001
510,151,107.30000000000001
510,152,105.24000000000001
510,153,108.34
510,154,108.47999999999999
510,155,106.47
510,156,107.57
510,157,108.08000000000001
510,158,107.44999999999999
510,159,107.83000000000001
510,160,108.82
510,161,106.68
510,162,109.61000000000001
510,163,109
510,164,110.22999999999999
510,165,108.78
510,166,107.87
510,167,108.46000000000001
510,168,109.37
510,169,108.24000000000001
510,170,110.75
510,171,109.72999999999999
510,172,109.19999999999999
510,173,110.02000000000001
510,174,108.78999999999999
510,175,110.65
510,176,108.93
510,177,110
510,178,109.84
510,179,111.80000000000001
510,180,110.46000000000001
511,1,288.33
511,2,285.19
511,3,282.04
511,4,276.82
511,5,270.96
511,6,263.95
511,7,259.46
511,8,253.51999999999998
511,9,246.92000000000002
511,10,240.95
511,11,237.56
511,12,230.89
511,13,226.74
511,14,221.79000000000002
511,15,216.39
511,16,211.12
511,17,205.33999999999997
511,18,201.38
511,19,197.32999999999998
511,20,191.61
511,21,188.26999999999998
511,22,183.04000000000002
511,23,181.22000000000003
511,24,176.72000000000003
511,25,170.54000000000002
511,26,167.01999999999998
511,27,164.33999999999997
511,28,159.97000000000003
511,29,155.06
511,30,152.68
511,31,148.88
511,32,144.35
511,33,141.46
511,34,139.56
511,35,136.13
511,36,132.76
511,37,127.41999999999999
511,38,125.28
511,39,122.94
511,40,118.4
511,41,117.61000000000001
511,42,114.72999999999999
511,43,112.6
511,44,108.11000000000001
511,45,108.65
511,46,103.85
511,47,100.94
511,48,101.27000000000001
511,49,97.52000000000001
511,50,95.52000000000001
511,51,94.75999999999999
511,52,90.02000000000001
511,53,88.05000000000001
511,54,88.31
511,55,87.99000000000001
511,56,84.99000000000001
511,57,83.09
511,58,83.44
511,59,81.35
511,60,80.55000000000001
511,61,78.46000000000001
511,62,80.81
511,63,80.12
511,64,79.69999999999999
511,65,80.1
511,66,78.94999999999999
511,67,77.08000000000001
511,68,78.96000000000001
511,69,78.57
511,70,81.6
511,71,81.22999999999999
511,72,80.56
511,73,78.96000000000001
511,74,79.50999999999999
511,75,80.50999999999999
511,76,83.24000000000001
511,77,83.25999999999999
511,78,83.11000000000001
511,79,83.53
511,80,85.63
511,81,87.85
511,82,86.88
511,83,82.86000000000001
511,84,85.82
511,85,85.85
511,86,86.66999999999999
511,87,88.53
511,88,88.56
511,89,88.38
511,90,89.77000000000001
511,91,88.96000000000001
511,92,90.88999999999999
511,93,89.88
511,94,92.41999999999999
511,95,92.80000000000001
511,96,92.66
511,97,91.35
511,98,92.87
511,99,91.82
511,100,94.83000000000001
511,101,93.4
511,102,95.61000000000001
511,103,93.80000000000001
511,104,97.69999999999999
511,105,95.84
511,106,94.47999999999999
511,107,94.85
511,108,97.00999999999999
511,109,97.91
511,110,95.22999999999999
511,111,98.87
511,112,97.77000000000001
511,113,96.80000000000001
511,114,99.78999999999999
511,115,96.37
511,116,99.6
511,117,101.08000000000001
511,118,99.94
511,119,99.41999999999999
511,120,99.81
511,121,101.4
511,122,100.82
511,123,100.38
511,124,102.31
511,125,101.96000000000001
511,126,101.56
511,127,102.1
511,128,103.58000000000001
511,129,103.5
511,130,103.84
511,131,102.59
511,132,102.94999999999999
511,133,103.12
511,134,103.46000000000001
511,135,102.88
511,136,103.84
511,137,106.38999999999999
511,138,104.28999999999999
511,139,104.78999999999999
511,140,106.46000000000001
511,141,108.07
511,142,104.71000000000001
511,143,104.44999999999999
511,144,106.62
511,145,106.4
511,146,107.28999999999999
511,147,104.99000000000001
511,148,106.52000000000001
511,149,110.13999999999999
511,150,105.59
511,151,108
511,152,108.34
511,153,107.99000000000001
511,154,107.35
511,155,107.47
511,156,109.53
511,157,108.44999999999999
511,158,110.06
511,159,108.66
511,160,109.66
511,161,110.78999999999999
511,162,108.53999999999999
511,163,111.15
511,164,111.15
511,165,109.91999999999999
511,166,111.09
511,167,110.61000000000001
511,168,109.24000000000001
511,169,111.77000000000001
511,170,110.4
511,171,110.91
511,172,109.6
511,173,110.07
511,174,113.11000000000001
511,175,109.94
511,176,112.08000000000001
511,177,112.75999999999999
511,178,111.07
511,179,111.52000000000001
511,180,112.69999999999999
512,1,291.81
512,2,288.73
512,3,283.41
512,4,278.94
512,5,274.32
512,6,268.13
512,7,263.05
512,8,255.83999999999997
512,9,251.55
512,10,245.86
512,11,239.69
512,12,234.56
512,13,229.8
512,14,223.73000000000002
512,15,219.69
512,16,213.64999999999998
512,17,210.25
512,18,205.33999999999997
512,19,198.87
512,20,196.2
512,21,190.76
512,22,185.72000000000003
512,23,182.97000000000003
512,24,177.74
512,25,173.27999999999997
512,26,169.49
512,27,167
512,28,162.26
512,29,160.38
512,30,156.54000000000002
512,31,151.56
512,32,148.54000000000002
512,33,144.55
512,34,140.63
512,35,137.15
512,36,135.56
512,37,132.79
512,38,128.34
512,39,125.91
512,40,122.37
512,41,119.86000000000001
512,42,118.28
512,43,113.72
512,44,112.11000000000001
512,45,107.74000000000001
512,46,108.30000000000001
512,47,105.19999999999999
512,48,101.35
512,49,100.97
512,50,99.58000000000001
512,51,96.05000000000001
512,52,93.83000000000001
512,53,92.94
512,54,91.35
512,55,87.61000000000001
512,56,87.63
512,57,86.61000000000001
512,58,86.91999999999999
512,59,83.32
512,60,81.52000000000001
512,61,83.36000000000001
512,62,83.69
512,63,81.65
512,64,81.83000000000001
512,65,78.87
512,66,79.99000000000001
512,67,83.28
512,68,80.11000000000001
512,69,82.69
512,70,82.9
512,71,82.22
512,72,83.02000000000001
512,73,85.36000000000001
512,74,84.30000000000001
512,75,83.53999999999999
512,76,84.35
512,77,84.68
512,78,84.78999999999999
512,79,88.58000000000001
512,80,86.97
512,81,88.72
512,82,86.56
512,83,87.97999999999999
512,84,89.49000000000001
512,85,89.52000000000001
512,86,90.53
512,87,89.59
512,88,90.59
512,89,91.81
512,90,89.97
512,91,91.44
512,92,91.71000000000001
512,93,92.58000000000001
512,94,94.55000000000001
512,95,94.84
512,96,93.68
512,97,93.9
512,98,95.53
512,99,94.36000000000001
512,100,96.83000000000001
512,101,95.02000000000001
512,102,96.57
512,103,94.44999999999999
512,104,97.4
512,105,97.33000000000001
512,106,99.16999999999999
512,107,98.34
512,108,97.75
512,109,98.55000000000001
512,110,97.81
512,111,100.36000000000001
512,112,100.47999999999999
512,113,100.96000000000001
512,114,101.74000000000001
512,115,99.15
512,116,99.09
512,117,100.86000000000001
512,118,100.36000000000001
512,119,101.37
512,120,100.31
512,121,101.35
512,122,100.49000000000001
512,123,104.88
512,124,102.44999999999999
512,125,103.66999999999999
512,126,104.08000000000001
512,127,102.65
512,128,103.6
512,129,103.75
512,130,103.88
512,131,101.27000000000001
512,132,102.71000000000001
512,133,105.88999999999999
512,134,105.27000000000001
512,135,107.36000000000001
512,136,105.65
512,137,106.13999999999999
512,138,107.74000000000001
512,139,108.65
512,140,107.00999999999999
512,141,107.49000000000001
512,142,109.58000000000001
512,143,106.13999999999999
512,144,110.81
512,145,109.80000000000001
512,146,108.41
512,147,108.27000000000001
512,148,107.47999999999999
512,149,108.78
512,150,109.6
512,151,107.78999999999999
512,152,108.6
512,153,109.19
512,154,109.22
512,155,111.53999999999999
512,156,110.47
512,157,109.84
512,158,110.88
512,159,111.21000000000001
512,160,112.22999999999999
512,161,113.83000000000001
512,162,108.93
512,163,110.97
512,164,112.9
512,165,111.50999999999999
512,166,111.46000000000001
512,167,111.47999999999999
512,168,113.00999999999999
512,169,112.84
512,170,113.81
512,171,111.74000000000001
512,172,114.03999999999999
512,173,112.19999999999999
512,174,111.19999999999999
512,175,110.22999999999999
512,176,113.00999999999999
512,177,110.30000000000001
512,178,112.86000000000001
512,179,114.44
512,180,111.13999999999999
513,1,295.58
513,2,291.42
513,3,286.59
513,4,280.76
513,5,277.42
513,6,271.1
513,7,263.74
513,8,258.72
513,9,254.44
513,10,248.32999999999998
513,11,242.97000000000003
513,12,237.57999999999998
513,13,232.22000000000003
513,14,226.81
513,15,222.36
513,16,216.52999999999997
513,17,212.95999999999998
513,18,207.61
513,19,203.68
513,20,199.26
513,21,194.10000000000002
513,22,190.74
513,23,186.37
513,24,181.2
513,25,177.70999999999998
513,26,174.58999999999997
513,27,169.91000000000003
513,28,166.51999999999998
513,29,160.82999999999998
513,30,157.45999999999998
513,31,155.51
513,32,150.16000000000003
513,33,146.94
513,34,145.35
513,35,140.59
513,36,137.37
513,37,134.62
513,38,131.47
513,39,126.9
513,40,126.34
513,41,122.72999999999999
513,42,121.37
513,43,118.11000000000001
513,44,115.57
513,45,114.68
513,46,109.52000000000001
513,47,105.6
513,48,105.66999999999999
513,49,104.50999999999999
513,50,99.69
513,51,98.5
513,52,97.12
513,53,95.11000000000001
513,54,91.72
513,55,93.25
513,56,88.97
513,57,90.53999999999999
513,58,88.72999999999999
513,59,87.97999999999999
513,60,87.25
513,61,85.37
513,62,86.22
513,63,84.52000000000001
513,64,83.82
513,65,83.87
513,66,86.5
513,67,83.47
513,68,85.11000000000001
513,69,84.91
513,70,85.33000000000001
513,71,84.78
513,72,86.49000000000001
513,73,85.41999999999999
513,74,87.36000000000001
513,75,87.93
513,76,90.53999999999999
513,77,86.87
513,78,89.38999999999999
513,79,89.83000000000001
513,80,89.16999999999999
513,81,91.4
513,82,91.27000000000001
513,83,91.65
513,84,91.32
513,85,91.96000000000001
513,86,91.74000000000001
513,87,90.59
513,88,94
513,89,93.35
513,90,93.03
513,91,94.43
513,92,92.71000000000001
513,93,95.30000000000001
513,94,97.75999999999999
513,95,96.44999999999999
513,96,94.5
513,97,97.53999999999999
513,98,98.13999999999999
513,99,97.34
513,100,96.57
513,101,97.81
513,102,100.94999999999999
513,103,99.47
513,104,98.35
513,105,99.65
513,106,100.49000000000001
513,107,98.75
513,108,100.63
513,109,99.91
513,110,101.18
513,111,100.31
513,112,102.19
513,113,102.37
513,114,101.47
513,115,102.03
513,116,103.13999999999999
513,117,103.09
513,118,104.97
513,119,102.63999999999999
513,120,103.74000000000001
513,121,101.38
513,122,103.5
513,123,103.80000000000001
513,124,104.86000000000001
513,125,106.86000000000001
513,126,105.1
513,127,106.19999999999999
513,128,107.09
513,129,105.96000000000001
513,130,105.55000000000001
513,131,108.02000000000001
513,132,106.28999999999999
513,133,106.94
513,134,107.1
513,135,107.19
513,136,107.72999999999999
513,137,105.55000000000001
513,138,107.63
513,139,109.22
513,140,108.19
513,141,107.25999999999999
513,142,110.31
513,143,108.85
513,144,108.16
513,145,109.19999999999999
513,146,109.59
513,147,108.6
513,148,110.16
513,149,109.68
513,150,109.86000000000001
513,151,109.30000000000001
513,152,110.62
513,153,109.94999999999999
513,154,111.56
513,155,108.74000000000001
513,156,110.72
513,157,112.52000000000001
513,158,112.38
513,159,110.4
513,160,111.16999999999999
513,161,111.28999999999999
513,162,111.36000000000001
513,163,112.66999999999999
513,164,112.78999999999999
513,165,112.94999999999999
513,166,112.30000000000001
513,167,113.47
513,168,113.71000000000001
513,169,113.19999999999999
513,170,112.03
513,171,116.58000000000001
513,172,115.28999999999999
513,173,114.53999999999999
513,174,115.66999999999999
513,175,115.28999999999999
513,176,115.02000000000001
513,177,113.82
513,178,114.05000000000001
513,179,116.5
513,180,114.81
514,1,301.42
514,2,297.03
514,3,291.08
514,4,285.68
514,5,280.13
514,6,274.64
514,7,268.19
514,8,263.26
514,9,256.28
514,10,251.55
514,11,245.45999999999998
514,12,240.27999999999997
514,13,234.62
514,14,230.47000000000003
514,15,224.37
514,16,221.16000000000003
514,17,214.66000000000003
514,18,211.29000000000002
514,19,205.54000000000002
514,20,203.33999999999997
514,21,196.89
514,22,193.51
514,23,189.57
514,24,185.69
514,25,180.31
514,26,177.32
514,27,172.97000000000003
514,28,168.57
514,29,166.13
514,30,161.93
514,31,157.83999999999997
514,32,155.13
514,33,151.08999999999997
514,34,147.13
514,35,143.38
514,36,138.08
514,37,138.85
514,38,135.77
514,39,132.59
514,40,129.04
514,41,126.41
514,42,123.46000000000001
514,43,120.55000000000001
514,44,119.71000000000001
514,45,114.74000000000001
514,46,112.88999999999999
514,47,110.6
514,48,108.74000000000001
514,49,107.72999999999999
514,50,103.86000000000001
514,51,101.99000000000001
514,52,98.96000000000001
514,53,98.32
514,54,97.34
514,55,96.02000000000001
514,56,95.05000000000001
514,57,93.06
514,58,92.50999999999999
514,59,92.63999999999999
514,60,91.32
514,61,87.61000000000001
514,62,87.05000000000001
514,63,86.75
514,64,89.1
514,65,88.61000000000001
514,66,86.75
514,67,85.97
514,68,87.87
514,69,86.49000000000001
514,70,88.55000000000001
514,71,89.09
514,72,90.50999999999999
514,73,89.59
514,74,89.71000000000001
514,75,89.74000000000001
514,76,90.34
514,77,90.33000000000001
514,78,90.53
514,79,90.94
514,80,92.02000000000001
514,81,92.71000000000001
514,82,90.37
514,83,93.19999999999999
514,84,95.1
514,85,92.49000000000001
514,86,95.24000000000001
514,87,94.96000000000001
514,88,94.63999999999999
514,89,94.03999999999999
514,90,98.30000000000001
514,91,95.53
514,92,96.80000000000001
514,93,97.11000000000001
514,94,95.91
514,95,96.69999999999999
514,96,99.33000000000001
514,97,95.75
514,98,99.03999999999999
514,99,96.37
514,100,100.53999999999999
514,101,99.32
514,102,99.59
514,103,99.53
514,104,100.9
514,105,99.6
514,106,100.15
514,107,100.50999999999999
514,108,102.32
514,109,103.6
514,110,103.97
514,111,104.16
514,112,104.07
514,113,104.96000000000001
514,114,104.75999999999999
514,115,103.50999999999999
514,116,105.65
514,117,105.61000000000001
514,118,105.28
514,119,103.77000000000001
514,120,104.57
514,121,103.35
514,122,106.16
514,123,104.37
514,124,106.41999999999999
514,125,108.09
514,126,108.28
514,127,107.74000000000001
514,128,107.00999999999999
514,129,107.4
514,130,106
514,131,106.74000000000001
514,132,109.93
514,133,109.28999999999999
514,134,108.38999999999999
514,135,109.74000000000001
514,136,107.66999999999999
514,137,109.93
514,138,107.52000000000001
514,139,108.49000000000001
514,140,110.38999999999999
514,141,111.02000000000001
514,142,111.09
514,143,110.36000000000001
514,144,109.55000000000001
514,145,110.31
514,146,109.36000000000001
514,147,111.22
514,148,112.49000000000001
514,149,110.97999999999999
514,150,111.08000000000001
514,151,113.28999999999999
514,152,112.69999999999999
514,153,110.71000000000001
514,154,111.6
514,155,110.69999999999999
514,156,112.52000000000001
514,157,112.62
514,158,113.41999999999999
514,159,112.41
514,160,113.49000000000001
514,161,114.38999999999999
514,162,111.65
514,163,113.56
514,164,114.19999999999999
514,165,114.53999999999999
514,166,113.11000000000001
514,167,113.38999999999999
514,168,112.1
514,169,116.09
514,170,114.22
514,171,114.75999999999999
514,172,114.32
514,173,116.71000000000001
514,174,114.03
514,175,115.52000000000001
514,176,114.66999999999999
514,177,114.5
514,178,114.6
514,179,115.68
514,180,115
515,1,303.48
515,2,299.35
515,3,293.07
515,4,286.5
515,5,282.88
515,6,276.54
515,7,271.44
515,8,265.12
515,9,259.66
515,10,254.91000000000003
515,11,249.16000000000003
515,12,243.19
515,13,238.12
515,14,232.45999999999998
515,15,229.37
515,16,223.35000000000002
515,17,218.82999999999998
515,18,214.41000000000003
515,19,209.3
515,20,204.82
515,21,201.77999999999997
515,22,197.99
515,23,191.57999999999998
515,24,189.25
515,25,183.37
515,26,179.52999999999997
515,27,175.94
515,28,172.35000000000002
515,29,168.41000000000003
515,30,164.98000000000002
515,31,160.79000000000002
515,32,157.51
515,33,154.49
515,34,150.57999999999998
515,35,147.26
515,36,145.85
515,37,141.65
515,38,135.5
515,39,134.96
515,40,132.73
515,41,127.91999999999999
515,42,128.12
515,43,123.13999999999999
515,44,120.71000000000001
515,45,119.55000000000001
515,46,116.99000000000001
515,47,112.96000000000001
515,48,112.22
515,49,108.65
515,50,108.06
515,51,105.75999999999999
515,52,103.11000000000001
515,53,101.66
515,54,99.61000000000001
515,55,97.43
515,56,98.5
515,57,96.62
515,58,94.15
515,59,94.1
515,60,92.69999999999999
515,61,93.08000000000001
515,62,92.19
515,63,91.22999999999999
515,64,92.53999999999999
515,65,90.13999999999999
515,66,89.16999999999999
515,67,89.88999999999999
515,68,89.69999999999999
515,69,91.9
515,70,89.97999999999999
515,71,91.66999999999999
515,72,91.80000000000001
515,73,90.22999999999999
515,74,91.68
515,75,91.21000000000001
515,76,92.49000000000001
515,77,92.78
515,78,91.81
515,79,91.66
515,80,95.47999999999999
515,81,94.50999999999999
515,82,95.05000000000001
515,83,94.19999999999999
515,84,94.53
515,85,95.55000000000001
515,86,95.53
515,87,95.56
515,88,97.87
515,89,97.12
515,90,98.68
515,91,98.97999999999999
515,92,99.08000000000001
515,93,97.43
515,94,98.80000000000001
515,95,99.61000000000001
515,96,99.82
515,97,100.13999999999999
515,98,101.08000000000001
515,99,100.16999999999999
515,100,100.25
515,101,101.96000000000001
515,102,103.6
515,103,102.74000000000001
515,104,102.80000000000001
515,105,103.03999999999999
515,106,102.36000000000001
515,107,101.71000000000001
515,108,105.72
515,109,104.38999999999999
515,110,104.13
515,111,103.66999999999999
515,112,104.96000000000001
515,113,104.19999999999999
515,114,105.02000000000001
515,115,105.81
515,116,105.93
515,117,104.83000000000001
515,118,107.11000000000001
515,119,106.1
515,120,107.52000000000001
515,121,106.03999999999999
515,122,106.94999999999999
515,123,105.91
515,124,109.09
515,125,107.69999999999999
515,126,110.33000000000001
515,127,109.33000000000001
515,128,109.06
515,129,107.09
515,130,111.72999999999999
515,131,111.07
515,132,109.6
515,133,110.19999999999999
515,134,110.24000000000001
515,135,109.87
515,136,108.25999999999999
515,137,110.50999999999999
515,138,110.6
515,139,110.38
515,140,110.94
515,141,111.16
515,142,112.63999999999999
515,143,113.85
515,144,111.43
515,145,110.34
515,146,111.31
515,147,112.02000000000001
515,148,111.33000000000001
515,149,111.66
515,150,111.84
515,151,113.85
515,152,113.80000000000001
515,153,115.1
515,154,113.91999999999999
515,155,114.78999999999999
515,156,112.62
515,157,116.03999999999999
515,158,114.65
515,159,115.13
515,160,114.85
515,161,115.12
515,162,113.49000000000001
515,163,113.74000000000001
515,164,116.13
515,165,116.38
515,166,116.1
515,167,116.00999999999999
515,168,113.31
515,169,113.31
515,170,116.63
515,171,118.63
515,172,115.49000000000001
515,173,114.36000000000001
515,174,116.96000000000001
515,175,115.88
515,176,115.87
515,177,116.46000000000001
515,178,116.65
515,179,116.27000000000001
515,180,117.46000000000001
516,1,307.49
516,2,302.98
516,3,297.73
516,4,291.83
516,5,285.78
516,6,279.93
516,7,275.58
516,8,268.6
516,9,263.37
516,10,257.71
516,11,251.22000000000003
516,12,246.36
516,13,242.89999999999998
516,14,236.94
516,15,231.74
516,16,226.06
516,17,221.97000000000003
516,18,218.26
516,19,214
516,20,209.14999999999998
516,21,203.85000000000002
516,22,198.25
516,23,195.75
516,24,190.62
516,25,187.14999999999998
516,26,183.72000000000003
516,27,179.92000000000002
516,28,175.42000000000002
516,29,172.64999999999998
516,30,167.51999999999998
516,31,164.27999999999997
516,32,161.72000000000003
516,33,156.64999999999998
516,34,153.89
516,35,151.41000000000003
516,36,147.39
516,37,143.31
516,38,139.29
516,39,137.49
516,40,136.05
516,41,133.08
516,42,130.17
516,43,128.14
516,44,124.99000000000001
516,45,122.25
516,46,119.47999999999999
516,47,117.16
516,48,114.41
516,49,112.07
516,50,108.94
516,51,111.19999999999999
516,52,107.65
516,53,105.44999999999999
516,54,104.88999999999999
516,55,101.97999999999999
516,56,98.78999999999999
516,57,97.59
516,58,97.75
516,59,97.50999999999999
516,60,95.16999999999999
516,61,94.32
516,62,95.35
516,63,94.80000000000001
516,64,92.07
516,65,92.5
516,66,94.28
516,67,92.55000000000001
516,68,95.75
516,69,93.22
516,70,93.78
516,71,94.25
516,72,92.62
516,73,94.78
516,74,95.57
516,75,94.00999999999999
516,76,95.47999999999999
516,77,93.77000000000001
516,78,96.1
516,79,96.13
516,80,96.62
516,81,97.36000000000001
516,82,97.25
516,83,97.36000000000001
516,84,98.15
516,85,97.07
516,86,99.19
516,87,99.47999999999999
516,88,98.88
516,89,98.87
516,90,98.30000000000001
516,91,101.78999999999999
516,92,98.56
516,93,102.35
516,94,101.94
516,95,101.69999999999999
516,96,101.85
516,97,100.66
516,98,101.85
516,99,102.56
516,100,103.87
516,101,105.21000000000001
516,102,105.12
516,103,105.28999999999999
516,104,103.46000000000001
516,105,106.43
516,106,103.22999999999999
516,107,105.87
516,108,106.41999999999999
516,109,106.25
516,110,105.56
516,111,105.75
516,112,107.11000000000001
516,113,106.86000000000001
516,114,106.08000000000001
516,115,106.78999999999999
516,116,107.53
516,117,109.38
516,118,107.25999999999999
516,119,108.72
516,120,107.44
516,121,109.65
516,122,109.22
516,123,109.57
516,124,107.68
516,125,111.07
516,126,109.77000000000001
516,127,109.78999999999999
516,128,109.91999999999999
516,129,109.44
516,130,111.66
516,131,109.18
516,132,111.57
516,133,113.74000000000001
516,134,112.5
516,135,112.50999999999999
516,136,113.81
516,137,112.22
516,138,109.83000000000001
516,139,113.03
516,140,111.06
516,141,111.88
516,142,111.88
516,143,111.00999999999999
516,144,113.94
516,145,112.31
516,146,114.91999999999999
516,147,114.69999999999999
516,148,114.31
516,149,114.78999999999999
516,150,111.38999999999999
516,151,113.78
516,152,113.34
516,153,115.21000000000001
516,154,114.25999999999999
516,155,115.41999999999999
516,156,113.50999999999999
516,157,114.36000000000001
516,158,116.57
516,159,115.75999999999999
516,160,115.15
516,161,115.25
516,162,115.68
516,163,115.83000000000001
516,164,116.05000000000001
516,165,117.86000000000001
516,166,116.72
516,167,115.93
516,168,116.99000000000001
516,169,116.02000000000001
516,170,118.86000000000001
516,171,116.94
516,172,116.87
516,173,119.05000000000001
516,174,116.36000000000001
516,175,117.31
516,176,118.97
516,177,116.31
516,178,117.85
516,179,117.69999999999999
516,180,116.93
517,1,310.13
517,2,307.1
517,3,300.9
517,4,294.78
517,5,288.39
517,6,283.11
517,7,277.54
517,8,271.63
517,9,265.46
517,10,259.9
517,11,255.93
517,12,249.02999999999997
517,13,244.89
517,14,240.07999999999998
517,15,235.38
517,16,229.47000000000003
517,17,225.49
517,18,220.55
517,19,214.3
517,20,211.05
517,21,207.14
517,22,202.32
517,23,198.51999999999998
517,24,193.49
517,25,189.60000000000002
517,26,186.82
517,27,183.66000000000003
517,28,178.51999999999998
517,29,174.54000000000002
517,30,170.11
517,31,166.60000000000002
517,32,164.64999999999998
517,33,161.74
517,34,155.20999999999998
517,35,152.91000000000003
517,36,150.58999999999997
517,37,148.04000000000002
517,38,143.48
517,39,141.86
517,40,137.93
517,41,135.57
517,42,131.49
517,43,130
517,44,128.5
517,45,125.25999999999999
517,46,123.34
517,47,121.09
517,48,118.03
517,49,116.38999999999999
517,50,111.22999999999999
517,51,110.85
517,52,110.75
517,53,108.08000000000001
517,54,106.32
517,55,104.97999999999999
517,56,103.32
517,57,103.09
517,58,102.43
517,59,97.84
517,60,99.16999999999999
517,61,100
517,62,96.47999999999999
517,63,97.53
517,64,97.53999999999999
517,65,97.72
517,66,95.05000000000001
517,67,95.91
517,68,96.25999999999999
517,69,95.97999999999999
517,70,96.96000000000001
517,71,96.72
517,72,95.69
517,73,97.84
517,74,96.62
517,75,99.03999999999999
517,76,98.41
517,77,97.47
517,78,97.50999999999999
517,79,99.97
517,80,101.13999999999999
517,81,101.58000000000001
517,82,99.1
517,83,100.75999999999999
517,84,100.97
517,85,101.05000000000001
517,86,102.41
517,87,102.49000000000001
517,88,99.41999999999999
517,89,102.11000000000001
517,90,102.03
517,91,104.03999999999999
517,92,102.94
517,93,103.56
517,94,102.30000000000001
517,95,103.37
517,96,102.88
517,97,105.16999999999999
517,98,105.36000000000001
517,99,103.47
517,100,105.22999999999999
517,101,104.36000000000001
517,102,104.50999999999999
517,103,107.99000000000001
517,104,106.41999999999999
517,105,106.94
517,106,107.32
517,107,107.38999999999999
517,108,106.38999999999999
517,109,106.91999999999999
517,110,106.94999999999999
517,111,108.75999999999999
517,112,107.63
517,113,107.25
517,114,108.88
517,115,108.25
517,116,110.41
517,117,109.81
517,118,110.99000000000001
517,119,111.38999999999999
517,120,108.83000000000001
517,121,110.93
517,122,110.22999999999999
517,123,111.69999999999999
517,124,112.09
517,125,111.78999999999999
517,126,109.56
517,127,111.77000000000001
517,128,113.87
517,129,110.05000000000001
517,130,110.66999999999999
517,131,112.59
517,132,111.36000000000001
517,133,113.19
517,134,113.52000000000001
517,135,111.97
517,136,113.37
517,137,114.05000000000001
517,138,112.31
517,139,113.81
517,140,115.82
517,141,112.68
517,142,112.43
517,143,113.21000000000001
517,144,114.27000000000001
517,145,115.85
517,146,115.52000000000001
517,147,112.88
517,148,115.63999999999999
517,149,115.66
517,150,115.94
517,151,117.72999999999999
517,152,116.44999999999999
517,153,116.83000000000001
517,154,115.5
517,155,116.36000000000001
517,156,116.68
517,157,116.91
517,158,115.4
517,159,117.99000000000001
517,160,116.63999999999999
517,161,117.30000000000001
517,162,118.78
517,163,117.97
517,164,116.44999999999999
517,165,118.87
517,166,116.44999999999999
517,167,118.66999999999999
517,168,118.21000000000001
517,169,118.6
517,170,116.22
517,171,118.02000000000001
517,172,119.09
517,173,118.94999999999999
517,174,118.05000000000001
517,175,119.97999999999999
517,176,117.5
517,177,119.63999999999999
517,178,118.22
517,179,120.13999999999999
517,180,118.81
518,1,310.58
518,2,308.77
518,3,303.44
518,4,299.48
518,5,292.18
518,6,286.83
518,7,281.29
518,8,274.05
518,9,268.41
518,10,264.09
518,11,257.57
518,12,253.32
518,13,247.87
518,14,243.20999999999998
518,15,237.26
518,16,232.39
518,17,227.57999999999998
518,18,223.11
518,19,219.98000000000002
518,20,214.61
518,21,209.24
518,22,205.29000000000002
518,23,201.48000000000002
518,24,195.97000000000003
518,25,192.36
518,26,189.61
518,27,183.64999999999998
518,28,180.52999999999997
518,29,176.85000000000002
518,30,174.18
518,31,171.07999999999998
518,32,165.64
518,33,163.32
518,34,160.05
518,35,156.05
518,36,154.32
518,37,151.44
518,38,146.62
518,39,144.47
518,40,142.01
518,41,138.62
518,42,136.08
518,43,133.41
518,44,129.62
518,45,127.96000000000001
518,46,125.63
518,47,122.65
518,48,121.62
518,49,118.83000000000001
518,50,117.13999999999999
518,51,112.75
518,52,111.94999999999999
518,53,111.69
518,54,110.91
518,55,106.87
518,56,106.31
518,57,105.78999999999999
518,58,102.58000000000001
518,59,103.85
518,60,102.32
518,61,100.34
518,62,100.12
518,63,100.00999999999999
518,64,98.96000000000001
518,65,100.18
518,66,98.91
518,67,99.71000000000001
518,68,98.94
518,69,100.38
518,70,100.28
518,71,98.22999999999999
518,72,99.55000000000001
518,73,100.25
518,74,100.43
518,75,101.13999999999999
518,76,99.72
518,77,100.25
518,78,102.03
518,79,100.09
518,80,100.22
518,81,102.28
518,82,100.99000000000001
518,83,102.13
518,84,104.84
518,85,104.80000000000001
518,86,103
518,87,104.91999999999999
518,88,104.74000000000001
518,89,104.63999999999999
518,90,104.82
518,91,103.69999999999999
518,92,104.28
518,93,104.69
518,94,103.41
518,95,106.78999999999999
518,96,105.81
518,97,106.49000000000001
518,98,108.56
518,99,106.33000000000001
518,100,107.36000000000001
518,101,106.50999999999999
518,102,108.88
518,103,109.03
518,104,108.94
518,105,109.96000000000001
518,106,109.71000000000001
518,107,108.91999999999999
518,108,110.74000000000001
518,109,109.00999999999999
518,110,109.78999999999999
518,111,110.18
518,112,109.91
518,113,109.69999999999999
518,114,111.19999999999999
518,115,110.59
518,116,111.88999999999999
518,117,112.41
518,118,111.44
518,119,113.19
518,120,111.02000000000001
518,121,113.46000000000001
518,122,113.30000000000001
518,123,112.15
518,124,114.12
518,125,111.84
518,126,113.16
518,127,115.58000000000001
518,128,113.63999999999999
518,129,114.22999999999999
518,130,114.11000000000001
518,131,112.46000000000001
518,132,113.32
518,133,116.69999999999999
518,134,115.07
518,135,115.66
518,136,115.36000000000001
518,137,114.58000000000001
518,138,115.25
518,139,116.27000000000001
518,140,115.4
518,141,115.85
518,142,114.62
518,143,115.59
518,144,116.19
518,145,115.38999999999999
518,146,116.30000000000001
518,147,116.91999999999999
518,148,116.62
518,149,115.37
518,150,114.4
518,151,115.63999999999999
518,152,114.83000000000001
518,153,116.19
518,154,116.28
518,155,117.72
518,156,118.06
518,157,119.71000000000001
518,158,117.97
518,159,119.08000000000001
518,160,118.43
518,161,119.30000000000001
518,162,117.44
518,163,117.77000000000001
518,164,118.74000000000001
518,165,119.19999999999999
518,166,119.55000000000001
518,167,118.97999999999999
518,168,118.81
518,169,118.77000000000001
518,170,119.6
518,171,119.36000000000001
518,172,120.66999999999999
518,173,119.43
518,174,119.83000000000001
518,175,116.16999999999999
518,176,120.15
518,177,120.19999999999999
518,178,119.85
518,179,120.75
518,180,120.15
519,1,314.39
519,2,312.41
519,3,307.47
519,4,302.19
519,5,295.72
519,6,289.98
519,7,283.8
519,8,278.04
519,9,271.69
519,10,265.7
519,11,261.23
519,12,255.48000000000002
519,13,250.76999999999998
519,14,245.83999999999997
519,15,239.69
519,16,236.24
519,17,230.83999999999997
519,18,226.23000000000002
519,19,222.52999999999997
519,20,217.17000000000002
519,21,212.81
519,22,209.20999999999998
519,23,204.01999999999998
519,24,200.43
519,25,195.89999999999998
519,26,192.83999999999997
519,27,187.82999999999998
519,28,183.83999999999997
519,29,180.38
519,30,175.89
519,31,173.33999999999997
519,32,169.14
519,33,165.85000000000002
519,34,161.93
519,35,158.86
519,36,156.70999999999998
519,37,153.42000000000002
519,38,150.66000000000003
519,39,147.77999999999997
519,40,144.47
519,41,142.49
519,42,139.66
519,43,136.54
519,44,133.59
519,45,130.73
519,46,128.16
519,47,125.16999999999999
519,48,125.41999999999999
519,49,121.82
519,50,118.53
519,51,117.80000000000001
519,52,115.74000000000001
519,53,114.88
519,54,111.91
519,55,109.19999999999999
519,56,111.37
519,57,108.41999999999999
519,58,106.75999999999999
519,59,106.31
519,60,105.94999999999999
519,61,103.02000000000001
519,62,102.36000000000001
519,63,102.71000000000001
519,64,102.00999999999999
519,65,101.6
519,66,101.41999999999999
519,67,103.93
519,68,102.99000000000001
519,69,100.86000000000001
519,70,101.03
519,71,102.50999999999999
519,72,101.31
519,73,101.97
519,74,100.66999999999999
519,75,105.50999999999999
519,76,102.22999999999999
519,77,102.80000000000001
519,78,103.15
519,79,102.18
519,80,103.28
519,81,104.50999999999999
519,82,103.93
519,83,104.05000000000001
519,84,103.86000000000001
519,85,104.96000000000001
519,86,105.05000000000001
519,87,104.97999999999999
519,88,105.56
519,89,106.13999999999999
519,90,108.27000000000001
519,91,107.37
519,92,106.9
519,93,106.1
519,94,106.43
519,95,110.69999999999999
519,96,108.72
519,97,110.19999999999999
519,98,109.11000000000001
519,99,108.80000000000001
519,100,109.44999999999999
519,101,110.59
519,102,108.16
519,103,108.78999999999999
519,104,108.97999999999999
519,105,110.27000000000001
519,106,109.83000000000001
519,107,111.38
519,108,112.75999999999999
519,109,110
519,110,110.25999999999999
519,111,111.63
519,112,111.21000000000001
519,113,112.69999999999999
519,114,112.75
519,115,112.69999999999999
519,116,112.57
519,117,113.38
519,118,113.43
519,119,110.99000000000001
519,120,113.74000000000001
519,121,113.22
519,122,113.19999999999999
519,123,115.03
519,124,113.5
519,125,114.11000000000001
519,126,114.75
519,127,116.58000000000001
519,128,114.99000000000001
519,129,116.33000000000001
519,130,115.94
519,131,116.13
519,132,116.16999999999999
519,133,116.28999999999999
519,134,114.33000000000001
519,135,116.97999999999999
519,136,117.52000000000001
519,137,115.47
519,138,118.27000000000001
519,139,116.38999999999999
519,140,116.53
519,141,117.41
519,142,116.53999999999999
519,143,117.46000000000001
519,144,115.66
519,145,115.69
519,146,117.32
519,147,115.53999999999999
519,148,116.81
519,149,117.53
519,150,119.46000000000001
519,151,120.1
519,152,116.50999999999999
519,153,119.68
519,154,116.50999999999999
519,155,119.91999999999999
519,156,120.19
519,157,118.22999999999999
519,158,120.71000000000001
519,159,117.11000000000001
519,160,119.06
519,161,118.18
519,162,121.03999999999999
519,163,117.85
519,164,120.13999999999999
519,165,121.96000000000001
519,166,121.03999999999999
519,167,119.78
519,168,118.27000000000001
519,169,120.52000000000001
519,170,119.31
519,171,119.87
519,172,120.38999999999999
519,173,121.03999999999999
519,174,120.19
519,175,121.31
519,176,119.4
519,177,120.81
519,178,121.88999999999999
519,179,120.46000000000001
519,180,122.68
520,1,315.77
520,2,315.56
520,3,310.44
520,4,304.74
520,5,298.25
520,6,292.44
520,7,286.79
520,8,281.23
520,9,275.54
520,10,269.91
520,11,264.4
520,12,259.78
520,13,254.29000000000002
520,14,247.79000000000002
520,15,244.38
520,16,238.44
520,17,234.14
520,18,230.56
520,19,225.88
520,20,220.17000000000002
520,21,214.54000000000002
520,22,210.75
520,23,207.39
520,24,203.97000000000003
520,25,197.95999999999998
520,26,194.87
520,27,190.76
520,28,186.82999999999998
520,29,184.29000000000002
520,30,177.73000000000002
520,31,176.63
520,32,173.42000000000002
520,33,169.81
520,34,166.01
520,35,162.87
520,36,160.22000000000003
520,37,157.49
520,38,154.19
520,39,151.07999999999998
520,40,147.73000000000002
520,41,144.49
520,42,140.45
520,43,139.75
520,44,136.32
520,45,133.38
520,46,131.43
520,47,129.94
520,48,126.88
520,49,124.53
520,50,121.9
520,51,120.07
520,52,119.38
520,53,118.88999999999999
520,54,117.96000000000001
520,55,115.63
520,56,111.78999999999999
520,57,113.32
520,58,110.83000000000001
520,59,108.50999999999999
520,60,106.49000000000001
520,61,106.18
520,62,108.88999999999999
520,63,104.30000000000001
520,64,105.18
520,65,105.03
520,66,106.12
520,67,104.53999999999999
520,68,104.56
520,69,104.58000000000001
520,70,103.44999999999999
520,71,102.80000000000001
520,72,105.25999999999999
520,73,104.53999999999999
520,74,106.61000000000001
520,75,103.53999999999999
520,76,105.27000000000001
520,77,105.69
520,78,105.61000000000001
520,79,105.36000000000001
520,80,106.49000000000001
520,81,108.59
520,82,109.82
520,83,109.06
520,84,109.37
520,85,107.97999999999999
520,86,108.47999999999999
520,87,107.50999999999999
520,88,108.43
520,89,109.86000000000001
520,90,110.77000000000001
520,91,108.75
520,92,110.34
520,93,110.78
520,94,111.22999999999999
520,95,112.93
520,96,111.69
520,97,107.84
520,98,110.96000000000001
520,99,112.03
520,100,110.78
520,101,111.03999999999999
520,102,112.72
520,103,111.13999999999999
520,104,110.43
520,105,114.33000000000001
520,106,112.68
520,107,112.35
520,108,112.53
520,109,115.09
520,110,113.82
520,111,113.69999999999999
520,112,113.91
520,113,114.25999999999999
520,114,113.11000000000001
520,115,113.71000000000001
520,116,115.07
520,117,113.53
520,118,113.38
520,119,113.5
520,120,114.74000000000001
520,121,116.53999999999999
520,122,115.33000000000001
520,123,112.69
520,124,113.4
520,125,115.69999999999999
520,126,116.24000000000001
520,127,115.65
520,128,114.63
520,129,117.08000000000001
520,130,119.27000000000001
520,131,117.18
520,132,118.65
520,133,116.34
520,134,118.15
520,135,116.4
520,136,118
520,137,115.72999999999999
520,138,117.07
520,139,117.15
520,140,119.30000000000001
520,141,120.44
520,142,118.21000000000001
520,143,117.69999999999999
520,144,119.19
520,145,119.75
520,146,120.38
520,147,117.99000000000001
520,148,119.22999999999999
520,149,119.72
520,150,117.97
520,151,120.43
520,152,121.65
520,153,117.41999999999999
520,154,120.28
520,155,120.02000000000001
520,156,120.85
520,157,119.74000000000001
520,158,119.59
520,159,119.27000000000001
520,160,121.22
520,161,122.07
520,162,119.57
520,163,120.58000000000001
520,164,118.1
520,165,120.6
520,166,123.1
520,167,122.77000000000001
520,168,121.86000000000001
520,169,122.21000000000001
520,170,122.78999999999999
520,171,121.12
520,172,122.88
520,173,120.84
520,174,123.06
520,175,123.91999999999999
520,176,121.06
520,177,119.53999999999999
520,178,123.38999999999999
520,179,121.6
520,180,121.19
521,1,317.78
521,2,315.37
521,3,312.63
521,4,307.29
521,5,301
521,6,295.82
521,7,289.18
521,8,284.5
521,9,278.04
521,10,271.83
521,11,266.93
521,12,261.34
521,13,256.29
521,14,251.82
521,15,246.73000000000002
521,16,242.01999999999998
521,17,237.57
521,18,232.10000000000002
521,19,229.20999999999998
521,20,223.69
521,21,218.52999999999997
521,22,214
521,23,210.89
521,24,206.76999999999998
521,25,201.7
521,26,197.8
521,27,193.8
521,28,191.32999999999998
521,29,186.64
521,30,182.18
521,31,179.07
521,32,174.27999999999997
521,33,171.67000000000002
521,34,169.23000000000002
521,35,165.2
521,36,162.76
521,37,159.45
521,38,156.51
521,39,153.47000000000003
521,40,150
521,41,148.95999999999998
521,42,144.8
521,43,141.69
521,44,140.79
521,45,137.65
521,46,133.7
521,47,133.64
521,48,130.14
521,49,128
521,50,125.27000000000001
521,51,125.43
521,52,122.41999999999999
521,53,120.81
521,54,119.36000000000001
521,55,116.33000000000001
521,56,114.38
521,57,115.18
521,58,112.80000000000001
521,59,110.97999999999999
521,60,111.24000000000001
521,61,109.97999999999999
521,62,110.69
521,63,107.4
521,64,108.38
521,65,106.82
521,66,108.34
521,67,106.46000000000001
521,68,107.86000000000001
521,69,106.93
521,70,108.19999999999999
521,71,108.71000000000001
521,72,108.78
521,73,107.34
521,74,107.41999999999999
521,75,107.78
521,76,108.82
521,77,107.25999999999999
521,78,107.99000000000001
521,79,108.81
521,80,108.03
521,81,109.28
521,82,108.28
521,83,109.12
521,84,110.34
521,85,110.69
521,86,110.44999999999999
521,87,110.66
521,88,109.47999999999999
521,89,109.25
521,90,114.68
521,91,109.58000000000001
521,92,111.30000000000001
521,93,111.36000000000001
521,94,112.02000000000001
521,95,112.13999999999999
521,96,113.44
521,97,111.59
521,98,112.36000000000001
521,99,112.97
521,100,112.68
521,101,112.80000000000001
521,102,113.5
521,103,112.72
521,104,113.78
521,105,112.66
521,106,112.97
521,107,114.41
521,108,113.21000000000001
521,109,116.36000000000001
521,110,114.63999999999999
521,111,114.99000000000001
521,112,114.37
521,113,117.72
521,114,116.13999999999999
521,115,114.75
521,116,117.12
521,117,114.55000000000001
521,118,116.4
521,119,116.16999999999999
521,120,119.46000000000001
521,121,117.78
521,122,115.91999999999999
521,123,117.22999999999999
521,124,117.49000000000001
521,125,116.9
521,126,117.43
521,127,118.44999999999999
521,128,120.28999999999999
521,129,116.47999999999999
521,130,119.22999999999999
521,131,117.86000000000001
521,132,117.56
521,133,118.19
521,134,118.19
521,135,120.13999999999999
521,136,118.38
521,137,118.97
521,138,119.13999999999999
521,139,118.75999999999999
521,140,119.82
521,141,118.55000000000001
521,142,121.52000000000001
521,143,120.19
521,144,119.25
521,145,120.63
521,146,120.72999999999999
521,147,119.59
521,148,122.44
521,149,119.61000000000001
521,150,121.74000000000001
521,151,120.97999999999999
521,152,121.03
521,153,119.93
521,154,120.31
521,155,121.36000000000001
521,156,119.94
521,157,121.03
521,158,120.30000000000001
521,159,121.22
521,160,120.94
521,161,123.63999999999999
521,162,123.35
521,163,122.21000000000001
521,164,121.07
521,165,124.50999999999999
521,166,121.74000000000001
521,167,121.91999999999999
521,168,123.13999999999999
521,169,122.86000000000001
521,170,121.49000000000001
521,171,120.41999999999999
521,172,123.21000000000001
521,173,124.28
521,174,121.41999999999999
521,175,122.38999999999999
521,176,122.77000000000001
521,177,122.82
521,178,126.71000000000001
521,179,124.6
521,180,124.4
522,1,320.29
522,2,320.57
522,3,316.53
522,4,309.67
522,5,305.03
522,6,299.39
522,7,293.38
522,8,287.36
522,9,281.48
522,10,277.47
522,11,269.66
522,12,265.48
522,13,259.71
522,14,255.05
522,15,249.98000000000002
522,16,244.43
522,17,239.32999999999998
522,18,235.54000000000002
522,19,230.82
522,20,225.98000000000002
522,21,222.48000000000002
522,22,217.39
522,23,212.43
522,24,208.75
522,25,205.27999999999997
522,26,202.01999999999998
522,27,198.32
522,28,193.72000000000003
522,29,189.02999999999997
522,30,186.06
522,31,182.2
522,32,179.52999999999997
522,33,175.39
522,34,171.95
522,35,169.62
522,36,167.25
522,37,162.39999999999998
522,38,159.64
522,39,155.72000000000003
522,40,152.82
522,41,152.11
522,42,147.64
522,43,144.95
522,44,142.47
522,45,138.32
522,46,138.8
522,47,136.69
522,48,133.01
522,49,131.39
522,50,127.66
522,51,127.78999999999999
522,52,125.74000000000001
522,53,124.66
522,54,120.47999999999999
522,55,118.16999999999999
522,56,118.34
522,57,117.53
522,58,115.21000000000001
522,59,113.97
522,60,116.62
522,61,113.03
522,62,112.05000000000001
522,63,112.06
522,64,112.22
522,65,110.09
522,66,108.83000000000001
522,67,110.47999999999999
522,68,111.16999999999999
522,69,108.55000000000001
522,70,110.22999999999999
522,71,110.16999999999999
522,72,110.82
522,73,110.6
522,74,110.87
522,75,110.36000000000001
522,76,112.74000000000001
522,77,111.52000000000001
522,78,111.69999999999999
522,79,110.97999999999999
522,80,111.13
522,81,112.65
522,82,112.47
522,83,111.75
522,84,112.53999999999999
522,85,110.94
522,86,112.28999999999999
522,87,113.69999999999999
522,88,113.22
522,89,111.72999999999999
522,90,112.43
522,91,113.93
522,92,115.18
522,93,111.44
522,94,116.09
522,95,114.65
522,96,113.30000000000001
522,97,115.52000000000001
522,98,116.11000000000001
522,99,113.96000000000001
522,100,117.28999999999999
522,101,112.71000000000001
522,102,115.13999999999999
522,103,115.11000000000001
522,104,113.6
522,105,116.28
522,106,116.53999999999999
522,107,118.69
522,108,120.13999999999999
522,109,117.78999999999999
522,110,118.55000000000001
522,111,116.86000000000001
522,112,119.08000000000001
522,113,117.91
522,114,118.57
522,115,118.61000000000001
522,116,117.32
522,117,119.09
522,118,118.19999999999999
522,119,119.50999999999999
522,120,116.94999999999999
522,121,117.81
522,122,117.91999999999999
522,123,117.12
522,124,119.03999999999999
522,125,117.13
522,126,117.13999999999999
522,127,121.03999999999999
522,128,120.63999999999999
522,129,120.22999999999999
522,130,120.38999999999999
522,131,119.07
522,132,121.08000000000001
522,133,117.44999999999999
522,134,120.50999999999999
522,135,121.25999999999999
522,136,120.33000000000001
522,137,121.19
522,138,121.5
522,139,120.72999999999999
522,140,120.03999999999999
522,141,118.80000000000001
522,142,119.85
522,143,122.55000000000001
522,144,122.36000000000001
522,145,121.97999999999999
522,146,123.43
522,147,122.24000000000001
522,148,121.22999999999999
522,149,122.52000000000001
522,150,124.05000000000001
522,151,122.96000000000001
522,152,124
522,153,122.13999999999999
522,154,122.91999999999999
522,155,122.02000000000001
522,156,123.66999999999999
522,157,123.97
522,158,123.55000000000001
522,159,122.9
522,160,121.93
522,161,121.99000000000001
522,162,123.83000000000001
522,163,125.97999999999999
522,164,123.53
522,165,122.44
522,166,123.80000000000001
522,167,121.36000000000001
522,168,123.71000000000001
522,169,121.6
522,170,123.96000000000001
522,171,125.97999999999999
522,172,123.53999999999999
522,173,121.96000000000001
522,174,123.78
522,175,125.22
522,176,124.46000000000001
522,177,124.16999999999999
522,178,123.88
522,179,124.53
522,180,123.16999999999999
523,1,322.14
523,2,320.37
523,3,317.58
523,4,313.23
523,5,307.96
523,6,302.29
523,7,296.32
523,8,290.24
523,9,284.33
523,10,278.13
523,11,273.97
523,12,267.28
523,13,263.42
523,14,258.27
523,15,252.88
523,16,248.49
523,17,243.47000000000003
523,18,238.27999999999997
523,19,234.51
523,20,229.77999999999997
523,21,224.66000000000003
523,22,221.10000000000002
523,23,217.31
523,24,212.67000000000002
523,25,208.54000000000002
523,26,205.95
523,27,200.76
523,28,196.07
523,29,191.13
523,30,189.16000000000003
523,31,186.72000000000003
523,32,182.19
523,33,180.05
523,34,176.68
523,35,171.56
523,36,168.73000000000002
523,37,166.07
523,38,162
523,39,161.04000000000002
523,40,155.47000000000003
523,41,152.35000000000002
523,42,151.32999999999998
523,43,149.55
523,44,145.6
523,45,142.58
523,46,142.99
523,47,140.16
523,48,136.89
523,49,135.31
523,50,131.93
523,51,130.46
523,52,126.9
523,53,126.21000000000001
523,54,123.80000000000001
523,55,123.13999999999999
523,56,121.4
523,57,121.66999999999999
523,58,117.97
523,59,116.63
523,60,115.87
523,61,116.62
523,62,115.33000000000001
523,63,115.08000000000001
523,64,113.63
523,65,113.11000000000001
523,66,113.22
523,67,111.1
523,68,114.07
523,69,113.06
523,70,113.28999999999999
523,71,113.91999999999999
523,72,113.58000000000001
523,73,112.99000000000001
523,74,112.16
523,75,112.78999999999999
523,76,113.93
523,77,114.71000000000001
523,78,114.96000000000001
523,79,114.18
523,80,113.03999999999999
523,81,113.88999999999999
523,82,114.30000000000001
523,83,113.37
523,84,113.11000000000001
523,85,113.30000000000001
523,86,114.25
523,87,115.16999999999999
523,88,115.82
523,89,115.84
523,90,114.59
523,91,114.59
523,92,116.91999999999999
523,93,115.91
523,94,116.59
523,95,114.52000000000001
523,96,116.62
523,97,117.13
523,98,117.02000000000001
523,99,118.05000000000001
523,100,117.49000000000001
523,101,118.5
523,102,117.72
523,103,119.75
523,104,118.55000000000001
523,105,118.03
523,106,118.69
523,107,117.63999999999999
523,108,118.69
523,109,117.87
523,110,117.15
523,111,118.85
523,112,119.38
523,113,119.71000000000001
523,114,118.24000000000001
523,115,119.77000000000001
523,116,118.72999999999999
523,117,117.52000000000001
523,118,119.16999999999999
523,119,118.72999999999999
523,120,119.41999999999999
523,121,121.72999999999999
523,122,120.37
523,123,118.80000000000001
523,124,119.6
523,125,121.9
523,126,120.15
523,127,121.11000000000001
523,128,121.16
523,129,120.65
523,130,122.68
523,131,123.69999999999999
523,132,119.58000000000001
523,133,121.81
523,134,120.27000000000001
523,135,122.72
523,136,122.71000000000001
523,137,123.83000000000001
523,138,121.32
523,139,122.35
523,140,122.24000000000001
523,141,121.44999999999999
523,142,122.91999999999999
523,143,120.81
523,144,122.77000000000001
523,145,123.46000000000001
523,146,123.53
523,147,123.85
523,148,123.87
523,149,123.77000000000001
523,150,122.91
523,151,122.32
523,152,123.59
523,153,122.28999999999999
523,154,123.6
523,155,123.55000000000001
523,156,123.44
523,157,125.22
523,158,123.97999999999999
523,159,123.36000000000001
523,160,126.18
523,161,124.50999999999999
523,162,124.50999999999999
523,163,126.22999999999999
523,164,125.30000000000001
523,165,122.09
523,166,125.30000000000001
523,167,124.08000000000001
523,168,124.57
523,169,123.61000000000001
523,170,126.97999999999999
523,171,124.33000000000001
523,172,125.72999999999999
523,173,123.41999999999999
523,174,125.52000000000001
523,175,125.43
523,176,124.57
523,177,125.36000000000001
523,178,126.6
523,179,127.88999999999999
523,180,126.12
524,1,329.63
524,2,323.63
524,3,321.23
524,4,316.54
524,5,310.98
524,6,304.71
524,7,299.47
524,8,293.72
524,9,288.08
524,10,280.79
524,11,276.31
524,12,271.13
524,13,265.47
524,14,259.62
524,15,255.57
524,16,250.49
524,17,246.74
524,18,242.41000000000003
524,19,237.23000000000002
524,20,232.99
524,21,228.17000000000002
524,22,224.11
524,23,219.54000000000002
524,24,215.25
524,25,211
524,26,207.87
524,27,204.7
524,28,200.26999999999998
524,29,196.07
524,30,192.89
524,31,187.51999999999998
524,32,184.43
524,33,182.25
524,34,178.06
524,35,176.20999999999998
524,36,170.8
524,37,168.67000000000002
524,38,166.25
524,39,160.35000000000002
524,40,160.02999999999997
524,41,156.14999999999998
524,42,155.51
524,43,152.52999999999997
524,44,149.89
524,45,146.63
524,46,144.99
524,47,142.64
524,48,139.07
524,49,136.75
524,50,135.94
524,51,133.98
524,52,130.77
524,53,128.11
524,54,130.08
524,55,127.00999999999999
524,56,123.06
524,57,122.94
524,58,121.62
524,59,120.5
524,60,119.19
524,61,118.08000000000001
524,62,118
524,63,117.38
524,64,116.66
524,65,117.07
524,66,115.75
524,67,116.31
524,68,115.22999999999999
524,69,118.35
524,70,116.41999999999999
524,71,116.97999999999999
524,72,115.1
524,73,115.63
524,74,113.82
524,75,115.21000000000001
524,76,115.5
524,77,117.22999999999999
524,78,118.00999999999999
524,79,117.71000000000001
524,80,115.87
524,81,115.84
524,82,117.87
524,83,115.71000000000001
524,84,117.11000000000001
524,85,117.21000000000001
524,86,118.11000000000001
524,87,116.25
524,88,117
524,89,117.53
524,90,119.46000000000001
524,91,117.16999999999999
524,92,117.85
524,93,119.46000000000001
524,94,117.78999999999999
524,95,118.03
524,96,116.41
524,97,119.50999999999999
524,98,120.19999999999999
524,99,119.30000000000001
524,100,118.36000000000001
524,101,120.49000000000001
524,102,119.69999999999999
524,103,119.46000000000001
524,104,121.38999999999999
524,105,119.52000000000001
524,106,120.57
524,107,120.25
524,108,121.02000000000001
524,109,120.02000000000001
524,110,120.21000000000001
524,111,119.53999999999999
524,112,121.83000000000001
524,113,120.85
524,114,119.94999999999999
524,115,123.63
524,116,119.62
524,117,120.52000000000001
524,118,119.25
524,119,120.46000000000001
524,120,120.43
524,121,123.28
524,122,121.03
524,123,121.18
524,124,122.37
524,125,123.38
524,126,122.41
524,127,122.02000000000001
524,128,122.19
524,129,122.97999999999999
524,130,122.53
524,131,124.58000000000001
524,132,122.83000000000001
524,133,124.49000000000001
524,134,123.1
524,135,122.57
524,136,125.97999999999999
524,137,123.63
524,138,123.49000000000001
524,139,122.59
524,140,125.25999999999999
524,141,125.41999999999999
524,142,123.84
524,143,124.6
524,144,123.24000000000001
524,145,123.68
524,146,124.88
524,147,122.81
524,148,123.83000000000001
524,149,124.5
524,150,123.38999999999999
524,151,123.5
524,152,125.07
524,153,127.1
524,154,125.28999999999999
524,155,125.49000000000001
524,156,127.13
524,157,124.25999999999999
524,158,125.87
524,159,126.47
524,160,124.43
524,161,124.18
524,162,126.58000000000001
524,163,127.28
524,164,125.47999999999999
524,165,124.49000000000001
524,166,126.13
524,167,125.94
524,168,126.1
524,169,126.91999999999999
524,170,126.31
524,171,125.4
524,172,126.72999999999999
524,173,127.58000000000001
524,174,128.66
524,175,127.03
524,176,125.68
524,177,127.4
524,178,125.75999999999999
524,179,126.59
524,180,125.07
525,1,333.95
525,2,328.41
525,3,323.72
525,4,319.48
525,5,313.78
525,6,308.37
525,7,301.8
525,8,296.33
525,9,291.57
525,10,284.64
525,11,279.88
525,12,273.79
525,13,268.09
525,14,263.37
525,15,259.11
525,16,254.20999999999998
525,17,249.32999999999998
525,18,245.33999999999997
525,19,240.2
525,20,236.17000000000002
525,21,232.11
525,22,227.19
525,23,222.98000000000002
525,24,218.89999999999998
525,25,215.51
525,26,211.22000000000003
525,27,205.14
525,28,201.64
525,29,198.7
525,30,194.51999999999998
525,31,193.3
525,32,189.07
525,33,183.87
525,34,181.98000000000002
525,35,177.2
525,36,173.66000000000003
525,37,171.75
525,38,170.39
525,39,164.82
525,40,165.39999999999998
525,41,160.63
525,42,158.44
525,43,154.25
525,44,152.70999999999998
525,45,149.81
525,46,148.61
525,47,145.46
525,48,143.4
525,49,139.2
525,50,137.43
525,51,136.06
525,52,134.43
525,53,130.98
525,54,132.47
525,55,130.42
525,56,127.72
525,57,127.78
525,58,128.39
525,59,124.25999999999999
525,60,124.00999999999999
525,61,122.88
525,62,120.80000000000001
525,63,122
525,64,120.47
525,65,119.71000000000001
525,66,118.65
525,67,118.82
525,68,119.57
525,69,117.28
525,70,116.59
525,71,119.65
525,72,116.5
525,73,118.02000000000001
525,74,116.97999999999999
525,75,119.22999999999999
525,76,120.61000000000001
525,77,120.28999999999999
525,78,118.19
525,79,118.53999999999999
525,80,118.85
525,81,118.16999999999999
525,82,119.00999999999999
525,83,120.36000000000001
525,84,117.63999999999999
525,85,119.84
525,86,117.77000000000001
525,87,118.25
525,88,119.13
525,89,118.41999999999999
525,90,121.59
525,91,120.03
525,92,120.72999999999999
525,93,120.96000000000001
525,94,121.56
525,95,120.72
525,96,121.28999999999999
525,97,120.49000000000001
525,98,122.49000000000001
525,99,119.13
525,100,121.03999999999999
525,101,119.72
525,102,122.07
525,103,120.47
525,104,123.4
525,105,121.43
525,106,121.74000000000001
525,107,120.72999999999999
525,108,122.63999999999999
525,109,123.53999999999999
525,110,121.59
525,111,122.16
525,112,121.75999999999999
525,113,124.35
525,114,122.94999999999999
525,115,121.82
525,116,122.22
525,117,123.9
525,118,123.59
525,119,122.25
525,120,122.34
525,121,123.02000000000001
525,122,124.16
525,123,122.61000000000001
525,124,124.16999999999999
525,125,123.91999999999999
525,126,123.21000000000001
525,127,123.41
525,128,123.19
525,129,122.81
525,130,124.80000000000001
525,131,124.34
525,132,124.07
525,133,124.00999999999999
525,134,124.57
525,135,123.71000000000001
525,136,123.71000000000001
525,137,124.49000000000001
525,138,125.59
525,139,125.97
525,140,125.44999999999999
525,141,126.08000000000001
525,142,124.41
525,143,124.22
525,144,126.28999999999999
525,145,124.94
525,146,125.68
525,147,125.74000000000001
525,148,127.00999999999999
525,149,126.36000000000001
525,150,125.25
525,151,126.68
525,152,126.75999999999999
525,153,124.86000000000001
525,154,125.75999999999999
525,155,126.4
525,156,127.61000000000001
525,157,127.19999999999999
525,158,126.5
525,159,126.84
525,160,125.75999999999999
525,161,127.09
525,162,124.94999999999999
525,163,126.05000000000001
525,164,127.5
525,165,128.63
525,166,126.80000000000001
525,167,127.62
525,168,125.12
525,169,127
525,170,126.32
525,171,128.35
525,172,127.84
525,173,128.71
525,174,127.66999999999999
525,175,127.68
525,176,127.31
525,177,127.69
525,178,128.12
525,179,128.74
525,180,127.44
526,1,337.58
526,2,331.8
526,3,325.79
526,4,321.07
526,5,316.74
526,6,310.91
526,7,304.5
526,8,299.91
526,9,293.9
526,10,287.34
526,11,283.49
526,12,277.85
526,13,272.56
526,14,267.66
526,15,261.76
526,16,258.49
526,17,252.73000000000002
526,18,247.85000000000002
526,19,243.08999999999997
526,20,238.27999999999997
526,21,235.17000000000002
526,22,230.48000000000002
526,23,226.3
526,24,222.94
526,25,218.07999999999998
526,26,212.82
526,27,210.20999999999998
526,28,205.61
526,29,202.20999999999998
526,30,198.07999999999998
526,31,193.36
526,32,190.89999999999998
526,33,187.89999999999998
526,34,184.69
526,35,180.75
526,36,178.29000000000002
526,37,175.20999999999998
526,38,172.57
526,39,169.37
526,40,165.72000000000003
526,41,160.98000000000002
526,42,159.89
526,43,157.94
526,44,155.63
526,45,152.64999999999998
526,46,150.17000000000002
526,47,147.55
526,48,144.28
526,49,142.69
526,50,141.15
526,51,140.02
526,52,136.53
526,53,134.88
526,54,134.24
526,55,131.87
526,56,129.43
526,57,129.81
526,58,129.13
526,59,127.13
526,60,125.44
526,61,125.22999999999999
526,62,123.15
526,63,124.74000000000001
526,64,124.05000000000001
526,65,122.25999999999999
526,66,125.1
526,67,121.52000000000001
526,68,122.91
526,69,121.25
526,70,121.47999999999999
526,71,121.55000000000001
526,72,122.57
526,73,119.35
526,74,120.41
526,75,121.72
526,76,121
526,77,119.96000000000001
526,78,121.75
526,79,120.28999999999999
526,80,120.68
526,81,119.47
526,82,120.82
526,83,121.88
526,84,120.91999999999999
526,85,121.35
526,86,118.91
526,87,121.66
526,88,121.19999999999999
526,89,121.13
526,90,121.61000000000001
526,91,121.28999999999999
526,92,123.07
526,93,121.38999999999999
526,94,121.46000000000001
526,95,122.82
526,96,121.91
526,97,123.63
526,98,121.16
526,99,122.68
526,100,122.53999999999999
526,101,123.25
526,102,124.82
526,103,122.03
526,104,122.88999999999999
526,105,125.28
526,106,124.24000000000001
526,107,122.94999999999999
526,108,122.75999999999999
526,109,125.66
526,110,122.16
526,111,125.27000000000001
526,112,124.4
526,113,123.94999999999999
526,114,123.78
526,115,125.97
526,116,123.00999999999999
526,117,124.25999999999999
526,118,124.44
526,119,126.47
526,120,125.22999999999999
526,121,124.38
526,122,125.77000000000001
526,123,125.97999999999999
526,124,124.77000000000001
526,125,124.81
526,126,126.37
526,127,126.53999999999999
526,128,126.43
526,129,125.57
526,130,127.5
526,131,126.28
526,132,126.78
526,133,125.09
526,134,127.41
526,135,126.58000000000001
526,136,127.35
526,137,128.38
526,138,127.41999999999999
526,139,125.65
526,140,125.9
526,141,126.99000000000001
526,142,125.97
526,143,128.36
526,144,127.53999999999999
526,145,125.81
526,146,126.34
526,147,125.97
526,148,124.47
526,149,126.63
526,150,128.84
526,151,127.41999999999999
526,152,127.68
526,153,127.34
526,154,128.67
526,155,127.43
526,156,128.38
526,157,126.75999999999999
526,158,128.25
526,159,127.41
526,160,129.09
526,161,130.07
526,162,126.53999999999999
526,163,127.87
526,164,129.37
526,165,126.36000000000001
526,166,126.06
526,167,129.14
526,168,128.79
526,169,128.64
526,170,131.28
526,171,129.83
526,172,130.32
526,173,129.66
526,174,128.6
526,175,127.13999999999999
526,176,129.69
526,177,129.59
526,178,128.3
526,179,128.78
526,180,127.19
527,1,344.47
527,2,336.72
527,3,330.27
527,4,325.12
527,5,319.85
527,6,313.63
527,7,308.54
527,8,302.5
527,9,297.25
527,10,292.02
527,11,286.61
527,12,280.53
527,13,275.76
527,14,269.56
527,15,265.14
527,16,259.97
527,17,255.75
527,18,249.89999999999998
527,19,247.27999999999997
527,20,241.86
527,21,238.16000000000003
527,22,233.99
527,23,228.76999999999998
527,24,224.83999999999997
527,25,220.77999999999997
527,26,216.22000000000003
527,27,211.68
527,28,208.62
527,29,203.91000000000003
527,30,201.91000000000003
527,31,196.41000000000003
527,32,194.52999999999997
527,33,190.14999999999998
527,34,187.79000000000002
527,35,184.66000000000003
527,36,179.73000000000002
527,37,179.29000000000002
527,38,173.87
527,39,173.75
527,40,169.98000000000002
527,41,165.32999999999998
527,42,163.95999999999998
527,43,159.60000000000002
527,44,159.01
527,45,154.39
527,46,152.5
527,47,151.61
527,48,148.60000000000002
527,49,145.95
527,50,142.44
527,51,141.69
527,52,140.06
527,53,138.32
527,54,136.13
527,55,134.89
527,56,134.7
527,57,130.98
527,58,129.45
527,59,130.13
527,60,127.88
527,61,129.12
527,62,124.91999999999999
527,63,129.08
527,64,125.18
527,65,123.91
527,66,125.94999999999999
527,67,124.50999999999999
527,68,124.13999999999999
527,69,124.69999999999999
527,70,126.55000000000001
527,71,124.18
527,72,123.46000000000001
527,73,123.44
527,74,122.19999999999999
527,75,123.63
527,76,123.99000000000001
527,77,124.13
527,78,124.53
527,79,124.9
527,80,123.72
527,81,123.69
527,82,121.97
527,83,126.94
527,84,124.12
527,85,123.53999999999999
527,86,123.35
527,87,123.13999999999999
527,88,123.03
527,89,124.74000000000001
527,90,124.47999999999999
527,91,125.94
527,92,124.84
527,93,122.65
527,94,127.18
527,95,125.80000000000001
527,96,125.28
527,97,125.38
527,98,122.86000000000001
527,99,126.78
527,100,125.66
527,101,126.19
527,102,126.63999999999999
527,103,124.52000000000001
527,104,126.13999999999999
527,105,125.37
527,106,126.52000000000001
527,107,125.74000000000001
527,108,127.25
527,109,126.44
527,110,127.06
527,111,125.50999999999999
527,112,124.91
527,113,125.30000000000001
527,114,126.99000000000001
527,115,127.24000000000001
527,116,127.50999999999999
527,117,128.23
527,118,125.66
527,119,128.03
527,120,127.30000000000001
527,121,126.11000000000001
527,122,126.88999999999999
527,123,127.44
527,124,126.4
527,125,127.88
527,126,127.05000000000001
527,127,127.75
527,128,126.94
527,129,127.1
527,130,126.44999999999999
527,131,127.33000000000001
527,132,128.34
527,133,128.5
527,134,129.29
527,135,126.84
527,136,127.35
527,137,129.43
527,138,126.66999999999999
527,139,129.26
527,140,129.24
527,141,129.11
527,142,129.29
527,143,127.16
527,144,127.5
527,145,127.75999999999999
527,146,129.53
527,147,127.57
527,148,128.88
527,149,129.33
527,150,128.59
527,151,127.59
527,152,129.87
527,153,129.87
527,154,128.47
527,155,126.94
527,156,128.98
527,157,131.35
527,158,128.2
527,159,127.19
527,160,128.6
527,161,127.15
527,162,130.37
527,163,128.97
527,164,130.73
527,165,130.36
527,166,130.69
527,167,130.42
527,168,129.69
527,169,132.15
527,170,127.38999999999999
527,171,131.25
527,172,128.65
527,173,130.48
527,174,130.18
527,175,131.62
527,176,126.63999999999999
527,177,127.55000000000001
527,178,128.64
527,179,132.35
527,180,131.1
528,1,348.42
528,2,341.49
528,3,332.43
528,4,327.55
528,5,322.59
528,6,316.16
528,7,311.78
528,8,305.87
528,9,299.55
528,10,294.07
528,11,289.96
528,12,283.31
528,13,278.87
528,14,273.67
528,15,266.83
528,16,263.2
528,17,258.58
528,18,253.77999999999997
528,19,249.16000000000003
528,20,244.08999999999997
528,21,240.41000000000003
528,22,235.43
528,23,232.07999999999998
528,24,228.25
528,25,223.37
528,26,220.43
528,27,216.07
528,28,211.43
528,29,207
528,30,204.60000000000002
528,31,202.61
528,32,198.16000000000003
528,33,193.02999999999997
528,34,190.87
528,35,189.5
528,36,183.06
528,37,181.42000000000002
528,38,177.73000000000002
528,39,175.48000000000002
528,40,172.32
528,41,168.74
528,42,166.14999999999998
528,43,163.42000000000002
528,44,160.16000000000003
528,45,159.89999999999998
528,46,155.16000000000003
528,47,154.7
528,48,152
528,49,149.01
528,50,148.56
528,51,145.65
528,52,143.38
528,53,142.63
528,54,139.91
528,55,137.94
528,56,136.78
528,57,133.93
528,58,134.83
528,59,135.64
528,60,133.68
528,61,129.91
528,62,130.19
528,63,130.44
528,64,130.07
528,65,129.62
528,66,129.07
528,67,127.53
528,68,125.91
528,69,126.44999999999999
528,70,127.32
528,71,127.44
528,72,127.03
528,73,125.46000000000001
528,74,127.38
528,75,128.36
528,76,127.53
528,77,126.11000000000001
528,78,125.6
528,79,127.28999999999999
528,80,125.97
528,81,125.38
528,82,126.4
528,83,124.77000000000001
528,84,126.97
528,85,123.80000000000001
528,86,127.11000000000001
528,87,126.68
528,88,126.62
528,89,125.63999999999999
528,90,125.47999999999999
528,91,127.35
528,92,125.75
528,93,127.63999999999999
528,94,126.87
528,95,126.61000000000001
528,96,127.69
528,97,127.33000000000001
528,98,125.88999999999999
528,99,125.6
528,100,127.62
528,101,125.4
528,102,127.86000000000001
528,103,128.63
528,104,124.77000000000001
528,105,127.91999999999999
528,106,126.82
528,107,127.33000000000001
528,108,129.46
528,109,127.91
528,110,128.36
528,111,128.2
528,112,125.11000000000001
528,113,126.91
528,114,127.78999999999999
528,115,127.66999999999999
528,116,128.79
528,117,127.05000000000001
528,118,129.9
528,119,129.85
528,120,128.3
528,121,128.49
528,122,127.00999999999999
528,123,127.72
528,124,129.94
528,125,129.03
528,126,129.71
528,127,129.25
528,128,128.71
528,129,130.03
528,130,130.47
528,131,128.32
528,132,127.6
528,133,130.73
528,134,130.38
528,135,128.8
528,136,129.41
528,137,127.55000000000001
528,138,128.72
528,139,129.57
528,140,128.62
528,141,129.49
528,142,130.02
528,143,131.16
528,144,131.11
528,145,129.32
528,146,130.09
528,147,131.31
528,148,129.14
528,149,128.33
528,150,130.8
528,151,130.73
528,152,131.42
528,153,129
528,154,128.74
528,155,128.78
528,156,129.01
528,157,130.97
528,158,129.5
528,159,129.89
528,160,131.25
528,161,130.59
528,162,130.02
528,163,130.73
528,164,128.89
528,165,128.62
528,166,130.07
528,167,129.78
528,168,131.71
528,169,130.27
528,170,131.56
528,171,132.35
528,172,133.4
528,173,132.78
528,174,129.88
528,175,130.21
528,176,129.62
528,177,132.93
528,178,131.06
528,179,131.34
528,180,131.88
529,1,349.24
529,2,344.28
529,3,337.67
529,4,330.93
529,5,325.42
529,6,320.31
529,7,314.67
529,8,308.91
529,9,301.93
529,10,297.83
529,11,291.67
529,12,287.81
529,13,281.36
529,14,276.43
529,15,272.16
529,16,266.18
529,17,262.51
529,18,256.92
529,19,251.92000000000002
529,20,247.72000000000003
529,21,244.42000000000002
529,22,239.11
529,23,234.74
529,24,230.07
529,25,226.81
529,26,223.52999999999997
529,27,219.2
529,28,215.31
529,29,212.12
529,30,207.56
529,31,204.31
529,32,201.39999999999998
529,33,197.16000000000003
529,34,193.57999999999998
529,35,189.64
529,36,184.66000000000003
529,37,183.37
529,38,180.43
529,39,176.54000000000002
529,40,176.37
529,41,173.57999999999998
529,42,170.64
529,43,168.70999999999998
529,44,164.47000000000003
529,45,162.39
529,46,158.55
529,47,155.51
529,48,153.12
529,49,153.70999999999998
529,50,150.91000000000003
529,51,149.57
529,52,146.05
529,53,144.95
529,54,142.73
529,55,143.29
529,56,140.91
529,57,139.02
529,58,136.7
529,59,135.28
529,60,134.21
529,61,134.27
529,62,132.52
529,63,132.8
529,64,133.02
529,65,131.6
529,66,131.81
529,67,129.96
529,68,129.53
529,69,130.58
529,70,128.5
529,71,127.32
529,72,129.58
529,73,128.33
529,74,128.15
529,75,130.48
529,76,127.32
529,77,127.47999999999999
529,78,127.55000000000001
529,79,128.67
529,80,128.61
529,81,128.17
529,82,127.47
529,83,131.38
529,84,127.88999999999999
529,85,127.97999999999999
529,86,128.44
529,87,127.06
529,88,130.11
529,89,130.39
529,90,128.22
529,91,130.49
529,92,129.27
529,93,131.06
529,94,128.82
529,95,129.17
529,96,126.43
529,97,129.01
529,98,130
529,99,128.25
529,100,127.6
529,101,128.5
529,102,128.95
529,103,128.28
529,104,130.6
529,105,129.12
529,106,129.83
529,107,129.26
529,108,127.53999999999999
529,109,128.74
529,110,130.01
529,111,130.16
529,112,129.19
529,113,130.85
529,114,132.71
529,115,128.82
529,116,130.16
529,117,130.26
529,118,130.45
529,119,130.9
529,120,131.51
529,121,129.73
529,122,130.18
529,123,131.14
529,124,128.28
529,125,131.22
529,126,129.55
529,127,128.36
529,128,130.37
529,129,130.93
529,130,129.32
529,131,131.24
529,132,129.78
529,133,129.62
529,134,130.93
529,135,129.17
529,136,130.07
529,137,131.16
529,138,130.72
529,139,130.66
529,140,130.14
529,141,132.08
529,142,131.38
529,143,130.84
529,144,131.5
529,145,130.5
529,146,130.24
529,147,128.19
529,148,131.77
529,149,131.25
529,150,132.12
529,151,130.26
529,152,134.6
529,153,131.96
529,154,130.18
529,155,131.2
529,156,131.52
529,157,131.58
529,158,133
529,159,132.76
529,160,131.61
529,161,130.03
529,162,132.01
529,163,132.11
529,164,130.99
529,165,131.74
529,166,131.78
529,167,131.47
529,168,133.34
529,169,131.6
529,170,131.82
529,171,132.45
529,172,131.74
529,173,132.08
529,174,131.32
529,175,130.69
529,176,132.66
529,177,131.14
529,178,133.61
529,179,131.56
529,180,132.42
530,1,351.43
530,2,348.49
530,3,342.31
530,4,335.17
530,5,329.13
530,6,323.83
530,7,317.18
530,8,311.62
530,9,304.88
530,10,300.25
530,11,295.81
530,12,289.78
530,13,285.58
530,14,280.97
530,15,274.13
530,16,269.58
530,17,265.06
530,18,259.98
530,19,256.6
530,20,251.17000000000002
530,21,246.17000000000002
530,22,241.52999999999997
530,23,237.74
530,24,233.79000000000002
530,25,229.04000000000002
530,26,226.23000000000002
530,27,223.64999999999998
530,28,217.7
530,29,213.99
530,30,209.64
530,31,206.20999999999998
530,32,201.60000000000002
530,33,199.16000000000003
530,34,197.93
530,35,193.63
530,36,190.48000000000002
530,37,186.32
530,38,185.39999999999998
530,39,180.02999999999997
530,40,178.60000000000002
530,41,175.77999999999997
530,42,172.97000000000003
530,43,171.04000000000002
530,44,166.01999999999998
530,45,166.33999999999997
530,46,162.77999999999997
530,47,159.54000000000002
530,48,157.42000000000002
530,49,155.64999999999998
530,50,154.18
530,51,151.98000000000002
530,52,150.86
530,53,149.83999999999997
530,54,147.38
530,55,144.8
530,56,142.34
530,57,141.96
530,58,140.2
530,59,139.09
530,60,137.73
530,61,138.14
530,62,137.77
530,63,136.1
530,64,134.16
530,65,135.18
530,66,134.26
530,67,134.15
530,68,133.36
530,69,133.33
530,70,132.86
530,71,133.18
530,72,132.27
530,73,131.51
530,74,131.07
530,75,131.05
530,76,132.68
530,77,129.56
530,78,132.92
530,79,129.37
530,80,132.24
530,81,128.9
530,82,131.89
530,83,131.02
530,84,131.7
530,85,127.9
530,86,133.59
530,87,130.32
530,88,130.83
530,89,131.12
530,90,130.56
530,91,130.5
530,92,131.28
530,93,131.05
530,94,131.34
530,95,130.45
530,96,131.37
530,97,131.74
530,98,133.25
530,99,131.82
530,100,130.94
530,101,131.44
530,102,130.1
530,103,130.99
530,104,130.77
530,105,130.65
530,106,129.83
530,107,129.41
530,108,130.66
530,109,132.78
530,110,132.88
530,111,131.34
530,112,130.9
530,113,131.14
530,114,131.09
530,115,133.15
530,116,130.95
530,117,133.13
530,118,131.53
530,119,133.59
530,120,132.2
530,121,131.24
530,122,132.66
530,123,131.31
530,124,131.03
530,125,133.03
530,126,131.31
530,127,132.15
530,128,130.22
530,129,132.84
530,130,132.53
530,131,132.21
530,132,131.58
530,133,132.83
530,134,132.96
530,135,134.45
530,136,132.62
530,137,134.33
530,138,133.14
530,139,130.63
530,140,133.28
530,141,134.33
530,142,132.86
530,143,130.67
530,144,132.99
530,145,132.97
530,146,130.56
530,147,134.36
530,148,133.12
530,149,132.6
530,150,131.58
530,151,132.46
530,152,132.41
530,153,133.17
530,154,133.87
530,155,134.77
530,156,132.44
530,157,132.57
530,158,131.28
530,159,134.16
530,160,133.69
530,161,133.44
530,162,132.99
530,163,133.2
530,164,132.24
530,165,133.59
530,166,133.28
530,167,133.7
530,168,133.2
530,169,133.55
530,170,132.66
530,171,131.32
530,172,134.23
530,173,132.48
530,174,133.48
530,175,133.17
530,176,133.6
530,177,131.87
530,178,134.9
530,179,132.96
530,180,133.79
531,1,351.97
531,2,352.07
531,3,345.09
531,4,337.76
531,5,332.04
531,6,326.19
531,7,320.75
531,8,315.61
531,9,308.46
531,10,303.52
531,11,297.93
531,12,293.52
531,13,288.25
531,14,282.2
531,15,277.53
531,16,273.29
531,17,268.49
531,18,263.51
531,19,259.83
531,20,254.01999999999998
531,21,250.17000000000002
531,22,246.14999999999998
531,23,241.12
531,24,236.86
531,25,232.76
531,26,229.32
531,27,223.74
531,28,220.45
531,29,216.97000000000003
531,30,213.70999999999998
531,31,211.52999999999997
531,32,206.8
531,33,203.47000000000003
531,34,199.56
531,35,196.07999999999998
531,36,193.43
531,37,189.47000000000003
531,38,186.94
531,39,183.33999999999997
531,40,181.06
531,41,178.2
531,42,175.63
531,43,174.26999999999998
531,44,168.56
531,45,168.02999999999997
531,46,165.74
531,47,163.26
531,48,159.5
531,49,159.27999999999997
531,50,156.17000000000002
531,51,152.63
531,52,151.98000000000002
531,53,150.51
531,54,149.49
531,55,146.45999999999998
531,56,146.01
531,57,144.01
531,58,144
531,59,144.39
531,60,141.06
531,61,139.67
531,62,137.19
531,63,137.35
531,64,136.85
531,65,136.82
531,66,136.93
531,67,135.72
531,68,135.61
531,69,134.24
531,70,134.74
531,71,133.64
531,72,135.72
531,73,132.8
531,74,133.6
531,75,134.25
531,76,134.88
531,77,133.3
531,78,133.13
531,79,132.83
531,80,132.12
531,81,134.48
531,82,134.26
531,83,132.43
531,84,133.2
531,85,132.18
531,86,135.11
531,87,133.4
531,88,133.02
531,89,134.66
531,90,133.12
531,91,134.25
531,92,132.89
531,93,133.65
531,94,132.4
531,95,132.98
531,96,134.55
531,97,133.78
531,98,132.89
531,99,135.04
531,100,134.03
531,101,133.25
531,102,133.67
531,103,131.49
531,104,132.61
531,105,135.47
531,106,134.26
531,107,134.47
531,108,133.58
531,109,134.23
531,110,134.67
531,111,133.71
531,112,135.15
531,113,134.15
531,114,130.17
531,115,133.06
531,116,133.27
531,117,132.51
531,118,132.15
531,119,131.89
531,120,132.93
531,121,131.83
531,122,135
531,123,133.24
531,124,132.51
531,125,134.65
531,126,132.12
531,127,131.84
531,128,132.8
531,129,132.34
531,130,133.67
531,131,134.48
531,132,134.53
531,133,133.94
531,134,134.32
531,135,134.04
531,136,133.55
531,137,134.66
531,138,133.54
531,139,133.66
531,140,134.89
531,141,132.94
531,142,135.5
531,143,131.57
531,144,133.74
531,145,134.19
531,146,136
531,147,133.06
531,148,132.45
531,149,134.21
531,150,134.32
531,151,134.78
531,152,134.31
531,153,133.61
531,154,133.29
531,155,133.28
531,156,135.01
531,157,134.07
531,158,132.77
531,159,133.5
531,160,134.22
531,161,134.86
531,162,133.9
531,163,134.29
531,164,132.59
531,165,135.14
531,166,134.16
531,167,135.3
531,168,133.04
531,169,134.37
531,170,135.47
531,171,134.2
531,172,132.82
531,173,135.62
531,174,135.1
531,175,134.44
531,176,133.34
531,177,135.2
531,178,133.52
531,179,134.39
531,180,134.71
532,1,354.72
532,2,352.3
532,3,348.48
532,4,341.46
532,5,335.44
532,6,329.59
532,7,323.85
532,8,318.23
532,9,311.46
532,10,306.12
532,11,300.63
532,12,295.8
532,13,290.02
532,14,285.95
532,15,280.89
532,16,274.8
532,17,270.23
532,18,266.57
532,19,261.62
532,20,255.92000000000002
532,21,253.87
532,22,249.39
532,23,244.06
532,24,239.05
532,25,236.18
532,26,231.07
532,27,227.79000000000002
532,28,224.13
532,29,220.76
532,30,216.97000000000003
532,31,213.91000000000003
532,32,210.08999999999997
532,33,205.60000000000002
532,34,203.08999999999997
532,35,200.22000000000003
532,36,195.7
532,37,193.04000000000002
532,38,190.76999999999998
532,39,186.79000000000002
532,40,185.25
532,41,182.41000000000003
532,42,178.02999999999997
532,43,177.45
532,44,173.72000000000003
532,45,170.68
532,46,167.36
532,47,166.82999999999998
532,48,163.12
532,49,162.11
532,50,159.64
532,51,156.82999999999998
532,52,156.36
532,53,154.91000000000003
532,54,152.04000000000002
532,55,151.52999999999997
532,56,148.68
532,57,148.89
532,58,146.05
532,59,142.84
532,60,142.48
532,61,141.62
532,62,143.06
532,63,141.74
532,64,140.55
532,65,138.03
532,66,138.61
532,67,138.37
532,68,140
532,69,137.58
532,70,139.02
532,71,136.39
532,72,139.31
532,73,135.4
532,74,137.57
532,75,136.8
532,76,136.43
532,77,138.56
532,78,138.8
532,79,137.66
532,80,136.71
532,81,135.88
532,82,136.45
532,83,133.1
532,84,134.74
532,85,136.98
532,86,134.59
532,87,135.44
532,88,135.75
532,89,135.98
532,90,136.44
532,91,137.7
532,92,135.75
532,93,136.25
532,94,135.81
532,95,135
532,96,133.62
532,97,135.82
532,98,136.56
532,99,133.59
532,100,134.74
532,101,135.15
532,102,135.98
532,103,135.58
532,104,133.88
532,105,134.83
532,106,135.52
532,107,134.36
532,108,134.81
532,109,135.17
532,110,135.19
532,111,136.68
532,112,134.41
532,113,135.6
532,114,134.56
532,115,135.92
532,116,133.22
532,117,134.7
532,118,135.56
532,119,136.32
532,120,136.87
532,121,135.1
532,122,136.36
532,123,133.29
532,124,134.52
532,125,133.77
532,126,135.57
532,127,134.99
532,128,135.48
532,129,134.86
532,130,137
532,131,135.83
532,132,134.45
532,133,134.5
532,134,132.99
532,135,133.72
532,136,135.72
532,137,134.48
532,138,136.59
532,139,135.15
532,140,135.38
532,141,135.12
532,142,134.71
532,143,135.17
532,144,136.11
532,145,135.31
532,146,133.73
532,147,133.6
532,148,135.57
532,149,134.01
532,150,136.78
532,151,133.99
532,152,135.97
532,153,136.37
532,154,136.48
532,155,135
532,156,137.25
532,157,135.56
532,158,134.87
532,159,134.73
532,160,135.64
532,161,135.44
532,162,134.93
532,163,136.87
532,164,135.18
532,165,135.25
532,166,136.67
532,167,133.35
532,168,134.65
532,169,136.15
532,170,134.72
532,171,136.39
532,172,136.19
532,173,137.33
532,174,136.42
532,175,136.35
532,176,136.38
532,177,135.75
532,178,137.77
532,179,135.28
532,180,134.82
533,1,356.26
533,2,355.73
533,3,352.23
533,4,345.44
533,5,338.43
533,6,332.84
533,7,326.74
533,8,321.36
533,9,315.75
533,10,309.17
533,11,304.74
533,12,298.04
533,13,294.76
533,14,290.09
533,15,282.9
533,16,278.59
533,17,274.28
533,18,270.05
533,19,265.41
533,20,260.57
533,21,255.12
533,22,251.44
533,23,248.76999999999998
533,24,244.02999999999997
533,25,239.26
533,26,235.57
533,27,232.14
533,28,227.60000000000002
533,29,223.95
533,30,219.25
533,31,217.22000000000003
533,32,211.2
533,33,210.14
533,34,207.27999999999997
533,35,203.68
533,36,200.55
533,37,196.55
533,38,193.95
533,39,190.94
533,40,188.18
533,41,184.49
533,42,180.89999999999998
533,43,180.91000000000003
533,44,177.01999999999998
533,45,173.17000000000002
533,46,171.45999999999998
533,47,169.82999999999998
533,48,166.39
533,49,165.32
533,50,163.89999999999998
533,51,161.45
533,52,160
533,53,158.10000000000002
533,54,155.49
533,55,152.73000000000002
533,56,152.88
533,57,150.85000000000002
533,58,149.76
533,59,148.38
533,60,145.38
533,61,145.39
533,62,145
533,63,145.72
533,64,142.69
533,65,143.87
533,66,144.44
533,67,142.12
533,68,141.09
533,69,140.1
533,70,142.43
533,71,139.1
533,72,140.65
533,73,138.72
533,74,140.66
533,75,138.12
533,76,140.05
533,77,139.97
533,78,139.11
533,79,137.57
533,80,139.98
533,81,139.04
533,82,137.74
533,83,138.9
533,84,138.33
533,85,137.7
533,86,137.55
533,87,140.44
533,88,137.99
533,89,136.56
533,90,137.21
533,91,139.52
533,92,138.77
533,93,136.76
533,94,137.27
533,95,138.78
533,96,138.11
533,97,138.08
533,98,136.54
533,99,137.06
533,100,135.55
533,101,137.49
533,102,137.79
533,103,139.53
533,104,138.2
533,105,139.17
533,106,138.05
533,107,137.6
533,108,137.78
533,109,137.98
533,110,136.89
533,111,136.43
533,112,137.17
533,113,137.26
533,114,136.97
533,115,138.97
533,116,135.61
533,117,135.64
533,118,138.94
533,119,135.56
533,120,136.74
533,121,136.78
533,122,135.53
533,123,136.03
533,124,139.83
533,125,137.4
533,126,135.46
533,127,137.81
533,128,135.35
533,129,137.75
533,130,136.07
533,131,137.9
533,132,136.61
533,133,136.6
533,134,136.07
533,135,135.15
533,136,138.27
533,137,137.92
533,138,138.12
533,139,137.42
533,140,135.95
533,141,137.66
533,142,134.4
533,143,136.63
533,144,135.74
533,145,136.79
533,146,138.53
533,147,134.86
533,148,135.91
533,149,137.19
533,150,136.62
533,151,135.66
533,152,136.69
533,153,134.84
533,154,135.82
533,155,136.81
533,156,135.34
533,157,138.13
533,158,136.79
533,159,135.26
533,160,136.45
533,161,135.91
533,162,136.97
533,163,135.91
533,164,135.64
533,165,134.62
533,166,136.92
533,167,134.8
533,168,137.1
533,169,136.18
533,170,135.99
533,171,135.85
533,172,137.31
533,173,135.6
533,174,137.14
533,175,135.83
533,176,137.79
533,177,136.48
533,178,136.7
533,179,134.17
533,180,136.15
534,1,357.78
534,2,355.21
534,3,353.29
534,4,348.29
534,5,341.63
534,6,335.67
534,7,330.71
534,8,323.86
534,9,318.99
534,10,311.92
534,11,307.77
534,12,301.75
534,13,296.93
534,14,292.08
534,15,286.52
534,16,282.91
534,17,277.61
534,18,271.92
534,19,266.95
534,20,264.68
534,21,258.8
534,22,256.33
534,23,249.89
534,24,245.76999999999998
534,25,242.76999999999998
534,26,238.01999999999998
534,27,235
534,28,230.93
534,29,227.33999999999997
534,30,223.94
534,31,219.16000000000003
534,32,215.93
534,33,211.76999999999998
534,34,208.8
534,35,206.26
534,36,201.37
534,37,199.35000000000002
534,38,196.81
534,39,193.32
534,40,192.11
534,41,188.95
534,42,184.74
534,43,181.94
534,44,178.67000000000002
534,45,178.91000000000003
534,46,173.35000000000002
534,47,171.02999999999997
534,48,170.47000000000003
534,49,168.58999999999997
534,50,165.51999999999998
534,51,165.25
534,52,160.17000000000002
534,53,162.67000000000002
534,54,157.64
534,55,154.43
534,56,155.95
534,57,154.16000000000003
534,58,150.56
534,59,151.55
534,60,149.93
534,61,148.95999999999998
534,62,149.17000000000002
534,63,148.17000000000002
534,64,146.56
534,65,145.28
534,66,146.82999999999998
534,67,144.19
534,68,144.46
534,69,143.59
534,70,140.89
534,71,144.72
534,72,142.32
534,73,142.53
534,74,143.6
534,75,142.43
534,76,144.37
534,77,141.33
534,78,140.02
534,79,142.2
534,80,142.22
534,81,141.32
534,82,139.64
534,83,140.81
534,84,140.3
534,85,140.36
534,86,139.22
534,87,141.43
534,88,139.14
534,89,140.23
534,90,139.91
534,91,140.71
534,92,139.21
534,93,140.42
534,94,139.89
534,95,139.09
534,96,138.62
534,97,137.68
534,98,138.81
534,99,137.1
534,100,138.39
534,101,139.17
534,102,138.75
534,103,138.21
534,104,139.32
534,105,138
534,106,141.99
534,107,138.12
534,108,138.92
534,109,138.57
534,110,136.76
534,111,139.24
534,112,138.63
534,113,138.29
534,114,137.13
534,115,139.35
534,116,138.16
534,117,138.25
534,118,140.99
534,119,138.14
534,120,137.91
534,121,138.11
534,122,137.59
534,123,138.69
534,124,138.44
534,125,137.93
534,126,138.56
534,127,134.88
534,128,138.65
534,129,138.01
534,130,138.55
534,131,138.45
534,132,136.32
534,133,139.16
534,134,137.34
534,135,136.24
534,136,136.46
534,137,136.53
534,138,137.41
534,139,140.36
534,140,136.77
534,141,138.3
534,142,138.24
534,143,137.87
534,144,137.65
534,145,139.22
534,146,138.7
534,147,137.52
534,148,138.91
534,149,137.85
534,150,136.13
534,151,137.91
534,152,140.48
534,153,138.18
534,154,137.83
534,155,138.24
534,156,138.11
534,157,137.56
534,158,137.99
534,159,137.6
534,160,136.25
534,161,138.09
534,162,138.84
534,163,138.02
534,164,136.95
534,165,137.78
534,166,137.84
534,167,137.61
534,168,139.02
534,169,136.93
534,170,140.23
534,171,135.87
534,172,138.01
534,173,137.77
534,174,137.6
534,175,138.32
534,176,137.46
534,177,138.92
534,178,139
534,179,136.29
534,180,137.15
535,1,363.74
535,2,359.39
535,3,356.45
535,4,351.48
535,5,344.34
535,6,338.86
535,7,333.17
535,8,327.43
535,9,322.76
535,10,316.36
535,11,310.57
535,12,304.46
535,13,299.97
535,14,293.72
535,15,289.94
535,16,285.91
535,17,280.67
535,18,275.16
535,19,269.59
535,20,265.94
535,21,261.78
535,22,257.41
535,23,253.55
535,24,249.48000000000002
535,25,246.24
535,26,241.26999999999998
535,27,237.48000000000002
535,28,234.16000000000003
535,29,229.74
535,30,225.32999999999998
535,31,222.11
535,32,218.39
535,33,214.68
535,34,211.26
535,35,208.07
535,36,204.76999999999998
535,37,201.42000000000002
535,38,200.62
535,39,195.13
535,40,193.32
535,41,191.43
535,42,189.26999999999998
535,43,185.25
535,44,182.01999999999998
535,45,181.82
535,46,177.68
535,47,175.32999999999998
535,48,172.29000000000002
535,49,169.52999999999997
535,50,168.88
535,51,167.91000000000003
535,52,164.51
535,53,162.39999999999998
535,54,162.61
535,55,160.20999999999998
535,56,159.68
535,57,156.88
535,58,156.99
535,59,154.48000000000002
535,60,154.48000000000002
535,61,152.01999999999998
535,62,150.26999999999998
535,63,152.68
535,64,149.14
535,65,150
535,66,149.39999999999998
535,67,148.58999999999997
535,68,148.8
535,69,149.33999999999997
535,70,146.43
535,71,145.06
535,72,144.47
535,73,144.84
535,74,145.96
535,75,147.07999999999998
535,76,145.84
535,77,145.64
535,78,145.26
535,79,143.42
535,80,141.96
535,81,142.92
535,82,142.59
535,83,142.84
535,84,143.02
535,85,141.47
535,86,142.57
535,87,140.49
535,88,141.98
535,89,143.24
535,90,144.4
535,91,141.91
535,92,140.92
535,93,142.08
535,94,142.22
535,95,143.72
535,96,141.03
535,97,140.3
535,98,141.36
535,99,140.73
535,100,141.03
535,101,140.45
535,102,139.95
535,103,139.97
535,104,140.98
535,105,140.58
535,106,141.36
535,107,140.26
535,108,140.06
535,109,139.29
535,110,139.09
535,111,139.51
535,112,143.56
535,113,141.64
535,114,140.92
535,115,140.97
535,116,138.33
535,117,139.95
535,118,141.63
535,119,142.13
535,120,137.97
535,121,140.38
535,122,137.9
535,123,140.4
535,124,139.32
535,125,139.51
535,126,140.63
535,127,139.73
535,128,138.75
535,129,138.41
535,130,137.72
535,131,139.41
535,132,140.18
535,133,140.78
535,134,140.48
535,135,139.34
535,136,139.36
535,137,140.58
535,138,140.75
535,139,141.26
535,140,138.39
535,141,138.8
535,142,139.55
535,143,138.74
535,144,138.04
535,145,139.91
535,146,140.34
535,147,140.29
535,148,139.3
535,149,139.05
535,150,139.78
535,151,140.3
535,152,138.99
535,153,137.89
535,154,142.07
535,155,138.78
535,156,140.31
535,157,135.07
535,158,139.42
535,159,139.82
535,160,136.73
535,161,138.85
535,162,139.49
535,163,139.81
535,164,139.01
535,165,138.71
535,166,138.4
535,167,137.87
535,168,140.19
535,169,138.8
535,170,137.08
535,171,137.84
535,172,138.02
535,173,137.29
535,174,139.96
535,175,139.17
535,176,139.74
535,177,138.91
535,178,139.02
535,179,138.8
535,180,141.14
536,1,366.42
536,2,362.31
536,3,359.02
536,4,354.41
536,5,347.76
536,6,340.96
536,7,335.81
536,8,330.31
536,9,324.87
536,10,319.37
536,11,313.88
536,12,308.97
536,13,302.57
536,14,297.94
536,15,293.18
536,16,288.59
536,17,283.53
536,18,278.92
536,19,274.8
536,20,269.34
536,21,265.77
536,22,261
536,23,256.71
536,24,252.7
536,25,248.23000000000002
536,26,246.20999999999998
536,27,240.61
536,28,237.18
536,29,232.79000000000002
536,30,228.77999999999997
536,31,226.39999999999998
536,32,222.31
536,33,219.01999999999998
536,34,214.89
536,35,211.38
536,36,208.13
536,37,207.37
536,38,201.62
536,39,199.58999999999997
536,40,197.45
536,41,193.27999999999997
536,42,190.01999999999998
536,43,186.92000000000002
536,44,185.68
536,45,181.98000000000002
536,46,180.16000000000003
536,47,178.16000000000003
536,48,176.68
536,49,172.7
536,50,172.76
536,51,170.29000000000002
536,52,168.26
536,53,166.13
536,54,164.20999999999998
536,55,164.07
536,56,160.54000000000002
536,57,160.79000000000002
536,58,157.75
536,59,157.44
536,60,157.61
536,61,154.41000000000003
536,62,154.04000000000002
536,63,154.44
536,64,152.26999999999998
536,65,150.64999999999998
536,66,149.76
536,67,152.67000000000002
536,68,149.16000000000003
536,69,149.10000000000002
536,70,148.95999999999998
536,71,148.94
536,72,148.25
536,73,145.67
536,74,148.64999999999998
536,75,148.57999999999998
536,76,146.61
536,77,146.89
536,78,146.67000000000002
536,79,145.42
536,80,146.72000000000003
536,81,147.2
536,82,145.29
536,83,145.5
536,84,144.75
536,85,145.92
536,86,143.73
536,87,143.29
536,88,143.64
536,89,143.84
536,90,144.94
536,91,144.34
536,92,144.91
536,93,142.09
536,94,142.11
536,95,141.58
536,96,142.63
536,97,142.48
536,98,141.7
536,99,142.69
536,100,144.55
536,101,144.14
536,102,143
536,103,144.3
536,104,141.68
536,105,143.88
536,106,140.73
536,107,143.05
536,108,143.11
536,109,142.74
536,110,141.87
536,111,141.74
536,112,143.22
536,113,141.63
536,114,140.32
536,115,141.57
536,116,142.77
536,117,142.09
536,118,142.51
536,119,140.67
536,120,141.44
536,121,140.51
536,122,141.63
536,123,141.9
536,124,138.37
536,125,143.31
536,126,141.14
536,127,141.92
536,128,140.82
536,129,143.85
536,130,141.51
536,131,141.44
536,132,141.67
536,133,142.31
536,134,142.06
536,135,142.86
536,136,141.06
536,137,142.09
536,138,140.39
536,139,140.58
536,140,141.9
536,141,140.12
536,142,140.34
536,143,138.73
536,144,140.99
536,145,139.06
536,146,143.76
536,147,141.16
536,148,140.97
536,149,142.6
536,150,141.51
536,151,141.52
536,152,139.11
536,153,141.24
536,154,141.11
536,155,140.02
536,156,139.76
536,157,140.66
536,158,139.95
536,159,141.2
536,160,140.34
536,161,139.23
536,162,140.36
536,163,139.7
536,164,138.9
536,165,139.32
536,166,139.11
536,167,141.81
536,168,140.86
536,169,138.2
536,170,139.13
536,171,138.15
536,172,139.03
536,173,139.18
536,174,141.43
536,175,138.03
536,176,141.53
536,177,141.05
536,178,140.2
536,179,141.42
536,180,139.46
537,1,369.94
537,2,364.76
537,3,360.57
537,4,356.44
537,5,351.6
537,6,345.79
537,7,339.69
537,8,333.35
537,9,328.01
537,10,321.92
537,11,317.17
537,12,310.96
537,13,306.05
537,14,300.69
537,15,295.85
537,16,292.15
537,17,287.16
537,18,281.73
537,19,277.22
537,20,271.36
537,21,269.37
537,22,264.09
537,23,257.72
537,24,255.51
537,25,252.25
537,26,247.74
537,27,244.55
537,28,239.17000000000002
537,29,236.14999999999998
537,30,232.25
537,31,228.68
537,32,225.51
537,33,221.91000000000003
537,34,218.14999999999998
537,35,215.29000000000002
537,36,212.5
537,37,208.05
537,38,203.88
537,39,200.79000000000002
537,40,199.51
537,41,197.5
537,42,194.14999999999998
537,43,193.36
537,44,188.73000000000002
537,45,185.69
537,46,184.89
537,47,182.11
537,48,178.76999999999998
537,49,178.35000000000002
537,50,175.19
537,51,173.72000000000003
537,52,169.57
537,53,170.44
537,54,168.66000000000003
537,55,164.61
537,56,163.8
537,57,163.68
537,58,161.86
537,59,160.35000000000002
537,60,158.68
537,61,156.52999999999997
537,62,157.89999999999998
537,63,155.62
537,64,157.01
537,65,153.2
537,66,155.94
537,67,152.66000000000003
537,68,152.67000000000002
537,69,151.72000000000003
537,70,152.25
537,71,150.93
537,72,151.95
537,73,151.33999999999997
537,74,149.51
537,75,151
537,76,148.69
537,77,147.25
537,78,147.3
537,79,147.20999999999998
537,80,149.36
537,81,147.01999999999998
537,82,148.05
537,83,147.37
537,84,148.02999999999997
537,85,147.08999999999997
537,86,147.64
537,87,146.86
537,88,148.41000000000003
537,89,145.76
537,90,146.22000000000003
537,91,145.76
537,92,145.87
537,93,149.29000000000002
537,94,147.26
537,95,145.78
537,96,146.26999999999998
537,97,145.8
537,98,146.11
537,99,144.92
537,100,146.02999999999997
537,101,146.07999999999998
537,102,145.16
537,103,143.41
537,104,145.62
537,105,143.91
537,106,143.85
537,107,145.09
537,108,143.16
537,109,144.26
537,110,144.95
537,111,144.57
537,112,143.81
537,113,145.54
537,114,142.54
537,115,143.54
537,116,144.21
537,117,143.25
537,118,141.31
537,119,142.8
537,120,143.59
537,121,143.84
537,122,141.64
537,123,143.93
537,124,141.8
537,125,141.98
537,126,143.89
537,127,143.22
537,128,144.24
537,129,143.11
537,130,143.73
537,131,141.36
537,132,142.12
537,133,142.11
537,134,142.29
537,135,143.91
537,136,144.72
537,137,143.49
537,138,143.86
537,139,141.95
537,140,142.26
537,141,141.18
537,142,141.81
537,143,141.71
537,144,141.64
537,145,142.6
537,146,140.31
537,147,141.31
537,148,143.63
537,149,143.04
537,150,142.81
537,151,140.7
537,152,142.91
537,153,144.33
537,154,142.38
537,155,141.42
537,156,140.17
537,157,140.47
537,158,141.69
537,159,142.87
537,160,140.56
537,161,140.01
537,162,139.72
537,163,141.91
537,164,141.56
537,165,141.84
537,166,142.31
537,167,141.14
537,168,140.89
537,169,141.58
537,170,142.97
537,171,141.47
537,172,143.56
537,173,141.25
537,174,142.58
537,175,140.39
537,176,140.91
537,177,139.4
537,178,141.57
537,179,141.59
537,180,141.23
538,1,372
538,2,369.25
538,3,364.66
538,4,359.44
538,5,353.66
538,6,349.04
538,7,341.77
538,8,336.65
538,9,331.3
538,10,325.03
538,11,319.12
538,12,315.03
538,13,309.09
538,14,304.94
538,15,298.07
538,16,292.95
538,17,288.96
538,18,284.63
538,19,280.17
538,20,275.24
538,21,270.87
538,22,266.51
538,23,263.08
538,24,256.84
538,25,254.79000000000002
538,26,250.14
538,27,247.17000000000002
538,28,241.5
538,29,238.93
538,30,235.24
538,31,231.83999999999997
538,32,227.63
538,33,224.08999999999997
538,34,222.45
538,35,218.36
538,36,215.10000000000002
538,37,211.01999999999998
538,38,209.42000000000002
538,39,204.83999999999997
538,40,201.10000000000002
538,41,198.94
538,42,196.83999999999997
538,43,194.95
538,44,193.5
538,45,188.94
538,46,187.82
538,47,184.8
538,48,182
538,49,179.13
538,50,178.87
538,51,176.57
538,52,175.76999999999998
538,53,171.98000000000002
538,54,169.57
538,55,169.89999999999998
538,56,167.89
538,57,167.3
538,58,164.55
538,59,163.62
538,60,160.48000000000002
538,61,161.08999999999997
538,62,160.5
538,63,160.39
538,64,158.5
538,65,157.68
538,66,157.85000000000002
538,67,155.63
538,68,156.66000000000003
538,69,156.36
538,70,154.81
538,71,153.29000000000002
538,72,153.89
538,73,153.32
538,74,151.70999999999998
538,75,153.17000000000002
538,76,152.85000000000002
538,77,152.26
538,78,152.33999999999997
538,79,149.77999999999997
538,80,150.07
538,81,151.25
538,82,152.12
538,83,150.3
538,84,150.07999999999998
538,85,150.39999999999998
538,86,147.75
538,87,151.32
538,88,148.8
538,89,148.57
538,90,148.61
538,91,148.45
538,92,150.33999999999997
538,93,147.05
538,94,146.91000000000003
538,95,147.39999999999998
538,96,147.64999999999998
538,97,147.07
538,98,146.25
538,99,147.43
538,100,147.07
538,101,145.77
538,102,144.78
538,103,147.01
538,104,145.86
538,105,147.69
538,106,146.29000000000002
538,107,145.7
538,108,146.77999999999997
538,109,147.26999999999998
538,110,145.51
538,111,147.54000000000002
538,112,146.88
538,113,145.24
538,114,145.47
538,115,146.35000000000002
538,116,144.46
538,117,144.97
538,118,147.13
538,119,144.24
538,120,146.39999999999998
538,121,143.93
538,122,146.89
538,123,143.9
538,124,143.92
538,125,143.5
538,126,142.19
538,127,142.14
538,128,144.31
538,129,141.6
538,130,142.81
538,131,143.72
538,132,143.77
538,133,143.96
538,134,144.73
538,135,142.68
538,136,143.86
538,137,143.17
538,138,143.32
538,139,143.86
538,140,144.9
538,141,142.7
538,142,142.19
538,143,143.66
538,144,144.83
538,145,143.1
538,146,141.21
538,147,144.06
538,148,143.58
538,149,142.05
538,150,143.98
538,151,143.59
538,152,142.21
538,153,147.25
538,154,143.56
538,155,142.78
538,156,142.61
538,157,143.37
538,158,143.95
538,159,144.15
538,160,140.9
538,161,142.51
538,162,143.77
538,163,143.04
538,164,142.57
538,165,144.09
538,166,141.23
538,167,141.94
538,168,142.87
538,169,141.57
538,170,142.4
538,171,141.62
538,172,142.29
538,173,143.15
538,174,143.95
538,175,143.84
538,176,145.72
538,177,144.21
538,178,142.53
538,179,140.15
538,180,143.13
539,1,374.12
539,2,370.99
539,3,366.62
539,4,361.66
539,5,357.25
539,6,350.63
539,7,344.94
539,8,339.95
539,9,333.02
539,10,327.97
539,11,323.29
539,12,316.71
539,13,312.45
539,14,307.65
539,15,301.58
539,16,297.27
539,17,292.53
539,18,288.25
539,19,282.4
539,20,279.29
539,21,274.27
539,22,269.14
539,23,265.79
539,24,262.23
539,25,258.17
539,26,253
539,27,249.76999999999998
539,28,246.35000000000002
539,29,242.66000000000003
539,30,239.73000000000002
539,31,233.72000000000003
539,32,231.37
539,33,226.83999999999997
539,34,225.58999999999997
539,35,220.82
539,36,220.26999999999998
539,37,214.33999999999997
539,38,213.18
539,39,209.97000000000003
539,40,206.76999999999998
539,41,201.04000000000002
539,42,200.5
539,43,198.12
539,44,195.47000000000003
539,45,193.56
539,46,190.02999999999997
539,47,188.37
539,48,187.05
539,49,182.29000000000002
539,50,183.36
539,51,178.32
539,52,177.74
539,53,175.8
539,54,172.98000000000002
539,55,171.57
539,56,169.85000000000002
539,57,169.11
539,58,167.81
539,59,166.5
539,60,164.31
539,61,163.7
539,62,163.08999999999997
539,63,162.91000000000003
539,64,161.27999999999997
539,65,159.14999999999998
539,66,158.56
539,67,158.14
539,68,160.70999999999998
539,69,156.22000000000003
539,70,155.07
539,71,155.70999999999998
539,72,156.22000000000003
539,73,156.8
539,74,156.20999999999998
539,75,156.38
539,76,153.33999999999997
539,77,153.39999999999998
539,78,155.72000000000003
539,79,154.27999999999997
539,80,152.2
539,81,153.26999999999998
539,82,152.54000000000002
539,83,153.22000000000003
539,84,150.39
539,85,152.05
539,86,151.39999999999998
539,87,151.86
539,88,152.69
539,89,150.32
539,90,148.62
539,91,152.51999999999998
539,92,149.35000000000002
539,93,151.3
539,94,149.86
539,95,150.57999999999998
539,96,149.64999999999998
539,97,147.26
539,98,148.86
539,99,149.47000000000003
539,100,147.92000000000002
539,101,149.14
539,102,148.16000000000003
539,103,150.07
539,104,150.99
539,105,149.76
539,106,147.64999999999998
539,107,149.36
539,108,147.89
539,109,145.46
539,110,147.95
539,111,148.77999999999997
539,112,146.63
539,113,146.01
539,114,145.41
539,115,147.14999999999998
539,116,147.82999999999998
539,117,145.74
539,118,146.26999999999998
539,119,143.95
539,120,145.33
539,121,148.19
539,122,147.36
539,123,146.56
539,124,144.13
539,125,146.45
539,126,147.32
539,127,146.41000000000003
539,128,146.93
539,129,147.45999999999998
539,130,144.98
539,131,145.84
539,132,144.57
539,133,145.16
539,134,146.74
539,135,143.77
539,136,146.81
539,137,145.37
539,138,145.41
539,139,142.47
539,140,145.59
539,141,145.63
539,142,144.6
539,143,144.7
539,144,144.02
539,145,142.47
539,146,144.11
539,147,143.73
539,148,144.9
539,149,143.57
539,150,145.37
539,151,147.04000000000002
539,152,143.8
539,153,143.16
539,154,144.77
539,155,143.73
539,156,143.17
539,157,144.81
539,158,144.4
539,159,143.88
539,160,146.11
539,161,145.31
539,162,144.96
539,163,142.67
539,164,143.53
539,165,140.39
539,166,142.97
539,167,145.25
539,168,144.32
539,169,143.73
539,170,143.74
539,171,144.14
539,172,144.21
539,173,142.69
539,174,143.2
539,175,144.84
539,176,143.45
539,177,143.39
539,178,147.64999999999998
539,179,145.23
539,180,141.03
